Workbook
Name ddgdghbfgdxf: #REF!
Name _EEE32: #REF!
Name B.2.14: #REF!
Name _MMM48: #REF!
Name _______new8: #REF!
Name _CTK5: #REF!
Name sts: #REF!
Name _2__123Graph_XCHART_1A: #REF!
Name Range3: #REF!
Name _LLL05: #REF!
Name GHI: #REF!
Name lumas: #REF!
Name b15.45: #REF!
Name _1: #REF!
Name _MMM07: #REF!
Name FORM917: #REF!
Name KOEF: #REF!
Name vvv: #REF!
Name Contractor: #REF!
Name URAIAN542: #REF!
Name Analisa101D: #REF!
Name asdAS: #REF!
Name wewe: #REF!
Name display_area_2: #REF!
Name __123Graph_ACHART1: #REF!
Name ne: #REF!
Name _EEE24: #REF!
Name cxvcxzcvz: #REF!
Name _Parse_In: #REF!
Name BGG: #REF!
Name _EEE09: #REF!
Name _EEE14: #REF!
Name __new8: #REF!
Name dldl160: #REF!
Name dw: #REF!
Name _MMM36: #REF!
Name _EEE08: #REF!
Name FORM331: #REF!
Name __123Graph_A: #REF!
Name FORM322: #REF!
Name _2: #REF!
Name SDD: #REF!
Name _MMM35: #REF!
Name DELG2: #REF!
Name _EEE12: #REF!
Name bronjong4: #REF!
Name valuation: #REF!
Name _MMM42: #REF!
Name jndfhnszlfbs: #REF!
Name tbl_ProdInfo: #REF!
Name hgfhgrtdghtrdhg: #REF!
Name MATERIAL: #REF!
Name EDF: #REF!
Name _EEE33: #REF!
Name SpecialPrice: #REF!
Name URAIAN522: #REF!
Name _EEE04: #REF!
Name _EEE15: #REF!
Name b15.40: #REF!
Name FORM542: #REF!

Sheet Summary
L2: Data date as of | N2: 46150
A4: P25045 - ACRES BW Progress Status (Element pc wise)
A5: Zone | B5: Villa | C5: Reqd.Qty | D5: Issued Qty | E5: Cast Qty | F5: Remain to Cast Qty | G5: %Cast | H5: Deliver Qty | I5: Remain to Deliver Qty | J5: %Del | K5: Factory stock | L5: Install Qty | M5: Remain to Install | N5: %Install | O5: Remarks | P5: Balance to issue
A6: J1B | B6: J123 | C6: 22 | D6: =SUMIFS('Element wise-detail Summary'!$F$3:$F$1048576,'Element wise-detail Summary'!$B$3:$B$1048576,Summary!$A6,'Element wise-detail Summary'!$C$3:$C$1048576,Summary!B6) -> 22 | E6: =SUMIFS('Element wise-detail Summary'!$G$3:$G$1048576,'Element wise-detail Summary'!$B$3:$B$1048576,Summary!$A6,'Element wise-detail Summary'!$C$3:$C$1048576,Summary!B6) -> 22 | F6: =D6-E6 -> 0 | G6: =E6/C6 -> 100% | H6: =SUMIFS('Element wise-detail Summary'!$I$3:$I$1048576,'Element wise-detail Summary'!$B$3:$B$1048576,A6,'Element wise-detail Summary'!$C$3:$C$1048576,B6) -> 22 | I6: =D6-H6 -> 0 | J6: =H6/C6 -> 100% | K6: =E6-H6 -> 0 | L6: =SUMIFS('Element wise-detail Summary'!$M$3:$M$1048576,'Element wise-detail Summary'!$B$3:$B$1048576,A6,'Element wise-detail Summary'!$C$3:$C$1048576,B6) -> 22 | M6: =D6-L6 -> 0 | N6: =L6/C6 -> 100% | O6: MOCKUP -65 NOS | P6: =+C6-D6 -> 0
A7: J1B | B7: J124 | C7: 22 | D7: =SUMIFS('Element wise-detail Summary'!$F$3:$F$1048576,'Element wise-detail Summary'!$B$3:$B$1048576,Summary!$A7,'Element wise-detail Summary'!$C$3:$C$1048576,Summary!B7) -> 22 | E7: =SUMIFS('Element wise-detail Summary'!$G$3:$G$1048576,'Element wise-detail Summary'!$B$3:$B$1048576,Summary!$A7,'Element wise-detail Summary'!$C$3:$C$1048576,Summary!B7) -> 22 | F7: =D7-E7 -> 0 | G7: =E7/C7 -> 100% | H7: =SUMIFS('Element wise-detail Summary'!$I$3:$I$1048576,'Element wise-detail Summary'!$B$3:$B$1048576,A7,'Element wise-detail Summary'!$C$3:$C$1048576,B7) -> 22 | I7: =D7-H7 -> 0 | J7: =H7/C7 -> 100% | K7: =E7-H7 -> 0 | L7: =SUMIFS('Element wise-detail Summary'!$M$3:$M$1048576,'Element wise-detail Summary'!$B$3:$B$1048576,A7,'Element wise-detail Summary'!$C$3:$C$1048576,B7) -> 22 | M7: =D7-L7 -> 0 | N7: =L7/C7 -> 100% | P7: =+C7-D7 -> 0
A8: J1B | B8: J125 | C8: 21 | D8: =SUMIFS('Element wise-detail Summary'!$F$3:$F$1048576,'Element wise-detail Summary'!$B$3:$B$1048576,Summary!$A8,'Element wise-detail Summary'!$C$3:$C$1048576,Summary!B8) -> 21 | E8: =SUMIFS('Element wise-detail Summary'!$G$3:$G$1048576,'Element wise-detail Summary'!$B$3:$B$1048576,Summary!$A8,'Element wise-detail Summary'!$C$3:$C$1048576,Summary!B8) -> 21 | F8: =D8-E8 -> 0 | G8: =E8/C8 -> 100% | H8: =SUMIFS('Element wise-detail Summary'!$I$3:$I$1048576,'Element wise-detail Summary'!$B$3:$B$1048576,A8,'Element wise-detail Summary'!$C$3:$C$1048576,B8) -> 21 | I8: =D8-H8 -> 0 | J8: =H8/C8 -> 100% | K8: =E8-H8 -> 0 | L8: =SUMIFS('Element wise-detail Summary'!$M$3:$M$1048576,'Element wise-detail Summary'!$B$3:$B$1048576,A8,'Element wise-detail Summary'!$C$3:$C$1048576,B8) -> 21 | M8: =D8-L8 -> 0 | N8: =L8/C8 -> 100% | P8: =+C8-D8 -> 0
A9: J1B | B9: MOCKUP | C9: =SUM(C6:C8) -> 65 | D9: =SUM(D6:D8) -> 65 | E9: =SUM(E6:E8) -> 65 | F9: =SUM(F6:F8) -> 0 | G9: =E9/C9 -> 100% | H9: =SUM(H6:H8) -> 65 | I9: =SUM(I6:I8) -> 0 | J9: =H9/C9 -> 100% | K9: =SUM(K6:K8) -> 0 | L9: =SUM(L6:L8) -> 65 | M9: =SUM(M6:M8) -> 0 | N9: =L9/C9 -> 100% | P9: =+C9-D9 -> 0
P10: =+C10-D10 -> 0
A11: J1B | B11: J126 | C11: 17 | D11: =SUMIFS('Element wise-detail Summary'!$F$3:$F$1048576,'Element wise-detail Summary'!$B$3:$B$1048576,Summary!$A11,'Element wise-detail Summary'!$C$3:$C$1048576,Summary!B11) -> 17 | E11: =SUMIFS('Element wise-detail Summary'!$G$3:$G$1048576,'Element wise-detail Summary'!$B$3:$B$1048576,Summary!$A11,'Element wise-detail Summary'!$C$3:$C$1048576,Summary!B11) -> 17 | F11: =D11-E11 -> 0 | G11: =E11/C11 -> 100% | H11: =SUMIFS('Element wise-detail Summary'!$I$3:$I$1048576,'Element wise-detail Summary'!$B$3:$B$1048576,A11,'Element wise-detail Summary'!$C$3:$C$1048576,B11) -> 11 | I11: =D11-H11 -> 6 | J11: =H11/C11 -> 65% | K11: =E11-H11 -> 6 | L11: =SUMIFS('Element wise-detail Summary'!$M$3:$M$1048576,'Element wise-detail Summary'!$B$3:$B$1048576,A11,'Element wise-detail Summary'!$C$3:$C$1048576,B11) -> 7 | M11: =D11-L11 -> 10 | N11: =L11/C11 -> 41% | P11: =+C11-D11 -> 0 | Q11: =_xlfn.MAXIFS([1]Details!$B:$B,[1]Details!$G:$G,B11) -> #ERROR!
A12: J1B | B12: J127 | C12: 17 | D12: =SUMIFS('Element wise-detail Summary'!$F$3:$F$1048576,'Element wise-detail Summary'!$B$3:$B$1048576,Summary!$A12,'Element wise-detail Summary'!$C$3:$C$1048576,Summary!B12) -> 17 | E12: =SUMIFS('Element wise-detail Summary'!$G$3:$G$1048576,'Element wise-detail Summary'!$B$3:$B$1048576,Summary!$A12,'Element wise-detail Summary'!$C$3:$C$1048576,Summary!B12) -> 17 | F12: =D12-E12 -> 0 | G12: =E12/C12 -> 100% | H12: =SUMIFS('Element wise-detail Summary'!$I$3:$I$1048576,'Element wise-detail Summary'!$B$3:$B$1048576,A12,'Element wise-detail Summary'!$C$3:$C$1048576,B12) -> 9 | I12: =D12-H12 -> 8 | J12: =H12/C12 -> 53% | K12: =E12-H12 -> 8 | L12: =SUMIFS('Element wise-detail Summary'!$M$3:$M$1048576,'Element wise-detail Summary'!$B$3:$B$1048576,A12,'Element wise-detail Summary'!$C$3:$C$1048576,B12) -> 5 | M12: =D12-L12 -> 12 | N12: =L12/C12 -> 29% | P12: =+C12-D12 -> 0 | Q12: =_xlfn.MAXIFS([1]Details!$B:$B,[1]Details!$G:$G,B12) -> #ERROR!
A13: J1B | B13: J128 | C13: 17 | D13: =SUMIFS('Element wise-detail Summary'!$F$3:$F$1048576,'Element wise-detail Summary'!$B$3:$B$1048576,Summary!$A13,'Element wise-detail Summary'!$C$3:$C$1048576,Summary!B13) -> 17 | E13: =SUMIFS('Element wise-detail Summary'!$G$3:$G$1048576,'Element wise-detail Summary'!$B$3:$B$1048576,Summary!$A13,'Element wise-detail Summary'!$C$3:$C$1048576,Summary!B13) -> 17 | F13: =D13-E13 -> 0 | G13: =E13/C13 -> 100% | H13: =SUMIFS('Element wise-detail Summary'!$I$3:$I$1048576,'Element wise-detail Summary'!$B$3:$B$1048576,A13,'Element wise-detail Summary'!$C$3:$C$1048576,B13) -> 11 | I13: =D13-H13 -> 6 | J13: =H13/C13 -> 65% | K13: =E13-H13 -> 6 | L13: =SUMIFS('Element wise-detail Summary'!$M$3:$M$1048576,'Element wise-detail Summary'!$B$3:$B$1048576,A13,'Element wise-detail Summary'!$C$3:$C$1048576,B13) -> 5 | M13: =D13-L13 -> 12 | N13: =L13/C13 -> 29% | O13: 4 nos EXT | P13: =+C13-D13 -> 0 | Q13: =_xlfn.MAXIFS([1]Details!$B:$B,[1]Details!$G:$G,B13) -> #ERROR!
A14: J1B | B14: J129 | C14: 17 | D14: =SUMIFS('Element wise-detail Summary'!$F$3:$F$1048576,'Element wise-detail Summary'!$B$3:$B$1048576,Summary!$A14,'Element wise-detail Summary'!$C$3:$C$1048576,Summary!B14) -> 17 | E14: =SUMIFS('Element wise-detail Summary'!$G$3:$G$1048576,'Element wise-detail Summary'!$B$3:$B$1048576,Summary!$A14,'Element wise-detail Summary'!$C$3:$C$1048576,Summary!B14) -> 13 | F14: =D14-E14 -> 4 | G14: =E14/C14 -> 76% | H14: =SUMIFS('Element wise-detail Summary'!$I$3:$I$1048576,'Element wise-detail Summary'!$B$3:$B$1048576,A14,'Element wise-detail Summary'!$C$3:$C$1048576,B14) -> 10 | I14: =D14-H14 -> 7 | J14: =H14/C14 -> 59% | K14: =E14-H14 -> 3 | L14: =SUMIFS('Element wise-detail Summary'!$M$3:$M$1048576,'Element wise-detail Summary'!$B$3:$B$1048576,A14,'Element wise-detail Summary'!$C$3:$C$1048576,B14) -> 5 | M14: =D14-L14 -> 12 | N14: =L14/C14 -> 29% | O14: 4 nos EXT | P14: =+C14-D14 -> 0 | Q14: =_xlfn.MAXIFS([1]Details!$B:$B,[1]Details!$G:$G,B14) -> #ERROR!
A15: J1B | B15: J130 | C15: 17 | D15: =SUMIFS('Element wise-detail Summary'!$F$3:$F$1048576,'Element wise-detail Summary'!$B$3:$B$1048576,Summary!$A15,'Element wise-detail Summary'!$C$3:$C$1048576,Summary!B15) -> 17 | E15: =SUMIFS('Element wise-detail Summary'!$G$3:$G$1048576,'Element wise-detail Summary'!$B$3:$B$1048576,Summary!$A15,'Element wise-detail Summary'!$C$3:$C$1048576,Summary!B15) -> 13 | F15: =D15-E15 -> 4 | G15: =E15/C15 -> 76% | H15: =SUMIFS('Element wise-detail Summary'!$I$3:$I$1048576,'Element wise-detail Summary'!$B$3:$B$1048576,A15,'Element wise-detail Summary'!$C$3:$C$1048576,B15) -> 11 | I15: =D15-H15 -> 6 | J15: =H15/C15 -> 65% | K15: =E15-H15 -> 2 | L15: =SUMIFS('Element wise-detail Summary'!$M$3:$M$1048576,'Element wise-detail Summary'!$B$3:$B$1048576,A15,'Element wise-detail Summary'!$C$3:$C$1048576,B15) -> 10 | M15: =D15-L15 -> 7 | N15: =L15/C15 -> 59% | O15: 4 nos EXT | P15: =+C15-D15 -> 0 | Q15: =_xlfn.MAXIFS([1]Details!$B:$B,[1]Details!$G:$G,B15) -> #ERROR!
A16: J1B | B16: J131 | C16: 17 | D16: =SUMIFS('Element wise-detail Summary'!$F$3:$F$1048576,'Element wise-detail Summary'!$B$3:$B$1048576,Summary!$A16,'Element wise-detail Summary'!$C$3:$C$1048576,Summary!B16) -> 17 | E16: =SUMIFS('Element wise-detail Summary'!$G$3:$G$1048576,'Element wise-detail Summary'!$B$3:$B$1048576,Summary!$A16,'Element wise-detail Summary'!$C$3:$C$1048576,Summary!B16) -> 13 | F16: =D16-E16 -> 4 | G16: =E16/C16 -> 76% | H16: =SUMIFS('Element wise-detail Summary'!$I$3:$I$1048576,'Element wise-detail Summary'!$B$3:$B$1048576,A16,'Element wise-detail Summary'!$C$3:$C$1048576,B16) -> 11 | I16: =D16-H16 -> 6 | J16: =H16/C16 -> 65% | K16: =E16-H16 -> 2 | L16: =SUMIFS('Element wise-detail Summary'!$M$3:$M$1048576,'Element wise-detail Summary'!$B$3:$B$1048576,A16,'Element wise-detail Summary'!$C$3:$C$1048576,B16) -> 9 | M16: =D16-L16 -> 8 | N16: =L16/C16 -> 53% | O16: 4 nos EXT | P16: =+C16-D16 -> 0 | Q16: =_xlfn.MAXIFS([1]Details!$B:$B,[1]Details!$G:$G,B16) -> #ERROR!
A17: J1B | B17: J132 | C17: 22 | D17: =SUMIFS('Element wise-detail Summary'!$F$3:$F$1048576,'Element wise-detail Summary'!$B$3:$B$1048576,Summary!$A17,'Element wise-detail Summary'!$C$3:$C$1048576,Summary!B17) -> 22 | E17: =SUMIFS('Element wise-detail Summary'!$G$3:$G$1048576,'Element wise-detail Summary'!$B$3:$B$1048576,Summary!$A17,'Element wise-detail Summary'!$C$3:$C$1048576,Summary!B17) -> 14 | F17: =D17-E17 -> 8 | G17: =E17/C17 -> 64% | H17: =SUMIFS('Element wise-detail Summary'!$I$3:$I$1048576,'Element wise-detail Summary'!$B$3:$B$1048576,A17,'Element wise-detail Summary'!$C$3:$C$1048576,B17) -> 12 | I17: =D17-H17 -> 10 | J17: =H17/C17 -> 55% | K17: =E17-H17 -> 2 | L17: =SUMIFS('Element wise-detail Summary'!$M$3:$M$1048576,'Element wise-detail Summary'!$B$3:$B$1048576,A17,'Element wise-detail Summary'!$C$3:$C$1048576,B17) -> 12 | M17: =D17-L17 -> 10 | N17: =L17/C17 -> 55% | O17: 8 nos EXT | P17: =+C17-D17 -> 0 | Q17: =_xlfn.MAXIFS([1]Details!$B:$B,[1]Details!$G:$G,B17) -> #ERROR!
A18: J1B | B18: J133 | C18: 21 | D18: =SUMIFS('Element wise-detail Summary'!$F$3:$F$1048576,'Element wise-detail Summary'!$B$3:$B$1048576,Summary!$A18,'Element wise-detail Summary'!$C$3:$C$1048576,Summary!B18) -> 21 | E18: =SUMIFS('Element wise-detail Summary'!$G$3:$G$1048576,'Element wise-detail Summary'!$B$3:$B$1048576,Summary!$A18,'Element wise-detail Summary'!$C$3:$C$1048576,Summary!B18) -> 21 | F18: =D18-E18 -> 0 | G18: =E18/C18 -> 100% | H18: =SUMIFS('Element wise-detail Summary'!$I$3:$I$1048576,'Element wise-detail Summary'!$B$3:$B$1048576,A18,'Element wise-detail Summary'!$C$3:$C$1048576,B18) -> 11 | I18: =D18-H18 -> 10 | J18: =H18/C18 -> 52% | K18: =E18-H18 -> 10 | L18: =SUMIFS('Element wise-detail Summary'!$M$3:$M$1048576,'Element wise-detail Summary'!$B$3:$B$1048576,A18,'Element wise-detail Summary'!$C$3:$C$1048576,B18) -> 10 | M18: =D18-L18 -> 11 | N18: =L18/C18 -> 48% | P18: =+C18-D18 -> 0 | Q18: =_xlfn.MAXIFS([1]Details!$B:$B,[1]Details!$G:$G,B18) -> #ERROR!
A19: J1B | B19: =COUNTA(B11:B18) & " NOS" -> 8 NOS | C19: =SUM(C11:C18) -> 145 | D19: =SUM(D11:D18) -> 145 | E19: =SUM(E11:E18) -> 125 | F19: =SUM(F11:F18) -> 20 | G19: =E19/C19 -> 86% | H19: =SUM(H11:H18) -> 86 | I19: =SUM(I11:I18) -> 59 | J19: =H19/C19 -> 59% | K19: =SUM(K11:K18) -> 39 | L19: =SUM(L11:L18) -> 63 | M19: =D19-L19 -> 82 | N19: =L19/C19 -> 43% | P19: =+C19-D19 -> 0
P20: =+C20-D20 -> 0
A21: J1A | B21: J116 | C21: 21 | D21: =SUMIFS('Element wise-detail Summary'!$F$3:$F$1048576,'Element wise-detail Summary'!$B$3:$B$1048576,Summary!$A21,'Element wise-detail Summary'!$C$3:$C$1048576,Summary!B21) -> 21 | E21: =SUMIFS('Element wise-detail Summary'!$G$3:$G$1048576,'Element wise-detail Summary'!$B$3:$B$1048576,Summary!$A21,'Element wise-detail Summary'!$C$3:$C$1048576,Summary!B21) -> 17 | F21: =D21-E21 -> 4 | G21: =E21/C21 -> 81% | H21: =SUMIFS('Element wise-detail Summary'!$I$3:$I$1048576,'Element wise-detail Summary'!$B$3:$B$1048576,A21,'Element wise-detail Summary'!$C$3:$C$1048576,B21) -> 5 | I21: =D21-H21 -> 16 | J21: =H21/C21 -> 24% | K21: =E21-H21 -> 12 | L21: =SUMIFS('Element wise-detail Summary'!$M$3:$M$1048576,'Element wise-detail Summary'!$B$3:$B$1048576,A21,'Element wise-detail Summary'!$C$3:$C$1048576,B21) -> 4 | M21: =D21-L21 -> 17 | N21: =L21/C21 -> 19% | O21: 5 nos EXT | P21: =+C21-D21 -> 0 | Q21: =_xlfn.MAXIFS([1]Details!$B:$B,[1]Details!$G:$G,B21) -> #ERROR!
A22: J1A | B22: J117 | C22: 28 | D22: =SUMIFS('Element wise-detail Summary'!$F$3:$F$1048576,'Element wise-detail Summary'!$B$3:$B$1048576,Summary!$A22,'Element wise-detail Summary'!$C$3:$C$1048576,Summary!B22) -> 28 | E22: =SUMIFS('Element wise-detail Summary'!$G$3:$G$1048576,'Element wise-detail Summary'!$B$3:$B$1048576,Summary!$A22,'Element wise-detail Summary'!$C$3:$C$1048576,Summary!B22) -> 27 | F22: =D22-E22 -> 1 | G22: =E22/C22 -> 96% | H22: =SUMIFS('Element wise-detail Summary'!$I$3:$I$1048576,'Element wise-detail Summary'!$B$3:$B$1048576,A22,'Element wise-detail Summary'!$C$3:$C$1048576,B22) -> 6 | I22: =D22-H22 -> 22 | J22: =H22/C22 -> 21% | K22: =E22-H22 -> 21 | L22: =SUMIFS('Element wise-detail Summary'!$M$3:$M$1048576,'Element wise-detail Summary'!$B$3:$B$1048576,A22,'Element wise-detail Summary'!$C$3:$C$1048576,B22) -> 3 | M22: =D22-L22 -> 25 | N22: =L22/C22 -> 11% | O22: 13 no EXT | P22: =+C22-D22 -> 0 | Q22: =_xlfn.MAXIFS([1]Details!$B:$B,[1]Details!$G:$G,B22) -> #ERROR!
A23: J1A | B23: J118 | C23: 28 | D23: =SUMIFS('Element wise-detail Summary'!$F$3:$F$1048576,'Element wise-detail Summary'!$B$3:$B$1048576,Summary!$A23,'Element wise-detail Summary'!$C$3:$C$1048576,Summary!B23) -> 28 | E23: =SUMIFS('Element wise-detail Summary'!$G$3:$G$1048576,'Element wise-detail Summary'!$B$3:$B$1048576,Summary!$A23,'Element wise-detail Summary'!$C$3:$C$1048576,Summary!B23) -> 28 | F23: =D23-E23 -> 0 | G23: =E23/C23 -> 100% | H23: =SUMIFS('Element wise-detail Summary'!$I$3:$I$1048576,'Element wise-detail Summary'!$B$3:$B$1048576,A23,'Element wise-detail Summary'!$C$3:$C$1048576,B23) -> 8 | I23: =D23-H23 -> 20 | J23: =H23/C23 -> 29% | K23: =E23-H23 -> 20 | L23: =SUMIFS('Element wise-detail Summary'!$M$3:$M$1048576,'Element wise-detail Summary'!$B$3:$B$1048576,A23,'Element wise-detail Summary'!$C$3:$C$1048576,B23) -> 7 | M23: =D23-L23 -> 21 | N23: =L23/C23 -> 25% | O23: 13 no EXT | P23: =+C23-D23 -> 0 | Q23: =_xlfn.MAXIFS([1]Details!$B:$B,[1]Details!$G:$G,B23) -> #ERROR!
A24: J1A | B24: J119 | C24: 25 | D24: =SUMIFS('Element wise-detail Summary'!$F$3:$F$1048576,'Element wise-detail Summary'!$B$3:$B$1048576,Summary!$A24,'Element wise-detail Summary'!$C$3:$C$1048576,Summary!B24) -> 25 | E24: =SUMIFS('Element wise-detail Summary'!$G$3:$G$1048576,'Element wise-detail Summary'!$B$3:$B$1048576,Summary!$A24,'Element wise-detail Summary'!$C$3:$C$1048576,Summary!B24) -> 17 | F24: =D24-E24 -> 8 | G24: =E24/C24 -> 68% | H24: =SUMIFS('Element wise-detail Summary'!$I$3:$I$1048576,'Element wise-detail Summary'!$B$3:$B$1048576,A24,'Element wise-detail Summary'!$C$3:$C$1048576,B24) -> 10 | I24: =D24-H24 -> 15 | J24: =H24/C24 -> 40% | K24: =E24-H24 -> 7 | L24: =SUMIFS('Element wise-detail Summary'!$M$3:$M$1048576,'Element wise-detail Summary'!$B$3:$B$1048576,A24,'Element wise-detail Summary'!$C$3:$C$1048576,B24) -> 6 | M24: =D24-L24 -> 19 | N24: =L24/C24 -> 24% | O24: 8 nos EXT | P24: =+C24-D24 -> 0 | Q24: =_xlfn.MAXIFS([1]Details!$B:$B,[1]Details!$G:$G,B24) -> #ERROR!
A25: J1A | B25: J120 | C25: 21 | D25: =SUMIFS('Element wise-detail Summary'!$F$3:$F$1048576,'Element wise-detail Summary'!$B$3:$B$1048576,Summary!$A25,'Element wise-detail Summary'!$C$3:$C$1048576,Summary!B25) -> 21 | E25: =SUMIFS('Element wise-detail Summary'!$G$3:$G$1048576,'Element wise-detail Summary'!$B$3:$B$1048576,Summary!$A25,'Element wise-detail Summary'!$C$3:$C$1048576,Summary!B25) -> 18 | F25: =D25-E25 -> 3 | G25: =E25/C25 -> 86% | H25: =SUMIFS('Element wise-detail Summary'!$I$3:$I$1048576,'Element wise-detail Summary'!$B$3:$B$1048576,A25,'Element wise-detail Summary'!$C$3:$C$1048576,B25) -> 9 | I25: =D25-H25 -> 12 | J25: =H25/C25 -> 43% | K25: =E25-H25 -> 9 | L25: =SUMIFS('Element wise-detail Summary'!$M$3:$M$1048576,'Element wise-detail Summary'!$B$3:$B$1048576,A25,'Element wise-detail Summary'!$C$3:$C$1048576,B25) -> 6 | M25: =D25-L25 -> 15 | N25: =L25/C25 -> 29% | O25: 5 nos EXT | P25: =+C25-D25 -> 0 | Q25: =_xlfn.MAXIFS([1]Details!$B:$B,[1]Details!$G:$G,B25) -> #ERROR!
A26: J1A | B26: J121 | C26: 20 | D26: =SUMIFS('Element wise-detail Summary'!$F$3:$F$1048576,'Element wise-detail Summary'!$B$3:$B$1048576,Summary!$A26,'Element wise-detail Summary'!$C$3:$C$1048576,Summary!B26) -> 20 | E26: =SUMIFS('Element wise-detail Summary'!$G$3:$G$1048576,'Element wise-detail Summary'!$B$3:$B$1048576,Summary!$A26,'Element wise-detail Summary'!$C$3:$C$1048576,Summary!B26) -> 20 | F26: =D26-E26 -> 0 | G26: =E26/C26 -> 100% | H26: =SUMIFS('Element wise-detail Summary'!$I$3:$I$1048576,'Element wise-detail Summary'!$B$3:$B$1048576,A26,'Element wise-detail Summary'!$C$3:$C$1048576,B26) -> 10 | I26: =D26-H26 -> 10 | J26: =H26/C26 -> 50% | K26: =E26-H26 -> 10 | L26: =SUMIFS('Element wise-detail Summary'!$M$3:$M$1048576,'Element wise-detail Summary'!$B$3:$B$1048576,A26,'Element wise-detail Summary'!$C$3:$C$1048576,B26) -> 10 | M26: =D26-L26 -> 10 | N26: =L26/C26 -> 50% | O26: 4 nos EXT | P26: =+C26-D26 -> 0 | Q26: =_xlfn.MAXIFS([1]Details!$B:$B,[1]Details!$G:$G,B26) -> #ERROR!
A27: J1A | B27: J122 | C27: 20 | D27: =SUMIFS('Element wise-detail Summary'!$F$3:$F$1048576,'Element wise-detail Summary'!$B$3:$B$1048576,Summary!$A27,'Element wise-detail Summary'!$C$3:$C$1048576,Summary!B27) -> 20 | E27: =SUMIFS('Element wise-detail Summary'!$G$3:$G$1048576,'Element wise-detail Summary'!$B$3:$B$1048576,Summary!$A27,'Element wise-detail Summary'!$C$3:$C$1048576,Summary!B27) -> 19 | F27: =D27-E27 -> 1 | G27: =E27/C27 -> 95% | H27: =SUMIFS('Element wise-detail Summary'!$I$3:$I$1048576,'Element wise-detail Summary'!$B$3:$B$1048576,A27,'Element wise-detail Summary'!$C$3:$C$1048576,B27) -> 10 | I27: =D27-H27 -> 10 | J27: =H27/C27 -> 50% | K27: =E27-H27 -> 9 | L27: =SUMIFS('Element wise-detail Summary'!$M$3:$M$1048576,'Element wise-detail Summary'!$B$3:$B$1048576,A27,'Element wise-detail Summary'!$C$3:$C$1048576,B27) -> 10 | M27: =D27-L27 -> 10 | N27: =L27/C27 -> 50% | O27: 4 nos EXT | P27: =+C27-D27 -> 0 | Q27: =_xlfn.MAXIFS([1]Details!$B:$B,[1]Details!$G:$G,B27) -> #ERROR!
A28: J1A | B28: =COUNTA(B21:B27) & " NOS" -> 7 NOS | C28: =SUM(C21:C27) -> 163 | D28: =SUM(D21:D27) -> 163 | E28: =SUM(E21:E27) -> 146 | F28: =SUM(F21:F27) -> 17 | G28: =E28/C28 -> 90% | H28: =SUM(H21:H27) -> 58 | I28: =SUM(I21:I27) -> 105 | J28: =H28/C28 -> 36% | K28: =SUM(K21:K27) -> 88 | L28: =SUM(L21:L27) -> 46 | M28: =D28-L28 -> 117 | N28: =L28/C28 -> 28% | P28: =+C28-D28 -> 0
P29: =+C29-D29 -> 0
A30: J1D | B30: J096 | C30: 21 | D30: =SUMIFS('Element wise-detail Summary'!$F$3:$F$1048576,'Element wise-detail Summary'!$B$3:$B$1048576,Summary!$A30,'Element wise-detail Summary'!$C$3:$C$1048576,Summary!B30) -> 21 | E30: =SUMIFS('Element wise-detail Summary'!$G$3:$G$1048576,'Element wise-detail Summary'!$B$3:$B$1048576,Summary!$A30,'Element wise-detail Summary'!$C$3:$C$1048576,Summary!B30) -> 16 | F30: =D30-E30 -> 5 | G30: =E30/C30 -> 76% | H30: =SUMIFS('Element wise-detail Summary'!$I$3:$I$1048576,'Element wise-detail Summary'!$B$3:$B$1048576,A30,'Element wise-detail Summary'!$C$3:$C$1048576,B30) -> 0 | I30: =D30-H30 -> 21 | J30: =H30/C30 -> 0% | K30: =E30-H30 -> 16 | L30: =SUMIFS('Element wise-detail Summary'!$M$3:$M$1048576,'Element wise-detail Summary'!$B$3:$B$1048576,A30,'Element wise-detail Summary'!$C$3:$C$1048576,B30) -> 0 | M30: =D30-L30 -> 21 | N30: =L30/C30 -> 0% | O30: 5 EXT | P30: =+C30-D30 -> 0 | Q30: =_xlfn.MAXIFS([1]Details!$B:$B,[1]Details!$G:$G,B30) -> #ERROR!
A31: J1D | B31: J097 | C31: 27 | D31: =SUMIFS('Element wise-detail Summary'!$F$3:$F$1048576,'Element wise-detail Summary'!$B$3:$B$1048576,Summary!$A31,'Element wise-detail Summary'!$C$3:$C$1048576,Summary!B31) -> 27 | E31: =SUMIFS('Element wise-detail Summary'!$G$3:$G$1048576,'Element wise-detail Summary'!$B$3:$B$1048576,Summary!$A31,'Element wise-detail Summary'!$C$3:$C$1048576,Summary!B31) -> 22 | F31: =D31-E31 -> 5 | G31: =E31/C31 -> 81% | H31: =SUMIFS('Element wise-detail Summary'!$I$3:$I$1048576,'Element wise-detail Summary'!$B$3:$B$1048576,A31,'Element wise-detail Summary'!$C$3:$C$1048576,B31) -> 0 | I31: =D31-H31 -> 27 | J31: =H31/C31 -> 0% | K31: =E31-H31 -> 22 | L31: =SUMIFS('Element wise-detail Summary'!$M$3:$M$1048576,'Element wise-detail Summary'!$B$3:$B$1048576,A31,'Element wise-detail Summary'!$C$3:$C$1048576,B31) -> 0 | M31: =D31-L31 -> 27 | N31: =L31/C31 -> 0% | O31: 5 EXT | P31: =+C31-D31 -> 0 | Q31: =_xlfn.MAXIFS([1]Details!$B:$B,[1]Details!$G:$G,B31) -> #ERROR!
A32: J1D | B32: J098 | C32: 29 | D32: =SUMIFS('Element wise-detail Summary'!$F$3:$F$1048576,'Element wise-detail Summary'!$B$3:$B$1048576,Summary!$A32,'Element wise-detail Summary'!$C$3:$C$1048576,Summary!B32) -> 29 | E32: =SUMIFS('Element wise-detail Summary'!$G$3:$G$1048576,'Element wise-detail Summary'!$B$3:$B$1048576,Summary!$A32,'Element wise-detail Summary'!$C$3:$C$1048576,Summary!B32) -> 18 | F32: =D32-E32 -> 11 | G32: =E32/C32 -> 62% | H32: =SUMIFS('Element wise-detail Summary'!$I$3:$I$1048576,'Element wise-detail Summary'!$B$3:$B$1048576,A32,'Element wise-detail Summary'!$C$3:$C$1048576,B32) -> 9 | I32: =D32-H32 -> 20 | J32: =H32/C32 -> 31% | K32: =E32-H32 -> 9 | L32: =SUMIFS('Element wise-detail Summary'!$M$3:$M$1048576,'Element wise-detail Summary'!$B$3:$B$1048576,A32,'Element wise-detail Summary'!$C$3:$C$1048576,B32) -> 0 | M32: =D32-L32 -> 29 | N32: =L32/C32 -> 0% | O32: 11 EXT | P32: =+C32-D32 -> 0 | Q32: =_xlfn.MAXIFS([1]Details!$B:$B,[1]Details!$G:$G,B32) -> #ERROR!
A33: J1D | B33: J099 | C33: 25 | D33: =SUMIFS('Element wise-detail Summary'!$F$3:$F$1048576,'Element wise-detail Summary'!$B$3:$B$1048576,Summary!$A33,'Element wise-detail Summary'!$C$3:$C$1048576,Summary!B33) -> 25 | E33: =SUMIFS('Element wise-detail Summary'!$G$3:$G$1048576,'Element wise-detail Summary'!$B$3:$B$1048576,Summary!$A33,'Element wise-detail Summary'!$C$3:$C$1048576,Summary!B33) -> 15 | F33: =D33-E33 -> 10 | G33: =E33/C33 -> 60% | H33: =SUMIFS('Element wise-detail Summary'!$I$3:$I$1048576,'Element wise-detail Summary'!$B$3:$B$1048576,A33,'Element wise-detail Summary'!$C$3:$C$1048576,B33) -> 7 | I33: =D33-H33 -> 18 | J33: =H33/C33 -> 28% | K33: =E33-H33 -> 8 | L33: =SUMIFS('Element wise-detail Summary'!$M$3:$M$1048576,'Element wise-detail Summary'!$B$3:$B$1048576,A33,'Element wise-detail Summary'!$C$3:$C$1048576,B33) -> 7 | M33: =D33-L33 -> 18 | N33: =L33/C33 -> 28% | O33: 9 EXT | P33: =+C33-D33 -> 0 | Q33: =_xlfn.MAXIFS([1]Details!$B:$B,[1]Details!$G:$G,B33) -> #ERROR!
A34: J1D | B34: J100 | C34: 19 | D34: =SUMIFS('Element wise-detail Summary'!$F$3:$F$1048576,'Element wise-detail Summary'!$B$3:$B$1048576,Summary!$A34,'Element wise-detail Summary'!$C$3:$C$1048576,Summary!B34) -> 19 | E34: =SUMIFS('Element wise-detail Summary'!$G$3:$G$1048576,'Element wise-detail Summary'!$B$3:$B$1048576,Summary!$A34,'Element wise-detail Summary'!$C$3:$C$1048576,Summary!B34) -> 15 | F34: =D34-E34 -> 4 | G34: =E34/C34 -> 79% | H34: =SUMIFS('Element wise-detail Summary'!$I$3:$I$1048576,'Element wise-detail Summary'!$B$3:$B$1048576,A34,'Element wise-detail Summary'!$C$3:$C$1048576,B34) -> 1 | I34: =D34-H34 -> 18 | J34: =H34/C34 -> 5% | K34: =E34-H34 -> 14 | L34: =SUMIFS('Element wise-detail Summary'!$M$3:$M$1048576,'Element wise-detail Summary'!$B$3:$B$1048576,A34,'Element wise-detail Summary'!$C$3:$C$1048576,B34) -> 1 | M34: =D34-L34 -> 18 | N34: =L34/C34 -> 5% | O34: 4 EXT | P34: =+C34-D34 -> 0 | Q34: =_xlfn.MAXIFS([1]Details!$B:$B,[1]Details!$G:$G,B34) -> #ERROR!
A35: J1D | B35: =COUNTA(B30:B34) & " NOS" -> 5 NOS | C35: =SUM(C30:C34) -> 121 | D35: =SUM(D30:D34) -> 121 | E35: =SUM(E30:E34) -> 86 | F35: =SUM(F30:F34) -> 35 | G35: =E35/C35 -> 71% | H35: =SUM(H30:H34) -> 17 | I35: =SUM(I30:I34) -> 104 | J35: =H35/C35 -> 14% | K35: =SUM(K30:K34) -> 69 | L35: =SUM(L30:L34) -> 8 | M35: =D35-L35 -> 113 | N35: =L35/C35 -> 7% | P35: =+C35-D35 -> 0
P36: =+C36-D36 -> 0
A37: J1C | B37: J087 | C37: 29 | D37: =SUMIFS('Element wise-detail Summary'!$F$3:$F$1048576,'Element wise-detail Summary'!$B$3:$B$1048576,Summary!$A37,'Element wise-detail Summary'!$C$3:$C$1048576,Summary!B37) -> 29 | E37: =SUMIFS('Element wise-detail Summary'!$G$3:$G$1048576,'Element wise-detail Summary'!$B$3:$B$1048576,Summary!$A37,'Element wise-detail Summary'!$C$3:$C$1048576,Summary!B37) -> 26 | F37: =D37-E37 -> 3 | G37: =E37/C37 -> 90% | H37: =SUMIFS('Element wise-detail Summary'!$I$3:$I$1048576,'Element wise-detail Summary'!$B$3:$B$1048576,A37,'Element wise-detail Summary'!$C$3:$C$1048576,B37) -> 0 | I37: =D37-H37 -> 29 | J37: =H37/C37 -> 0% | K37: =E37-H37 -> 26 | L37: =SUMIFS('Element wise-detail Summary'!$M$3:$M$1048576,'Element wise-detail Summary'!$B$3:$B$1048576,A37,'Element wise-detail Summary'!$C$3:$C$1048576,B37) -> 0 | M37: =D37-L37 -> 29 | N37: =L37/C37 -> 0% | O37: 6 EXT | P37: =+C37-D37 -> 0 | Q37: =_xlfn.MAXIFS([1]Details!$B:$B,[1]Details!$G:$G,B37) -> #ERROR!
A38: J1C | B38: J088 | C38: 16 | D38: =SUMIFS('Element wise-detail Summary'!$F$3:$F$1048576,'Element wise-detail Summary'!$B$3:$B$1048576,Summary!$A38,'Element wise-detail Summary'!$C$3:$C$1048576,Summary!B38) -> 16 | E38: =SUMIFS('Element wise-detail Summary'!$G$3:$G$1048576,'Element wise-detail Summary'!$B$3:$B$1048576,Summary!$A38,'Element wise-detail Summary'!$C$3:$C$1048576,Summary!B38) -> 15 | F38: =D38-E38 -> 1 | G38: =E38/C38 -> 94% | H38: =SUMIFS('Element wise-detail Summary'!$I$3:$I$1048576,'Element wise-detail Summary'!$B$3:$B$1048576,A38,'Element wise-detail Summary'!$C$3:$C$1048576,B38) -> 0 | I38: =D38-H38 -> 16 | J38: =H38/C38 -> 0% | K38: =E38-H38 -> 15 | L38: =SUMIFS('Element wise-detail Summary'!$M$3:$M$1048576,'Element wise-detail Summary'!$B$3:$B$1048576,A38,'Element wise-detail Summary'!$C$3:$C$1048576,B38) -> 0 | M38: =D38-L38 -> 16 | N38: =L38/C38 -> 0% | O38: 4 EXT | P38: =+C38-D38 -> 0 | Q38: =_xlfn.MAXIFS([1]Details!$B:$B,[1]Details!$G:$G,B38) -> #ERROR!
A39: J1C | B39: J089 | C39: 16 | D39: =SUMIFS('Element wise-detail Summary'!$F$3:$F$1048576,'Element wise-detail Summary'!$B$3:$B$1048576,Summary!$A39,'Element wise-detail Summary'!$C$3:$C$1048576,Summary!B39) -> 16 | E39: =SUMIFS('Element wise-detail Summary'!$G$3:$G$1048576,'Element wise-detail Summary'!$B$3:$B$1048576,Summary!$A39,'Element wise-detail Summary'!$C$3:$C$1048576,Summary!B39) -> 15 | F39: =D39-E39 -> 1 | G39: =E39/C39 -> 94% | H39: =SUMIFS('Element wise-detail Summary'!$I$3:$I$1048576,'Element wise-detail Summary'!$B$3:$B$1048576,A39,'Element wise-detail Summary'!$C$3:$C$1048576,B39) -> 0 | I39: =D39-H39 -> 16 | J39: =H39/C39 -> 0% | K39: =E39-H39 -> 15 | L39: =SUMIFS('Element wise-detail Summary'!$M$3:$M$1048576,'Element wise-detail Summary'!$B$3:$B$1048576,A39,'Element wise-detail Summary'!$C$3:$C$1048576,B39) -> 0 | M39: =D39-L39 -> 16 | N39: =L39/C39 -> 0% | O39: 4 EXT | P39: =+C39-D39 -> 0 | Q39: =_xlfn.MAXIFS([1]Details!$B:$B,[1]Details!$G:$G,B39) -> #ERROR!
A40: J1C | B40: J090 | C40: 17 | D40: =SUMIFS('Element wise-detail Summary'!$F$3:$F$1048576,'Element wise-detail Summary'!$B$3:$B$1048576,Summary!$A40,'Element wise-detail Summary'!$C$3:$C$1048576,Summary!B40) -> 17 | E40: =SUMIFS('Element wise-detail Summary'!$G$3:$G$1048576,'Element wise-detail Summary'!$B$3:$B$1048576,Summary!$A40,'Element wise-detail Summary'!$C$3:$C$1048576,Summary!B40) -> 14 | F40: =D40-E40 -> 3 | G40: =E40/C40 -> 82% | H40: =SUMIFS('Element wise-detail Summary'!$I$3:$I$1048576,'Element wise-detail Summary'!$B$3:$B$1048576,A40,'Element wise-detail Summary'!$C$3:$C$1048576,B40) -> 0 | I40: =D40-H40 -> 17 | J40: =H40/C40 -> 0% | K40: =E40-H40 -> 14 | L40: =SUMIFS('Element wise-detail Summary'!$M$3:$M$1048576,'Element wise-detail Summary'!$B$3:$B$1048576,A40,'Element wise-detail Summary'!$C$3:$C$1048576,B40) -> 0 | M40: =D40-L40 -> 17 | N40: =L40/C40 -> 0% | O40: 4 EXT | P40: =+C40-D40 -> 0 | Q40: =_xlfn.MAXIFS([1]Details!$B:$B,[1]Details!$G:$G,B40) -> #ERROR!
A41: J1C | B41: J091 | C41: 17 | D41: =SUMIFS('Element wise-detail Summary'!$F$3:$F$1048576,'Element wise-detail Summary'!$B$3:$B$1048576,Summary!$A41,'Element wise-detail Summary'!$C$3:$C$1048576,Summary!B41) -> 17 | E41: =SUMIFS('Element wise-detail Summary'!$G$3:$G$1048576,'Element wise-detail Summary'!$B$3:$B$1048576,Summary!$A41,'Element wise-detail Summary'!$C$3:$C$1048576,Summary!B41) -> 17 | F41: =D41-E41 -> 0 | G41: =E41/C41 -> 100% | H41: =SUMIFS('Element wise-detail Summary'!$I$3:$I$1048576,'Element wise-detail Summary'!$B$3:$B$1048576,A41,'Element wise-detail Summary'!$C$3:$C$1048576,B41) -> 0 | I41: =D41-H41 -> 17 | J41: =H41/C41 -> 0% | K41: =E41-H41 -> 17 | L41: =SUMIFS('Element wise-detail Summary'!$M$3:$M$1048576,'Element wise-detail Summary'!$B$3:$B$1048576,A41,'Element wise-detail Summary'!$C$3:$C$1048576,B41) -> 0 | M41: =D41-L41 -> 17 | N41: =L41/C41 -> 0% | O41: 3 EXT | P41: =+C41-D41 -> 0 | Q41: =_xlfn.MAXIFS([1]Details!$B:$B,[1]Details!$G:$G,B41) -> #ERROR!
A42: J1C | B42: J092 | C42: 16 | D42: =SUMIFS('Element wise-detail Summary'!$F$3:$F$1048576,'Element wise-detail Summary'!$B$3:$B$1048576,Summary!$A42,'Element wise-detail Summary'!$C$3:$C$1048576,Summary!B42) -> 16 | E42: =SUMIFS('Element wise-detail Summary'!$G$3:$G$1048576,'Element wise-detail Summary'!$B$3:$B$1048576,Summary!$A42,'Element wise-detail Summary'!$C$3:$C$1048576,Summary!B42) -> 13 | F42: =D42-E42 -> 3 | G42: =E42/C42 -> 81% | H42: =SUMIFS('Element wise-detail Summary'!$I$3:$I$1048576,'Element wise-detail Summary'!$B$3:$B$1048576,A42,'Element wise-detail Summary'!$C$3:$C$1048576,B42) -> 0 | I42: =D42-H42 -> 16 | J42: =H42/C42 -> 0% | K42: =E42-H42 -> 13 | L42: =SUMIFS('Element wise-detail Summary'!$M$3:$M$1048576,'Element wise-detail Summary'!$B$3:$B$1048576,A42,'Element wise-detail Summary'!$C$3:$C$1048576,B42) -> 0 | M42: =D42-L42 -> 16 | N42: =L42/C42 -> 0% | O42: 4 EXT | P42: =+C42-D42 -> 0 | Q42: =_xlfn.MAXIFS([1]Details!$B:$B,[1]Details!$G:$G,B42) -> #ERROR!
A43: J1C | B43: J093 | C43: 16 | D43: =SUMIFS('Element wise-detail Summary'!$F$3:$F$1048576,'Element wise-detail Summary'!$B$3:$B$1048576,Summary!$A43,'Element wise-detail Summary'!$C$3:$C$1048576,Summary!B43) -> 16 | E43: =SUMIFS('Element wise-detail Summary'!$G$3:$G$1048576,'Element wise-detail Summary'!$B$3:$B$1048576,Summary!$A43,'Element wise-detail Summary'!$C$3:$C$1048576,Summary!B43) -> 14 | F43: =D43-E43 -> 2 | G43: =E43/C43 -> 88% | H43: =SUMIFS('Element wise-detail Summary'!$I$3:$I$1048576,'Element wise-detail Summary'!$B$3:$B$1048576,A43,'Element wise-detail Summary'!$C$3:$C$1048576,B43) -> 0 | I43: =D43-H43 -> 16 | J43: =H43/C43 -> 0% | K43: =E43-H43 -> 14 | L43: =SUMIFS('Element wise-detail Summary'!$M$3:$M$1048576,'Element wise-detail Summary'!$B$3:$B$1048576,A43,'Element wise-detail Summary'!$C$3:$C$1048576,B43) -> 0 | M43: =D43-L43 -> 16 | N43: =L43/C43 -> 0% | O43: 4 EXT | P43: =+C43-D43 -> 0 | Q43: =_xlfn.MAXIFS([1]Details!$B:$B,[1]Details!$G:$G,B43) -> #ERROR!
A44: J1C | B44: J094 | C44: 16 | D44: =SUMIFS('Element wise-detail Summary'!$F$3:$F$1048576,'Element wise-detail Summary'!$B$3:$B$1048576,Summary!$A44,'Element wise-detail Summary'!$C$3:$C$1048576,Summary!B44) -> 16 | E44: =SUMIFS('Element wise-detail Summary'!$G$3:$G$1048576,'Element wise-detail Summary'!$B$3:$B$1048576,Summary!$A44,'Element wise-detail Summary'!$C$3:$C$1048576,Summary!B44) -> 14 | F44: =D44-E44 -> 2 | G44: =E44/C44 -> 88% | H44: =SUMIFS('Element wise-detail Summary'!$I$3:$I$1048576,'Element wise-detail Summary'!$B$3:$B$1048576,A44,'Element wise-detail Summary'!$C$3:$C$1048576,B44) -> 0 | I44: =D44-H44 -> 16 | J44: =H44/C44 -> 0% | K44: =E44-H44 -> 14 | L44: =SUMIFS('Element wise-detail Summary'!$M$3:$M$1048576,'Element wise-detail Summary'!$B$3:$B$1048576,A44,'Element wise-detail Summary'!$C$3:$C$1048576,B44) -> 0 | M44: =D44-L44 -> 16 | N44: =L44/C44 -> 0% | O44: 4 EXT | P44: =+C44-D44 -> 0 | Q44: =_xlfn.MAXIFS([1]Details!$B:$B,[1]Details!$G:$G,B44) -> #ERROR!
A45: J1C | B45: J095 | C45: 22 | D45: =SUMIFS('Element wise-detail Summary'!$F$3:$F$1048576,'Element wise-detail Summary'!$B$3:$B$1048576,Summary!$A45,'Element wise-detail Summary'!$C$3:$C$1048576,Summary!B45) -> 22 | E45: =SUMIFS('Element wise-detail Summary'!$G$3:$G$1048576,'Element wise-detail Summary'!$B$3:$B$1048576,Summary!$A45,'Element wise-detail Summary'!$C$3:$C$1048576,Summary!B45) -> 18 | F45: =D45-E45 -> 4 | G45: =E45/C45 -> 82% | H45: =SUMIFS('Element wise-detail Summary'!$I$3:$I$1048576,'Element wise-detail Summary'!$B$3:$B$1048576,A45,'Element wise-detail Summary'!$C$3:$C$1048576,B45) -> 0 | I45: =D45-H45 -> 22 | J45: =H45/C45 -> 0% | K45: =E45-H45 -> 18 | L45: =SUMIFS('Element wise-detail Summary'!$M$3:$M$1048576,'Element wise-detail Summary'!$B$3:$B$1048576,A45,'Element wise-detail Summary'!$C$3:$C$1048576,B45) -> 0 | M45: =D45-L45 -> 22 | N45: =L45/C45 -> 0% | O45: 5 EXT | P45: =+C45-D45 -> 0 | Q45: =_xlfn.MAXIFS([1]Details!$B:$B,[1]Details!$G:$G,B45) -> #ERROR!
A46: J1C | B46: =COUNTA(B37:B45) & " NOS" -> 9 NOS | C46: =SUM(C37:C45) -> 165 | D46: =SUM(D37:D45) -> 165 | E46: =SUM(E37:E45) -> 146 | F46: =SUM(F37:F45) -> 19 | G46: =E46/C46 -> 88% | H46: =SUM(H37:H45) -> 0 | I46: =SUM(I37:I45) -> 165 | J46: =H46/C46 -> 0% | K46: =SUM(K37:K45) -> 146 | L46: =SUM(L37:L45) -> 0 | M46: =D46-L46 -> 165 | N46: =L46/C46 -> 0% | P46: =+C46-D46 -> 0
A48: J1F | B48: J101 | C48: 19 | D48: =SUMIFS('Element wise-detail Summary'!$F$3:$F$1048576,'Element wise-detail Summary'!$B$3:$B$1048576,Summary!$A48,'Element wise-detail Summary'!$C$3:$C$1048576,Summary!B48) -> 19 | E48: =SUMIFS('Element wise-detail Summary'!$G$3:$G$1048576,'Element wise-detail Summary'!$B$3:$B$1048576,Summary!$A48,'Element wise-detail Summary'!$C$3:$C$1048576,Summary!B48) -> 5 | F48: =D48-E48 -> 14 | G48: =E48/C48 -> 26% | H48: =SUMIFS('Element wise-detail Summary'!$I$3:$I$1048576,'Element wise-detail Summary'!$B$3:$B$1048576,A48,'Element wise-detail Summary'!$C$3:$C$1048576,B48) -> 0 | I48: =D48-H48 -> 19 | J48: =H48/C48 -> 0% | K48: =E48-H48 -> 5 | L48: =SUMIFS('Element wise-detail Summary'!$M$3:$M$1048576,'Element wise-detail Summary'!$B$3:$B$1048576,A48,'Element wise-detail Summary'!$C$3:$C$1048576,B48) -> 0 | M48: =D48-L48 -> 19 | N48: =L48/C48 -> 0% | P48: =+C48-D48 -> 0 | Q48: =_xlfn.MAXIFS([1]Details!$B:$B,[1]Details!$G:$G,B48) -> #ERROR!
A49: J1F | B49: J102 | C49: 20 | D49: =SUMIFS('Element wise-detail Summary'!$F$3:$F$1048576,'Element wise-detail Summary'!$B$3:$B$1048576,Summary!$A49,'Element wise-detail Summary'!$C$3:$C$1048576,Summary!B49) -> 20 | E49: =SUMIFS('Element wise-detail Summary'!$G$3:$G$1048576,'Element wise-detail Summary'!$B$3:$B$1048576,Summary!$A49,'Element wise-detail Summary'!$C$3:$C$1048576,Summary!B49) -> 7 | F49: =D49-E49 -> 13 | G49: =E49/C49 -> 35% | H49: =SUMIFS('Element wise-detail Summary'!$I$3:$I$1048576,'Element wise-detail Summary'!$B$3:$B$1048576,A49,'Element wise-detail Summary'!$C$3:$C$1048576,B49) -> 0 | I49: =D49-H49 -> 20 | J49: =H49/C49 -> 0% | K49: =E49-H49 -> 7 | L49: =SUMIFS('Element wise-detail Summary'!$M$3:$M$1048576,'Element wise-detail Summary'!$B$3:$B$1048576,A49,'Element wise-detail Summary'!$C$3:$C$1048576,B49) -> 0 | M49: =D49-L49 -> 20 | N49: =L49/C49 -> 0% | P49: =+C49-D49 -> 0 | Q49: =_xlfn.MAXIFS([1]Details!$B:$B,[1]Details!$G:$G,B49) -> #ERROR!
A50: J1F | B50: J103 | C50: 20 | D50: =SUMIFS('Element wise-detail Summary'!$F$3:$F$1048576,'Element wise-detail Summary'!$B$3:$B$1048576,Summary!$A50,'Element wise-detail Summary'!$C$3:$C$1048576,Summary!B50) -> 20 | E50: =SUMIFS('Element wise-detail Summary'!$G$3:$G$1048576,'Element wise-detail Summary'!$B$3:$B$1048576,Summary!$A50,'Element wise-detail Summary'!$C$3:$C$1048576,Summary!B50) -> 1 | F50: =D50-E50 -> 19 | G50: =E50/C50 -> 5% | H50: =SUMIFS('Element wise-detail Summary'!$I$3:$I$1048576,'Element wise-detail Summary'!$B$3:$B$1048576,A50,'Element wise-detail Summary'!$C$3:$C$1048576,B50) -> 0 | I50: =D50-H50 -> 20 | J50: =H50/C50 -> 0% | K50: =E50-H50 -> 1 | L50: =SUMIFS('Element wise-detail Summary'!$M$3:$M$1048576,'Element wise-detail Summary'!$B$3:$B$1048576,A50,'Element wise-detail Summary'!$C$3:$C$1048576,B50) -> 0 | M50: =D50-L50 -> 20 | N50: =L50/C50 -> 0% | P50: =+C50-D50 -> 0 | Q50: =_xlfn.MAXIFS([1]Details!$B:$B,[1]Details!$G:$G,B50) -> #ERROR!
A51: J1F | B51: J104 | C51: 16 | D51: =SUMIFS('Element wise-detail Summary'!$F$3:$F$1048576,'Element wise-detail Summary'!$B$3:$B$1048576,Summary!$A51,'Element wise-detail Summary'!$C$3:$C$1048576,Summary!B51) -> 16 | E51: =SUMIFS('Element wise-detail Summary'!$G$3:$G$1048576,'Element wise-detail Summary'!$B$3:$B$1048576,Summary!$A51,'Element wise-detail Summary'!$C$3:$C$1048576,Summary!B51) -> 0 | F51: =D51-E51 -> 16 | G51: =E51/C51 -> 0% | H51: =SUMIFS('Element wise-detail Summary'!$I$3:$I$1048576,'Element wise-detail Summary'!$B$3:$B$1048576,A51,'Element wise-detail Summary'!$C$3:$C$1048576,B51) -> 0 | I51: =D51-H51 -> 16 | J51: =H51/C51 -> 0% | K51: =E51-H51 -> 0 | L51: =SUMIFS('Element wise-detail Summary'!$M$3:$M$1048576,'Element wise-detail Summary'!$B$3:$B$1048576,A51,'Element wise-detail Summary'!$C$3:$C$1048576,B51) -> 0 | M51: =D51-L51 -> 16 | N51: =L51/C51 -> 0% | P51: =+C51-D51 -> 0 | Q51: =_xlfn.MAXIFS([1]Details!$B:$B,[1]Details!$G:$G,B51) -> #ERROR!
A52: J1F | B52: J105 | C52: 16 | D52: =SUMIFS('Element wise-detail Summary'!$F$3:$F$1048576,'Element wise-detail Summary'!$B$3:$B$1048576,Summary!$A52,'Element wise-detail Summary'!$C$3:$C$1048576,Summary!B52) -> 16 | E52: =SUMIFS('Element wise-detail Summary'!$G$3:$G$1048576,'Element wise-detail Summary'!$B$3:$B$1048576,Summary!$A52,'Element wise-detail Summary'!$C$3:$C$1048576,Summary!B52) -> 2 | F52: =D52-E52 -> 14 | G52: =E52/C52 -> 13% | H52: =SUMIFS('Element wise-detail Summary'!$I$3:$I$1048576,'Element wise-detail Summary'!$B$3:$B$1048576,A52,'Element wise-detail Summary'!$C$3:$C$1048576,B52) -> 0 | I52: =D52-H52 -> 16 | J52: =H52/C52 -> 0% | K52: =E52-H52 -> 2 | L52: =SUMIFS('Element wise-detail Summary'!$M$3:$M$1048576,'Element wise-detail Summary'!$B$3:$B$1048576,A52,'Element wise-detail Summary'!$C$3:$C$1048576,B52) -> 0 | M52: =D52-L52 -> 16 | N52: =L52/C52 -> 0% | P52: =+C52-D52 -> 0 | Q52: =_xlfn.MAXIFS([1]Details!$B:$B,[1]Details!$G:$G,B52) -> #ERROR!
A53: J1F | B53: J106 | C53: 16 | D53: =SUMIFS('Element wise-detail Summary'!$F$3:$F$1048576,'Element wise-detail Summary'!$B$3:$B$1048576,Summary!$A53,'Element wise-detail Summary'!$C$3:$C$1048576,Summary!B53) -> 16 | E53: =SUMIFS('Element wise-detail Summary'!$G$3:$G$1048576,'Element wise-detail Summary'!$B$3:$B$1048576,Summary!$A53,'Element wise-detail Summary'!$C$3:$C$1048576,Summary!B53) -> 0 | F53: =D53-E53 -> 16 | G53: =E53/C53 -> 0% | H53: =SUMIFS('Element wise-detail Summary'!$I$3:$I$1048576,'Element wise-detail Summary'!$B$3:$B$1048576,A53,'Element wise-detail Summary'!$C$3:$C$1048576,B53) -> 0 | I53: =D53-H53 -> 16 | J53: =H53/C53 -> 0% | K53: =E53-H53 -> 0 | L53: =SUMIFS('Element wise-detail Summary'!$M$3:$M$1048576,'Element wise-detail Summary'!$B$3:$B$1048576,A53,'Element wise-detail Summary'!$C$3:$C$1048576,B53) -> 0 | M53: =D53-L53 -> 16 | N53: =L53/C53 -> 0% | P53: =+C53-D53 -> 0 | Q53: =_xlfn.MAXIFS([1]Details!$B:$B,[1]Details!$G:$G,B53) -> #ERROR!
A54: J1F | B54: J107 | C54: 17 | D54: =SUMIFS('Element wise-detail Summary'!$F$3:$F$1048576,'Element wise-detail Summary'!$B$3:$B$1048576,Summary!$A54,'Element wise-detail Summary'!$C$3:$C$1048576,Summary!B54) -> 17 | E54: =SUMIFS('Element wise-detail Summary'!$G$3:$G$1048576,'Element wise-detail Summary'!$B$3:$B$1048576,Summary!$A54,'Element wise-detail Summary'!$C$3:$C$1048576,Summary!B54) -> 4 | F54: =D54-E54 -> 13 | G54: =E54/C54 -> 24% | H54: =SUMIFS('Element wise-detail Summary'!$I$3:$I$1048576,'Element wise-detail Summary'!$B$3:$B$1048576,A54,'Element wise-detail Summary'!$C$3:$C$1048576,B54) -> 0 | I54: =D54-H54 -> 17 | J54: =H54/C54 -> 0% | K54: =E54-H54 -> 4 | L54: =SUMIFS('Element wise-detail Summary'!$M$3:$M$1048576,'Element wise-detail Summary'!$B$3:$B$1048576,A54,'Element wise-detail Summary'!$C$3:$C$1048576,B54) -> 0 | M54: =D54-L54 -> 17 | N54: =L54/C54 -> 0% | P54: =+C54-D54 -> 0 | Q54: =_xlfn.MAXIFS([1]Details!$B:$B,[1]Details!$G:$G,B54) -> #ERROR!
A55: J1F | B55: J108 | C55: 17 | D55: =SUMIFS('Element wise-detail Summary'!$F$3:$F$1048576,'Element wise-detail Summary'!$B$3:$B$1048576,Summary!$A55,'Element wise-detail Summary'!$C$3:$C$1048576,Summary!B55) -> 17 | E55: =SUMIFS('Element wise-detail Summary'!$G$3:$G$1048576,'Element wise-detail Summary'!$B$3:$B$1048576,Summary!$A55,'Element wise-detail Summary'!$C$3:$C$1048576,Summary!B55) -> 6 | F55: =D55-E55 -> 11 | G55: =E55/C55 -> 35% | H55: =SUMIFS('Element wise-detail Summary'!$I$3:$I$1048576,'Element wise-detail Summary'!$B$3:$B$1048576,A55,'Element wise-detail Summary'!$C$3:$C$1048576,B55) -> 0 | I55: =D55-H55 -> 17 | J55: =H55/C55 -> 0% | K55: =E55-H55 -> 6 | L55: =SUMIFS('Element wise-detail Summary'!$M$3:$M$1048576,'Element wise-detail Summary'!$B$3:$B$1048576,A55,'Element wise-detail Summary'!$C$3:$C$1048576,B55) -> 0 | M55: =D55-L55 -> 17 | N55: =L55/C55 -> 0% | P55: =+C55-D55 -> 0 | Q55: =_xlfn.MAXIFS([1]Details!$B:$B,[1]Details!$G:$G,B55) -> #ERROR!
A56: J1F | B56: J109 | C56: 19 | D56: =SUMIFS('Element wise-detail Summary'!$F$3:$F$1048576,'Element wise-detail Summary'!$B$3:$B$1048576,Summary!$A56,'Element wise-detail Summary'!$C$3:$C$1048576,Summary!B56) -> 19 | E56: =SUMIFS('Element wise-detail Summary'!$G$3:$G$1048576,'Element wise-detail Summary'!$B$3:$B$1048576,Summary!$A56,'Element wise-detail Summary'!$C$3:$C$1048576,Summary!B56) -> 5 | F56: =D56-E56 -> 14 | G56: =E56/C56 -> 26% | H56: =SUMIFS('Element wise-detail Summary'!$I$3:$I$1048576,'Element wise-detail Summary'!$B$3:$B$1048576,A56,'Element wise-detail Summary'!$C$3:$C$1048576,B56) -> 0 | I56: =D56-H56 -> 19 | J56: =H56/C56 -> 0% | K56: =E56-H56 -> 5 | L56: =SUMIFS('Element wise-detail Summary'!$M$3:$M$1048576,'Element wise-detail Summary'!$B$3:$B$1048576,A56,'Element wise-detail Summary'!$C$3:$C$1048576,B56) -> 0 | M56: =D56-L56 -> 19 | N56: =L56/C56 -> 0% | P56: =+C56-D56 -> 0 | Q56: =_xlfn.MAXIFS([1]Details!$B:$B,[1]Details!$G:$G,B56) -> #ERROR!
A57: J1F | B57: =COUNTA(B48:B56) & " NOS" -> 9 NOS | C57: =SUM(C48:C56) -> 160 | D57: =SUM(D48:D56) -> 160 | E57: =SUM(E48:E56) -> 30 | F57: =SUM(F48:F56) -> 130 | G57: =E57/C57 -> 19% | H57: =SUM(H48:H56) -> 0 | I57: =SUM(I48:I56) -> 160 | J57: =H57/C57 -> 0% | K57: =SUM(K48:K56) -> 30 | L57: =SUM(L48:L56) -> 0 | M57: =SUM(M48:M56) -> 160 | N57: =L57/C57 -> 0% | P57: =+C57-D57 -> 0
A59: J1E | B59: J110 | C59: 16 | D59: =SUMIFS('Element wise-detail Summary'!$F$3:$F$1048576,'Element wise-detail Summary'!$B$3:$B$1048576,Summary!$A59,'Element wise-detail Summary'!$C$3:$C$1048576,Summary!B59) -> 16 | E59: =SUMIFS('Element wise-detail Summary'!$G$3:$G$1048576,'Element wise-detail Summary'!$B$3:$B$1048576,Summary!$A59,'Element wise-detail Summary'!$C$3:$C$1048576,Summary!B59) -> 0 | F59: =D59-E59 -> 16 | G59: =E59/C59 -> 0% | H59: =SUMIFS('Element wise-detail Summary'!$I$3:$I$1048576,'Element wise-detail Summary'!$B$3:$B$1048576,A59,'Element wise-detail Summary'!$C$3:$C$1048576,B59) -> 0 | I59: =D59-H59 -> 16 | J59: =H59/C59 -> 0% | K59: =E59-H59 -> 0 | L59: =SUMIFS('Element wise-detail Summary'!$M$3:$M$1048576,'Element wise-detail Summary'!$B$3:$B$1048576,A59,'Element wise-detail Summary'!$C$3:$C$1048576,B59) -> 0 | M59: =D59-L59 -> 16 | N59: =L59/C59 -> 0% | P59: =+C59-D59 -> 0 | Q59: =_xlfn.MAXIFS([1]Details!$B:$B,[1]Details!$G:$G,B59) -> #ERROR!
A60: J1E | B60: J111 | C60: 16 | D60: =SUMIFS('Element wise-detail Summary'!$F$3:$F$1048576,'Element wise-detail Summary'!$B$3:$B$1048576,Summary!$A60,'Element wise-detail Summary'!$C$3:$C$1048576,Summary!B60) -> 16 | E60: =SUMIFS('Element wise-detail Summary'!$G$3:$G$1048576,'Element wise-detail Summary'!$B$3:$B$1048576,Summary!$A60,'Element wise-detail Summary'!$C$3:$C$1048576,Summary!B60) -> 0 | F60: =D60-E60 -> 16 | G60: =E60/C60 -> 0% | H60: =SUMIFS('Element wise-detail Summary'!$I$3:$I$1048576,'Element wise-detail Summary'!$B$3:$B$1048576,A60,'Element wise-detail Summary'!$C$3:$C$1048576,B60) -> 0 | I60: =D60-H60 -> 16 | J60: =H60/C60 -> 0% | K60: =E60-H60 -> 0 | L60: =SUMIFS('Element wise-detail Summary'!$M$3:$M$1048576,'Element wise-detail Summary'!$B$3:$B$1048576,A60,'Element wise-detail Summary'!$C$3:$C$1048576,B60) -> 0 | M60: =D60-L60 -> 16 | N60: =L60/C60 -> 0% | P60: =+C60-D60 -> 0 | Q60: =_xlfn.MAXIFS([1]Details!$B:$B,[1]Details!$G:$G,B60) -> #ERROR!
A61: J1E | B61: J112 | C61: 16 | D61: =SUMIFS('Element wise-detail Summary'!$F$3:$F$1048576,'Element wise-detail Summary'!$B$3:$B$1048576,Summary!$A61,'Element wise-detail Summary'!$C$3:$C$1048576,Summary!B61) -> 16 | E61: =SUMIFS('Element wise-detail Summary'!$G$3:$G$1048576,'Element wise-detail Summary'!$B$3:$B$1048576,Summary!$A61,'Element wise-detail Summary'!$C$3:$C$1048576,Summary!B61) -> 0 | F61: =D61-E61 -> 16 | G61: =E61/C61 -> 0% | H61: =SUMIFS('Element wise-detail Summary'!$I$3:$I$1048576,'Element wise-detail Summary'!$B$3:$B$1048576,A61,'Element wise-detail Summary'!$C$3:$C$1048576,B61) -> 0 | I61: =D61-H61 -> 16 | J61: =H61/C61 -> 0% | K61: =E61-H61 -> 0 | L61: =SUMIFS('Element wise-detail Summary'!$M$3:$M$1048576,'Element wise-detail Summary'!$B$3:$B$1048576,A61,'Element wise-detail Summary'!$C$3:$C$1048576,B61) -> 0 | M61: =D61-L61 -> 16 | N61: =L61/C61 -> 0% | P61: =+C61-D61 -> 0 | Q61: =_xlfn.MAXIFS([1]Details!$B:$B,[1]Details!$G:$G,B61) -> #ERROR!
A62: J1E | B62: J113 | C62: 16 | D62: =SUMIFS('Element wise-detail Summary'!$F$3:$F$1048576,'Element wise-detail Summary'!$B$3:$B$1048576,Summary!$A62,'Element wise-detail Summary'!$C$3:$C$1048576,Summary!B62) -> 16 | E62: =SUMIFS('Element wise-detail Summary'!$G$3:$G$1048576,'Element wise-detail Summary'!$B$3:$B$1048576,Summary!$A62,'Element wise-detail Summary'!$C$3:$C$1048576,Summary!B62) -> 1 | F62: =D62-E62 -> 15 | G62: =E62/C62 -> 6% | H62: =SUMIFS('Element wise-detail Summary'!$I$3:$I$1048576,'Element wise-detail Summary'!$B$3:$B$1048576,A62,'Element wise-detail Summary'!$C$3:$C$1048576,B62) -> 0 | I62: =D62-H62 -> 16 | J62: =H62/C62 -> 0% | K62: =E62-H62 -> 1 | L62: =SUMIFS('Element wise-detail Summary'!$M$3:$M$1048576,'Element wise-detail Summary'!$B$3:$B$1048576,A62,'Element wise-detail Summary'!$C$3:$C$1048576,B62) -> 0 | M62: =D62-L62 -> 16 | N62: =L62/C62 -> 0% | P62: =+C62-D62 -> 0 | Q62: =_xlfn.MAXIFS([1]Details!$B:$B,[1]Details!$G:$G,B62) -> #ERROR!
A63: J1E | B63: J114 | C63: 17 | D63: =SUMIFS('Element wise-detail Summary'!$F$3:$F$1048576,'Element wise-detail Summary'!$B$3:$B$1048576,Summary!$A63,'Element wise-detail Summary'!$C$3:$C$1048576,Summary!B63) -> 17 | E63: =SUMIFS('Element wise-detail Summary'!$G$3:$G$1048576,'Element wise-detail Summary'!$B$3:$B$1048576,Summary!$A63,'Element wise-detail Summary'!$C$3:$C$1048576,Summary!B63) -> 0 | F63: =D63-E63 -> 17 | G63: =E63/C63 -> 0% | H63: =SUMIFS('Element wise-detail Summary'!$I$3:$I$1048576,'Element wise-detail Summary'!$B$3:$B$1048576,A63,'Element wise-detail Summary'!$C$3:$C$1048576,B63) -> 0 | I63: =D63-H63 -> 17 | J63: =H63/C63 -> 0% | K63: =E63-H63 -> 0 | L63: =SUMIFS('Element wise-detail Summary'!$M$3:$M$1048576,'Element wise-detail Summary'!$B$3:$B$1048576,A63,'Element wise-detail Summary'!$C$3:$C$1048576,B63) -> 0 | M63: =D63-L63 -> 17 | N63: =L63/C63 -> 0% | P63: =+C63-D63 -> 0 | Q63: =_xlfn.MAXIFS([1]Details!$B:$B,[1]Details!$G:$G,B63) -> #ERROR!
A64: J1E | B64: J115 | C64: 25 | D64: =SUMIFS('Element wise-detail Summary'!$F$3:$F$1048576,'Element wise-detail Summary'!$B$3:$B$1048576,Summary!$A64,'Element wise-detail Summary'!$C$3:$C$1048576,Summary!B64) -> 25 | E64: =SUMIFS('Element wise-detail Summary'!$G$3:$G$1048576,'Element wise-detail Summary'!$B$3:$B$1048576,Summary!$A64,'Element wise-detail Summary'!$C$3:$C$1048576,Summary!B64) -> 2 | F64: =D64-E64 -> 23 | G64: =E64/C64 -> 8% | H64: =SUMIFS('Element wise-detail Summary'!$I$3:$I$1048576,'Element wise-detail Summary'!$B$3:$B$1048576,A64,'Element wise-detail Summary'!$C$3:$C$1048576,B64) -> 0 | I64: =D64-H64 -> 25 | J64: =H64/C64 -> 0% | K64: =E64-H64 -> 2 | L64: =SUMIFS('Element wise-detail Summary'!$M$3:$M$1048576,'Element wise-detail Summary'!$B$3:$B$1048576,A64,'Element wise-detail Summary'!$C$3:$C$1048576,B64) -> 0 | M64: =D64-L64 -> 25 | N64: =L64/C64 -> 0% | P64: =+C64-D64 -> 0 | Q64: =_xlfn.MAXIFS([1]Details!$B:$B,[1]Details!$G:$G,B64) -> #ERROR!
A65: J1E | B65: =COUNTA(B59:B64) & " NOS" -> 6 NOS | C65: =SUM(C59:C64) -> 106 | D65: =SUM(D59:D64) -> 106 | E65: =SUM(E59:E64) -> 3 | F65: =SUM(F59:F64) -> 103 | G65: =E65/C65 -> 3% | H65: =SUM(H59:H64) -> 0 | I65: =SUM(I59:I64) -> 106 | J65: =H65/C65 -> 0% | K65: =SUM(K59:K64) -> 3 | L65: =SUM(L59:L64) -> 0 | M65: =SUM(M59:M64) -> 106 | N65: =L65/C65 -> 0% | P65: =+C65-D65 -> 0
A67: J2A | B67: J001 | C67: 20 | D67: =SUMIFS('Element wise-detail Summary'!$F$3:$F$1048576,'Element wise-detail Summary'!$B$3:$B$1048576,Summary!$A67,'Element wise-detail Summary'!$C$3:$C$1048576,Summary!B67) -> 20 | E67: =SUMIFS('Element wise-detail Summary'!$G$3:$G$1048576,'Element wise-detail Summary'!$B$3:$B$1048576,Summary!$A67,'Element wise-detail Summary'!$C$3:$C$1048576,Summary!B67) -> 15 | F67: =D67-E67 -> 5 | G67: =E67/C67 -> 75% | H67: =SUMIFS('Element wise-detail Summary'!$I$3:$I$1048576,'Element wise-detail Summary'!$B$3:$B$1048576,A67,'Element wise-detail Summary'!$C$3:$C$1048576,B67) -> 0 | I67: =D67-H67 -> 20 | J67: =H67/C67 -> 0% | K67: =E67-H67 -> 15 | L67: =SUMIFS('Element wise-detail Summary'!$M$3:$M$1048576,'Element wise-detail Summary'!$B$3:$B$1048576,A67,'Element wise-detail Summary'!$C$3:$C$1048576,B67) -> 0 | M67: =D67-L67 -> 20 | N67: =L67/C67 -> 0% | O67: 5 EXT | P67: =+C67-D67 -> 0 | Q67: =_xlfn.MAXIFS([1]Details!$B:$B,[1]Details!$G:$G,B67) -> #ERROR!
A68: J2A | B68: J002 | C68: 16 | D68: =SUMIFS('Element wise-detail Summary'!$F$3:$F$1048576,'Element wise-detail Summary'!$B$3:$B$1048576,Summary!$A68,'Element wise-detail Summary'!$C$3:$C$1048576,Summary!B68) -> 16 | E68: =SUMIFS('Element wise-detail Summary'!$G$3:$G$1048576,'Element wise-detail Summary'!$B$3:$B$1048576,Summary!$A68,'Element wise-detail Summary'!$C$3:$C$1048576,Summary!B68) -> 15 | F68: =D68-E68 -> 1 | G68: =E68/C68 -> 94% | H68: =SUMIFS('Element wise-detail Summary'!$I$3:$I$1048576,'Element wise-detail Summary'!$B$3:$B$1048576,A68,'Element wise-detail Summary'!$C$3:$C$1048576,B68) -> 0 | I68: =D68-H68 -> 16 | J68: =H68/C68 -> 0% | K68: =E68-H68 -> 15 | L68: =SUMIFS('Element wise-detail Summary'!$M$3:$M$1048576,'Element wise-detail Summary'!$B$3:$B$1048576,A68,'Element wise-detail Summary'!$C$3:$C$1048576,B68) -> 0 | M68: =D68-L68 -> 16 | N68: =L68/C68 -> 0% | O68: 3 EXT | P68: =+C68-D68 -> 0 | Q68: =_xlfn.MAXIFS([1]Details!$B:$B,[1]Details!$G:$G,B68) -> #ERROR!
A69: J2A | B69: J003 | C69: 16 | D69: =SUMIFS('Element wise-detail Summary'!$F$3:$F$1048576,'Element wise-detail Summary'!$B$3:$B$1048576,Summary!$A69,'Element wise-detail Summary'!$C$3:$C$1048576,Summary!B69) -> 16 | E69: =SUMIFS('Element wise-detail Summary'!$G$3:$G$1048576,'Element wise-detail Summary'!$B$3:$B$1048576,Summary!$A69,'Element wise-detail Summary'!$C$3:$C$1048576,Summary!B69) -> 15 | F69: =D69-E69 -> 1 | G69: =E69/C69 -> 94% | H69: =SUMIFS('Element wise-detail Summary'!$I$3:$I$1048576,'Element wise-detail Summary'!$B$3:$B$1048576,A69,'Element wise-detail Summary'!$C$3:$C$1048576,B69) -> 0 | I69: =D69-H69 -> 16 | J69: =H69/C69 -> 0% | K69: =E69-H69 -> 15 | L69: =SUMIFS('Element wise-detail Summary'!$M$3:$M$1048576,'Element wise-detail Summary'!$B$3:$B$1048576,A69,'Element wise-detail Summary'!$C$3:$C$1048576,B69) -> 0 | M69: =D69-L69 -> 16 | N69: =L69/C69 -> 0% | O69: 3 EXT | P69: =+C69-D69 -> 0 | Q69: =_xlfn.MAXIFS([1]Details!$B:$B,[1]Details!$G:$G,B69) -> #ERROR!
A70: J2A | B70: J004 | C70: 16 | D70: =SUMIFS('Element wise-detail Summary'!$F$3:$F$1048576,'Element wise-detail Summary'!$B$3:$B$1048576,Summary!$A70,'Element wise-detail Summary'!$C$3:$C$1048576,Summary!B70) -> 16 | E70: =SUMIFS('Element wise-detail Summary'!$G$3:$G$1048576,'Element wise-detail Summary'!$B$3:$B$1048576,Summary!$A70,'Element wise-detail Summary'!$C$3:$C$1048576,Summary!B70) -> 15 | F70: =D70-E70 -> 1 | G70: =E70/C70 -> 94% | H70: =SUMIFS('Element wise-detail Summary'!$I$3:$I$1048576,'Element wise-detail Summary'!$B$3:$B$1048576,A70,'Element wise-detail Summary'!$C$3:$C$1048576,B70) -> 0 | I70: =D70-H70 -> 16 | J70: =H70/C70 -> 0% | K70: =E70-H70 -> 15 | L70: =SUMIFS('Element wise-detail Summary'!$M$3:$M$1048576,'Element wise-detail Summary'!$B$3:$B$1048576,A70,'Element wise-detail Summary'!$C$3:$C$1048576,B70) -> 0 | M70: =D70-L70 -> 16 | N70: =L70/C70 -> 0% | O70: 3 EXT | P70: =+C70-D70 -> 0 | Q70: =_xlfn.MAXIFS([1]Details!$B:$B,[1]Details!$G:$G,B70) -> #ERROR!
A71: J2A | B71: J005 | C71: 17 | D71: =SUMIFS('Element wise-detail Summary'!$F$3:$F$1048576,'Element wise-detail Summary'!$B$3:$B$1048576,Summary!$A71,'Element wise-detail Summary'!$C$3:$C$1048576,Summary!B71) -> 17 | E71: =SUMIFS('Element wise-detail Summary'!$G$3:$G$1048576,'Element wise-detail Summary'!$B$3:$B$1048576,Summary!$A71,'Element wise-detail Summary'!$C$3:$C$1048576,Summary!B71) -> 17 | F71: =D71-E71 -> 0 | G71: =E71/C71 -> 100% | H71: =SUMIFS('Element wise-detail Summary'!$I$3:$I$1048576,'Element wise-detail Summary'!$B$3:$B$1048576,A71,'Element wise-detail Summary'!$C$3:$C$1048576,B71) -> 0 | I71: =D71-H71 -> 17 | J71: =H71/C71 -> 0% | K71: =E71-H71 -> 17 | L71: =SUMIFS('Element wise-detail Summary'!$M$3:$M$1048576,'Element wise-detail Summary'!$B$3:$B$1048576,A71,'Element wise-detail Summary'!$C$3:$C$1048576,B71) -> 0 | M71: =D71-L71 -> 17 | N71: =L71/C71 -> 0% | O71: 4 EXT | P71: =+C71-D71 -> 0 | Q71: =_xlfn.MAXIFS([1]Details!$B:$B,[1]Details!$G:$G,B71) -> #ERROR!
A72: J2A | B72: J021 | C72: 17 | D72: =SUMIFS('Element wise-detail Summary'!$F$3:$F$1048576,'Element wise-detail Summary'!$B$3:$B$1048576,Summary!$A72,'Element wise-detail Summary'!$C$3:$C$1048576,Summary!B72) -> 17 | E72: =SUMIFS('Element wise-detail Summary'!$G$3:$G$1048576,'Element wise-detail Summary'!$B$3:$B$1048576,Summary!$A72,'Element wise-detail Summary'!$C$3:$C$1048576,Summary!B72) -> 17 | F72: =D72-E72 -> 0 | G72: =E72/C72 -> 100% | H72: =SUMIFS('Element wise-detail Summary'!$I$3:$I$1048576,'Element wise-detail Summary'!$B$3:$B$1048576,A72,'Element wise-detail Summary'!$C$3:$C$1048576,B72) -> 0 | I72: =D72-H72 -> 17 | J72: =H72/C72 -> 0% | K72: =E72-H72 -> 17 | L72: =SUMIFS('Element wise-detail Summary'!$M$3:$M$1048576,'Element wise-detail Summary'!$B$3:$B$1048576,A72,'Element wise-detail Summary'!$C$3:$C$1048576,B72) -> 0 | M72: =D72-L72 -> 17 | N72: =L72/C72 -> 0% | O72: 4 EXT | P72: =+C72-D72 -> 0 | Q72: =_xlfn.MAXIFS([1]Details!$B:$B,[1]Details!$G:$G,B72) -> #ERROR!
A73: J2A | B73: J022 | C73: 16 | D73: =SUMIFS('Element wise-detail Summary'!$F$3:$F$1048576,'Element wise-detail Summary'!$B$3:$B$1048576,Summary!$A73,'Element wise-detail Summary'!$C$3:$C$1048576,Summary!B73) -> 16 | E73: =SUMIFS('Element wise-detail Summary'!$G$3:$G$1048576,'Element wise-detail Summary'!$B$3:$B$1048576,Summary!$A73,'Element wise-detail Summary'!$C$3:$C$1048576,Summary!B73) -> 14 | F73: =D73-E73 -> 2 | G73: =E73/C73 -> 88% | H73: =SUMIFS('Element wise-detail Summary'!$I$3:$I$1048576,'Element wise-detail Summary'!$B$3:$B$1048576,A73,'Element wise-detail Summary'!$C$3:$C$1048576,B73) -> 0 | I73: =D73-H73 -> 16 | J73: =H73/C73 -> 0% | K73: =E73-H73 -> 14 | L73: =SUMIFS('Element wise-detail Summary'!$M$3:$M$1048576,'Element wise-detail Summary'!$B$3:$B$1048576,A73,'Element wise-detail Summary'!$C$3:$C$1048576,B73) -> 0 | M73: =D73-L73 -> 16 | N73: =L73/C73 -> 0% | O73: 3 EXT | P73: =+C73-D73 -> 0 | Q73: =_xlfn.MAXIFS([1]Details!$B:$B,[1]Details!$G:$G,B73) -> #ERROR!
A74: J2A | B74: J023 | C74: 16 | D74: =SUMIFS('Element wise-detail Summary'!$F$3:$F$1048576,'Element wise-detail Summary'!$B$3:$B$1048576,Summary!$A74,'Element wise-detail Summary'!$C$3:$C$1048576,Summary!B74) -> 16 | E74: =SUMIFS('Element wise-detail Summary'!$G$3:$G$1048576,'Element wise-detail Summary'!$B$3:$B$1048576,Summary!$A74,'Element wise-detail Summary'!$C$3:$C$1048576,Summary!B74) -> 15 | F74: =D74-E74 -> 1 | G74: =E74/C74 -> 94% | H74: =SUMIFS('Element wise-detail Summary'!$I$3:$I$1048576,'Element wise-detail Summary'!$B$3:$B$1048576,A74,'Element wise-detail Summary'!$C$3:$C$1048576,B74) -> 0 | I74: =D74-H74 -> 16 | J74: =H74/C74 -> 0% | K74: =E74-H74 -> 15 | L74: =SUMIFS('Element wise-detail Summary'!$M$3:$M$1048576,'Element wise-detail Summary'!$B$3:$B$1048576,A74,'Element wise-detail Summary'!$C$3:$C$1048576,B74) -> 0 | M74: =D74-L74 -> 16 | N74: =L74/C74 -> 0% | O74: 3 EXT | P74: =+C74-D74 -> 0 | Q74: =_xlfn.MAXIFS([1]Details!$B:$B,[1]Details!$G:$G,B74) -> #ERROR!
A75: J2A | B75: J024 | C75: 16 | D75: =SUMIFS('Element wise-detail Summary'!$F$3:$F$1048576,'Element wise-detail Summary'!$B$3:$B$1048576,Summary!$A75,'Element wise-detail Summary'!$C$3:$C$1048576,Summary!B75) -> 16 | E75: =SUMIFS('Element wise-detail Summary'!$G$3:$G$1048576,'Element wise-detail Summary'!$B$3:$B$1048576,Summary!$A75,'Element wise-detail Summary'!$C$3:$C$1048576,Summary!B75) -> 15 | F75: =D75-E75 -> 1 | G75: =E75/C75 -> 94% | H75: =SUMIFS('Element wise-detail Summary'!$I$3:$I$1048576,'Element wise-detail Summary'!$B$3:$B$1048576,A75,'Element wise-detail Summary'!$C$3:$C$1048576,B75) -> 0 | I75: =D75-H75 -> 16 | J75: =H75/C75 -> 0% | K75: =E75-H75 -> 15 | L75: =SUMIFS('Element wise-detail Summary'!$M$3:$M$1048576,'Element wise-detail Summary'!$B$3:$B$1048576,A75,'Element wise-detail Summary'!$C$3:$C$1048576,B75) -> 0 | M75: =D75-L75 -> 16 | N75: =L75/C75 -> 0% | O75: 3 EXT | P75: =+C75-D75 -> 0 | Q75: =_xlfn.MAXIFS([1]Details!$B:$B,[1]Details!$G:$G,B75) -> #ERROR!
A76: J2A | B76: J025 | C76: 16 | D76: =SUMIFS('Element wise-detail Summary'!$F$3:$F$1048576,'Element wise-detail Summary'!$B$3:$B$1048576,Summary!$A76,'Element wise-detail Summary'!$C$3:$C$1048576,Summary!B76) -> 16 | E76: =SUMIFS('Element wise-detail Summary'!$G$3:$G$1048576,'Element wise-detail Summary'!$B$3:$B$1048576,Summary!$A76,'Element wise-detail Summary'!$C$3:$C$1048576,Summary!B76) -> 14 | F76: =D76-E76 -> 2 | G76: =E76/C76 -> 88% | H76: =SUMIFS('Element wise-detail Summary'!$I$3:$I$1048576,'Element wise-detail Summary'!$B$3:$B$1048576,A76,'Element wise-detail Summary'!$C$3:$C$1048576,B76) -> 0 | I76: =D76-H76 -> 16 | J76: =H76/C76 -> 0% | K76: =E76-H76 -> 14 | L76: =SUMIFS('Element wise-detail Summary'!$M$3:$M$1048576,'Element wise-detail Summary'!$B$3:$B$1048576,A76,'Element wise-detail Summary'!$C$3:$C$1048576,B76) -> 0 | M76: =D76-L76 -> 16 | N76: =L76/C76 -> 0% | O76: 3 EXT | P76: =+C76-D76 -> 0 | Q76: =_xlfn.MAXIFS([1]Details!$B:$B,[1]Details!$G:$G,B76) -> #ERROR!
A77: J2A | B77: J026 | C77: 16 | D77: =SUMIFS('Element wise-detail Summary'!$F$3:$F$1048576,'Element wise-detail Summary'!$B$3:$B$1048576,Summary!$A77,'Element wise-detail Summary'!$C$3:$C$1048576,Summary!B77) -> 16 | E77: =SUMIFS('Element wise-detail Summary'!$G$3:$G$1048576,'Element wise-detail Summary'!$B$3:$B$1048576,Summary!$A77,'Element wise-detail Summary'!$C$3:$C$1048576,Summary!B77) -> 15 | F77: =D77-E77 -> 1 | G77: =E77/C77 -> 94% | H77: =SUMIFS('Element wise-detail Summary'!$I$3:$I$1048576,'Element wise-detail Summary'!$B$3:$B$1048576,A77,'Element wise-detail Summary'!$C$3:$C$1048576,B77) -> 0 | I77: =D77-H77 -> 16 | J77: =H77/C77 -> 0% | K77: =E77-H77 -> 15 | L77: =SUMIFS('Element wise-detail Summary'!$M$3:$M$1048576,'Element wise-detail Summary'!$B$3:$B$1048576,A77,'Element wise-detail Summary'!$C$3:$C$1048576,B77) -> 0 | M77: =D77-L77 -> 16 | N77: =L77/C77 -> 0% | O77: 3 EXT | P77: =+C77-D77 -> 0 | Q77: =_xlfn.MAXIFS([1]Details!$B:$B,[1]Details!$G:$G,B77) -> #ERROR!
A78: J2A | B78: J027 | C78: 17 | D78: =SUMIFS('Element wise-detail Summary'!$F$3:$F$1048576,'Element wise-detail Summary'!$B$3:$B$1048576,Summary!$A78,'Element wise-detail Summary'!$C$3:$C$1048576,Summary!B78) -> 17 | E78: =SUMIFS('Element wise-detail Summary'!$G$3:$G$1048576,'Element wise-detail Summary'!$B$3:$B$1048576,Summary!$A78,'Element wise-detail Summary'!$C$3:$C$1048576,Summary!B78) -> 13 | F78: =D78-E78 -> 4 | G78: =E78/C78 -> 76% | H78: =SUMIFS('Element wise-detail Summary'!$I$3:$I$1048576,'Element wise-detail Summary'!$B$3:$B$1048576,A78,'Element wise-detail Summary'!$C$3:$C$1048576,B78) -> 0 | I78: =D78-H78 -> 17 | J78: =H78/C78 -> 0% | K78: =E78-H78 -> 13 | L78: =SUMIFS('Element wise-detail Summary'!$M$3:$M$1048576,'Element wise-detail Summary'!$B$3:$B$1048576,A78,'Element wise-detail Summary'!$C$3:$C$1048576,B78) -> 0 | M78: =D78-L78 -> 17 | N78: =L78/C78 -> 0% | O78: 4 EXT | P78: =+C78-D78 -> 0 | Q78: =_xlfn.MAXIFS([1]Details!$B:$B,[1]Details!$G:$G,B78) -> #ERROR!
A79: J2A | B79: =COUNTA(B67:B78) & " NOS" -> 12 NOS | C79: =SUM(C67:C78) -> 199 | D79: =SUM(D67:D78) -> 199 | E79: =SUM(E67:E78) -> 180 | F79: =SUM(F67:F78) -> 19 | G79: =E79/C79 -> 90% | H79: =SUM(H67:H78) -> 0 | I79: =SUM(I67:I78) -> 199 | J79: =H79/C79 -> 0% | K79: =SUM(K67:K78) -> 180 | L79: =SUM(L67:L78) -> 0 | M79: =D79-L79 -> 199 | N79: =L79/C79 -> 0% | P79: =+C79-D79 -> 0
A81: J2C | B81: J070 | C81: 20 | D81: =SUMIFS('Element wise-detail Summary'!$F$3:$F$1048576,'Element wise-detail Summary'!$B$3:$B$1048576,Summary!$A81,'Element wise-detail Summary'!$C$3:$C$1048576,Summary!B81) -> 20 | E81: =SUMIFS('Element wise-detail Summary'!$G$3:$G$1048576,'Element wise-detail Summary'!$B$3:$B$1048576,Summary!$A81,'Element wise-detail Summary'!$C$3:$C$1048576,Summary!B81) -> 14 | F81: =D81-E81 -> 6 | G81: =E81/C81 -> 70% | H81: =SUMIFS('Element wise-detail Summary'!$I$3:$I$1048576,'Element wise-detail Summary'!$B$3:$B$1048576,A81,'Element wise-detail Summary'!$C$3:$C$1048576,B81) -> 0 | I81: =D81-H81 -> 20 | J81: =H81/C81 -> 0% | K81: =E81-H81 -> 14 | L81: =SUMIFS('Element wise-detail Summary'!$M$3:$M$1048576,'Element wise-detail Summary'!$B$3:$B$1048576,A81,'Element wise-detail Summary'!$C$3:$C$1048576,B81) -> 0 | M81: =D81-L81 -> 20 | N81: =L81/C81 -> 0% | O81: 4 EXT | P81: =+C81-D81 -> 0 | Q81: =_xlfn.MAXIFS([1]Details!$B:$B,[1]Details!$G:$G,B81) -> #ERROR!
A82: J2C | B82: J071 | C82: 17 | D82: =SUMIFS('Element wise-detail Summary'!$F$3:$F$1048576,'Element wise-detail Summary'!$B$3:$B$1048576,Summary!$A82,'Element wise-detail Summary'!$C$3:$C$1048576,Summary!B82) -> 17 | E82: =SUMIFS('Element wise-detail Summary'!$G$3:$G$1048576,'Element wise-detail Summary'!$B$3:$B$1048576,Summary!$A82,'Element wise-detail Summary'!$C$3:$C$1048576,Summary!B82) -> 12 | F82: =D82-E82 -> 5 | G82: =E82/C82 -> 71% | H82: =SUMIFS('Element wise-detail Summary'!$I$3:$I$1048576,'Element wise-detail Summary'!$B$3:$B$1048576,A82,'Element wise-detail Summary'!$C$3:$C$1048576,B82) -> 0 | I82: =D82-H82 -> 17 | J82: =H82/C82 -> 0% | K82: =E82-H82 -> 12 | L82: =SUMIFS('Element wise-detail Summary'!$M$3:$M$1048576,'Element wise-detail Summary'!$B$3:$B$1048576,A82,'Element wise-detail Summary'!$C$3:$C$1048576,B82) -> 0 | M82: =D82-L82 -> 17 | N82: =L82/C82 -> 0% | O82: 4 EXT | P82: =+C82-D82 -> 0 | Q82: =_xlfn.MAXIFS([1]Details!$B:$B,[1]Details!$G:$G,B82) -> #ERROR!
A83: J2C | B83: J072 | C83: 17 | D83: =SUMIFS('Element wise-detail Summary'!$F$3:$F$1048576,'Element wise-detail Summary'!$B$3:$B$1048576,Summary!$A83,'Element wise-detail Summary'!$C$3:$C$1048576,Summary!B83) -> 17 | E83: =SUMIFS('Element wise-detail Summary'!$G$3:$G$1048576,'Element wise-detail Summary'!$B$3:$B$1048576,Summary!$A83,'Element wise-detail Summary'!$C$3:$C$1048576,Summary!B83) -> 15 | F83: =D83-E83 -> 2 | G83: =E83/C83 -> 88% | H83: =SUMIFS('Element wise-detail Summary'!$I$3:$I$1048576,'Element wise-detail Summary'!$B$3:$B$1048576,A83,'Element wise-detail Summary'!$C$3:$C$1048576,B83) -> 0 | I83: =D83-H83 -> 17 | J83: =H83/C83 -> 0% | K83: =E83-H83 -> 15 | L83: =SUMIFS('Element wise-detail Summary'!$M$3:$M$1048576,'Element wise-detail Summary'!$B$3:$B$1048576,A83,'Element wise-detail Summary'!$C$3:$C$1048576,B83) -> 0 | M83: =D83-L83 -> 17 | N83: =L83/C83 -> 0% | O83: 4 EXT | P83: =+C83-D83 -> 0 | Q83: =_xlfn.MAXIFS([1]Details!$B:$B,[1]Details!$G:$G,B83) -> #ERROR!
A84: J2C | B84: J073 | C84: 20 | D84: =SUMIFS('Element wise-detail Summary'!$F$3:$F$1048576,'Element wise-detail Summary'!$B$3:$B$1048576,Summary!$A84,'Element wise-detail Summary'!$C$3:$C$1048576,Summary!B84) -> 20 | E84: =SUMIFS('Element wise-detail Summary'!$G$3:$G$1048576,'Element wise-detail Summary'!$B$3:$B$1048576,Summary!$A84,'Element wise-detail Summary'!$C$3:$C$1048576,Summary!B84) -> 13 | F84: =D84-E84 -> 7 | G84: =E84/C84 -> 65% | H84: =SUMIFS('Element wise-detail Summary'!$I$3:$I$1048576,'Element wise-detail Summary'!$B$3:$B$1048576,A84,'Element wise-detail Summary'!$C$3:$C$1048576,B84) -> 0 | I84: =D84-H84 -> 20 | J84: =H84/C84 -> 0% | K84: =E84-H84 -> 13 | L84: =SUMIFS('Element wise-detail Summary'!$M$3:$M$1048576,'Element wise-detail Summary'!$B$3:$B$1048576,A84,'Element wise-detail Summary'!$C$3:$C$1048576,B84) -> 0 | M84: =D84-L84 -> 20 | N84: =L84/C84 -> 0% | O84: 4 EXT | P84: =+C84-D84 -> 0 | Q84: =_xlfn.MAXIFS([1]Details!$B:$B,[1]Details!$G:$G,B84) -> #ERROR!
A85: J2C | B85: J074 | C85: 25 | D85: =SUMIFS('Element wise-detail Summary'!$F$3:$F$1048576,'Element wise-detail Summary'!$B$3:$B$1048576,Summary!$A85,'Element wise-detail Summary'!$C$3:$C$1048576,Summary!B85) -> 25 | E85: =SUMIFS('Element wise-detail Summary'!$G$3:$G$1048576,'Element wise-detail Summary'!$B$3:$B$1048576,Summary!$A85,'Element wise-detail Summary'!$C$3:$C$1048576,Summary!B85) -> 20 | F85: =D85-E85 -> 5 | G85: =E85/C85 -> 80% | H85: =SUMIFS('Element wise-detail Summary'!$I$3:$I$1048576,'Element wise-detail Summary'!$B$3:$B$1048576,A85,'Element wise-detail Summary'!$C$3:$C$1048576,B85) -> 0 | I85: =D85-H85 -> 25 | J85: =H85/C85 -> 0% | K85: =E85-H85 -> 20 | L85: =SUMIFS('Element wise-detail Summary'!$M$3:$M$1048576,'Element wise-detail Summary'!$B$3:$B$1048576,A85,'Element wise-detail Summary'!$C$3:$C$1048576,B85) -> 0 | M85: =D85-L85 -> 25 | N85: =L85/C85 -> 0% | O85: 8 EXT | P85: =+C85-D85 -> 0 | Q85: =_xlfn.MAXIFS([1]Details!$B:$B,[1]Details!$G:$G,B85) -> #ERROR!
A86: J2C | B86: J075 | C86: 23 | D86: =SUMIFS('Element wise-detail Summary'!$F$3:$F$1048576,'Element wise-detail Summary'!$B$3:$B$1048576,Summary!$A86,'Element wise-detail Summary'!$C$3:$C$1048576,Summary!B86) -> 23 | E86: =SUMIFS('Element wise-detail Summary'!$G$3:$G$1048576,'Element wise-detail Summary'!$B$3:$B$1048576,Summary!$A86,'Element wise-detail Summary'!$C$3:$C$1048576,Summary!B86) -> 19 | F86: =D86-E86 -> 4 | G86: =E86/C86 -> 83% | H86: =SUMIFS('Element wise-detail Summary'!$I$3:$I$1048576,'Element wise-detail Summary'!$B$3:$B$1048576,A86,'Element wise-detail Summary'!$C$3:$C$1048576,B86) -> 0 | I86: =D86-H86 -> 23 | J86: =H86/C86 -> 0% | K86: =E86-H86 -> 19 | L86: =SUMIFS('Element wise-detail Summary'!$M$3:$M$1048576,'Element wise-detail Summary'!$B$3:$B$1048576,A86,'Element wise-detail Summary'!$C$3:$C$1048576,B86) -> 0 | M86: =D86-L86 -> 23 | N86: =L86/C86 -> 0% | O86: 6 EXT | P86: =+C86-D86 -> 0 | Q86: =_xlfn.MAXIFS([1]Details!$B:$B,[1]Details!$G:$G,B86) -> #ERROR!
A87: J2C | B87: J076 | C87: 19 | D87: =SUMIFS('Element wise-detail Summary'!$F$3:$F$1048576,'Element wise-detail Summary'!$B$3:$B$1048576,Summary!$A87,'Element wise-detail Summary'!$C$3:$C$1048576,Summary!B87) -> 19 | E87: =SUMIFS('Element wise-detail Summary'!$G$3:$G$1048576,'Element wise-detail Summary'!$B$3:$B$1048576,Summary!$A87,'Element wise-detail Summary'!$C$3:$C$1048576,Summary!B87) -> 10 | F87: =D87-E87 -> 9 | G87: =E87/C87 -> 53% | H87: =SUMIFS('Element wise-detail Summary'!$I$3:$I$1048576,'Element wise-detail Summary'!$B$3:$B$1048576,A87,'Element wise-detail Summary'!$C$3:$C$1048576,B87) -> 0 | I87: =D87-H87 -> 19 | J87: =H87/C87 -> 0% | K87: =E87-H87 -> 10 | L87: =SUMIFS('Element wise-detail Summary'!$M$3:$M$1048576,'Element wise-detail Summary'!$B$3:$B$1048576,A87,'Element wise-detail Summary'!$C$3:$C$1048576,B87) -> 0 | M87: =D87-L87 -> 19 | N87: =L87/C87 -> 0% | O87: 4 EXT | P87: =+C87-D87 -> 0 | Q87: =_xlfn.MAXIFS([1]Details!$B:$B,[1]Details!$G:$G,B87) -> #ERROR!
A88: J2C | B88: =COUNTA(B81:B87) & " NOS" -> 7 NOS | C88: =SUM(C81:C87) -> 141 | D88: =SUM(D81:D87) -> 141 | E88: =SUM(E81:E87) -> 103 | F88: =SUM(F81:F87) -> 38 | G88: =E88/C88 -> 73% | H88: =SUM(H81:H87) -> 0 | I88: =SUM(I81:I87) -> 141 | J88: =H88/C88 -> 0% | K88: =SUM(K81:K87) -> 103 | L88: =SUM(L81:L87) -> 0 | M88: =D88-L88 -> 141 | N88: =L88/C88 -> 0% | P88: =+C88-D88 -> 0
A90: J2B | B90: J077 | C90: 27 | D90: =SUMIFS('Element wise-detail Summary'!$F$3:$F$1048576,'Element wise-detail Summary'!$B$3:$B$1048576,Summary!$A90,'Element wise-detail Summary'!$C$3:$C$1048576,Summary!B90) -> 27 | E90: =SUMIFS('Element wise-detail Summary'!$G$3:$G$1048576,'Element wise-detail Summary'!$B$3:$B$1048576,Summary!$A90,'Element wise-detail Summary'!$C$3:$C$1048576,Summary!B90) -> 1 | F90: =D90-E90 -> 26 | G90: =E90/C90 -> 4% | H90: =SUMIFS('Element wise-detail Summary'!$I$3:$I$1048576,'Element wise-detail Summary'!$B$3:$B$1048576,A90,'Element wise-detail Summary'!$C$3:$C$1048576,B90) -> 0 | I90: =D90-H90 -> 27 | J90: =H90/C90 -> 0% | K90: =E90-H90 -> 1 | L90: =SUMIFS('Element wise-detail Summary'!$M$3:$M$1048576,'Element wise-detail Summary'!$B$3:$B$1048576,A90,'Element wise-detail Summary'!$C$3:$C$1048576,B90) -> 0 | M90: =D90-L90 -> 27 | N90: =L90/C90 -> 0% | P90: =+C90-D90 -> 0 | Q90: =_xlfn.MAXIFS([1]Details!$B:$B,[1]Details!$G:$G,B90) -> #ERROR!
A91: J2B | B91: J078 | C91: 31 | D91: =SUMIFS('Element wise-detail Summary'!$F$3:$F$1048576,'Element wise-detail Summary'!$B$3:$B$1048576,Summary!$A91,'Element wise-detail Summary'!$C$3:$C$1048576,Summary!B91) -> 31 | E91: =SUMIFS('Element wise-detail Summary'!$G$3:$G$1048576,'Element wise-detail Summary'!$B$3:$B$1048576,Summary!$A91,'Element wise-detail Summary'!$C$3:$C$1048576,Summary!B91) -> 1 | F91: =D91-E91 -> 30 | G91: =E91/C91 -> 3% | H91: =SUMIFS('Element wise-detail Summary'!$I$3:$I$1048576,'Element wise-detail Summary'!$B$3:$B$1048576,A91,'Element wise-detail Summary'!$C$3:$C$1048576,B91) -> 0 | I91: =D91-H91 -> 31 | J91: =H91/C91 -> 0% | K91: =E91-H91 -> 1 | L91: =SUMIFS('Element wise-detail Summary'!$M$3:$M$1048576,'Element wise-detail Summary'!$B$3:$B$1048576,A91,'Element wise-detail Summary'!$C$3:$C$1048576,B91) -> 0 | M91: =D91-L91 -> 31 | N91: =L91/C91 -> 0% | P91: =+C91-D91 -> 0 | Q91: =_xlfn.MAXIFS([1]Details!$B:$B,[1]Details!$G:$G,B91) -> #ERROR!
A92: J2B | B92: J079 | C92: 22 | D92: =SUMIFS('Element wise-detail Summary'!$F$3:$F$1048576,'Element wise-detail Summary'!$B$3:$B$1048576,Summary!$A92,'Element wise-detail Summary'!$C$3:$C$1048576,Summary!B92) -> 15 | E92: =SUMIFS('Element wise-detail Summary'!$G$3:$G$1048576,'Element wise-detail Summary'!$B$3:$B$1048576,Summary!$A92,'Element wise-detail Summary'!$C$3:$C$1048576,Summary!B92) -> 0 | F92: =D92-E92 -> 15 | G92: =E92/C92 -> 0% | H92: =SUMIFS('Element wise-detail Summary'!$I$3:$I$1048576,'Element wise-detail Summary'!$B$3:$B$1048576,A92,'Element wise-detail Summary'!$C$3:$C$1048576,B92) -> 0 | I92: =D92-H92 -> 15 | J92: =H92/C92 -> 0% | K92: =E92-H92 -> 0 | L92: =SUMIFS('Element wise-detail Summary'!$M$3:$M$1048576,'Element wise-detail Summary'!$B$3:$B$1048576,A92,'Element wise-detail Summary'!$C$3:$C$1048576,B92) -> 0 | M92: =D92-L92 -> 15 | N92: =L92/C92 -> 0% | P92: =+C92-D92 -> 7 | Q92: =_xlfn.MAXIFS([1]Details!$B:$B,[1]Details!$G:$G,B92) -> #ERROR!
A93: J2B | B93: J080 | C93: 28 | D93: =SUMIFS('Element wise-detail Summary'!$F$3:$F$1048576,'Element wise-detail Summary'!$B$3:$B$1048576,Summary!$A93,'Element wise-detail Summary'!$C$3:$C$1048576,Summary!B93) -> 13 | E93: =SUMIFS('Element wise-detail Summary'!$G$3:$G$1048576,'Element wise-detail Summary'!$B$3:$B$1048576,Summary!$A93,'Element wise-detail Summary'!$C$3:$C$1048576,Summary!B93) -> 1 | F93: =D93-E93 -> 12 | G93: =E93/C93 -> 4% | H93: =SUMIFS('Element wise-detail Summary'!$I$3:$I$1048576,'Element wise-detail Summary'!$B$3:$B$1048576,A93,'Element wise-detail Summary'!$C$3:$C$1048576,B93) -> 0 | I93: =D93-H93 -> 13 | J93: =H93/C93 -> 0% | K93: =E93-H93 -> 1 | L93: =SUMIFS('Element wise-detail Summary'!$M$3:$M$1048576,'Element wise-detail Summary'!$B$3:$B$1048576,A93,'Element wise-detail Summary'!$C$3:$C$1048576,B93) -> 0 | M93: =D93-L93 -> 13 | N93: =L93/C93 -> 0% | P93: =+C93-D93 -> 15 | Q93: =_xlfn.MAXIFS([1]Details!$B:$B,[1]Details!$G:$G,B93) -> #ERROR!
A94: J2B | B94: J081 | C94: 26 | D94: =SUMIFS('Element wise-detail Summary'!$F$3:$F$1048576,'Element wise-detail Summary'!$B$3:$B$1048576,Summary!$A94,'Element wise-detail Summary'!$C$3:$C$1048576,Summary!B94) -> 8 | E94: =SUMIFS('Element wise-detail Summary'!$G$3:$G$1048576,'Element wise-detail Summary'!$B$3:$B$1048576,Summary!$A94,'Element wise-detail Summary'!$C$3:$C$1048576,Summary!B94) -> 2 | F94: =D94-E94 -> 6 | G94: =E94/C94 -> 8% | H94: =SUMIFS('Element wise-detail Summary'!$I$3:$I$1048576,'Element wise-detail Summary'!$B$3:$B$1048576,A94,'Element wise-detail Summary'!$C$3:$C$1048576,B94) -> 0 | I94: =D94-H94 -> 8 | J94: =H94/C94 -> 0% | K94: =E94-H94 -> 2 | L94: =SUMIFS('Element wise-detail Summary'!$M$3:$M$1048576,'Element wise-detail Summary'!$B$3:$B$1048576,A94,'Element wise-detail Summary'!$C$3:$C$1048576,B94) -> 0 | M94: =D94-L94 -> 8 | N94: =L94/C94 -> 0% | P94: =+C94-D94 -> 18 | Q94: =_xlfn.MAXIFS([1]Details!$B:$B,[1]Details!$G:$G,B94) -> #ERROR!
A95: J2B | B95: J082 | C95: 23 | D95: =SUMIFS('Element wise-detail Summary'!$F$3:$F$1048576,'Element wise-detail Summary'!$B$3:$B$1048576,Summary!$A95,'Element wise-detail Summary'!$C$3:$C$1048576,Summary!B95) -> 6 | E95: =SUMIFS('Element wise-detail Summary'!$G$3:$G$1048576,'Element wise-detail Summary'!$B$3:$B$1048576,Summary!$A95,'Element wise-detail Summary'!$C$3:$C$1048576,Summary!B95) -> 1 | F95: =D95-E95 -> 5 | G95: =E95/C95 -> 4% | H95: =SUMIFS('Element wise-detail Summary'!$I$3:$I$1048576,'Element wise-detail Summary'!$B$3:$B$1048576,A95,'Element wise-detail Summary'!$C$3:$C$1048576,B95) -> 0 | I95: =D95-H95 -> 6 | J95: =H95/C95 -> 0% | K95: =E95-H95 -> 1 | L95: =SUMIFS('Element wise-detail Summary'!$M$3:$M$1048576,'Element wise-detail Summary'!$B$3:$B$1048576,A95,'Element wise-detail Summary'!$C$3:$C$1048576,B95) -> 0 | M95: =D95-L95 -> 6 | N95: =L95/C95 -> 0% | P95: =+C95-D95 -> 17 | Q95: =_xlfn.MAXIFS([1]Details!$B:$B,[1]Details!$G:$G,B95) -> #ERROR!
A96: J2B | B96: J083 | C96: 21 | D96: =SUMIFS('Element wise-detail Summary'!$F$3:$F$1048576,'Element wise-detail Summary'!$B$3:$B$1048576,Summary!$A96,'Element wise-detail Summary'!$C$3:$C$1048576,Summary!B96) -> 5 | E96: =SUMIFS('Element wise-detail Summary'!$G$3:$G$1048576,'Element wise-detail Summary'!$B$3:$B$1048576,Summary!$A96,'Element wise-detail Summary'!$C$3:$C$1048576,Summary!B96) -> 0 | F96: =D96-E96 -> 5 | G96: =E96/C96 -> 0% | H96: =SUMIFS('Element wise-detail Summary'!$I$3:$I$1048576,'Element wise-detail Summary'!$B$3:$B$1048576,A96,'Element wise-detail Summary'!$C$3:$C$1048576,B96) -> 0 | I96: =D96-H96 -> 5 | J96: =H96/C96 -> 0% | K96: =E96-H96 -> 0 | L96: =SUMIFS('Element wise-detail Summary'!$M$3:$M$1048576,'Element wise-detail Summary'!$B$3:$B$1048576,A96,'Element wise-detail Summary'!$C$3:$C$1048576,B96) -> 0 | M96: =D96-L96 -> 5 | N96: =L96/C96 -> 0% | P96: =+C96-D96 -> 16 | Q96: =_xlfn.MAXIFS([1]Details!$B:$B,[1]Details!$G:$G,B96) -> #ERROR!
A97: J2B | B97: J084 | C97: 17 | D97: =SUMIFS('Element wise-detail Summary'!$F$3:$F$1048576,'Element wise-detail Summary'!$B$3:$B$1048576,Summary!$A97,'Element wise-detail Summary'!$C$3:$C$1048576,Summary!B97) -> 10 | E97: =SUMIFS('Element wise-detail Summary'!$G$3:$G$1048576,'Element wise-detail Summary'!$B$3:$B$1048576,Summary!$A97,'Element wise-detail Summary'!$C$3:$C$1048576,Summary!B97) -> 0 | F97: =D97-E97 -> 10 | G97: =E97/C97 -> 0% | H97: =SUMIFS('Element wise-detail Summary'!$I$3:$I$1048576,'Element wise-detail Summary'!$B$3:$B$1048576,A97,'Element wise-detail Summary'!$C$3:$C$1048576,B97) -> 0 | I97: =D97-H97 -> 10 | J97: =H97/C97 -> 0% | K97: =E97-H97 -> 0 | L97: =SUMIFS('Element wise-detail Summary'!$M$3:$M$1048576,'Element wise-detail Summary'!$B$3:$B$1048576,A97,'Element wise-detail Summary'!$C$3:$C$1048576,B97) -> 0 | M97: =D97-L97 -> 10 | N97: =L97/C97 -> 0% | P97: =+C97-D97 -> 7 | Q97: =_xlfn.MAXIFS([1]Details!$B:$B,[1]Details!$G:$G,B97) -> #ERROR!
A98: J2B | B98: J085 | C98: 16 | D98: =SUMIFS('Element wise-detail Summary'!$F$3:$F$1048576,'Element wise-detail Summary'!$B$3:$B$1048576,Summary!$A98,'Element wise-detail Summary'!$C$3:$C$1048576,Summary!B98) -> 16 | E98: =SUMIFS('Element wise-detail Summary'!$G$3:$G$1048576,'Element wise-detail Summary'!$B$3:$B$1048576,Summary!$A98,'Element wise-detail Summary'!$C$3:$C$1048576,Summary!B98) -> 0 | F98: =D98-E98 -> 16 | G98: =E98/C98 -> 0% | H98: =SUMIFS('Element wise-detail Summary'!$I$3:$I$1048576,'Element wise-detail Summary'!$B$3:$B$1048576,A98,'Element wise-detail Summary'!$C$3:$C$1048576,B98) -> 0 | I98: =D98-H98 -> 16 | J98: =H98/C98 -> 0% | K98: =E98-H98 -> 0 | L98: =SUMIFS('Element wise-detail Summary'!$M$3:$M$1048576,'Element wise-detail Summary'!$B$3:$B$1048576,A98,'Element wise-detail Summary'!$C$3:$C$1048576,B98) -> 0 | M98: =D98-L98 -> 16 | N98: =L98/C98 -> 0% | P98: =+C98-D98 -> 0 | Q98: =_xlfn.MAXIFS([1]Details!$B:$B,[1]Details!$G:$G,B98) -> #ERROR!
A99: J2B | B99: J086 | C99: 16 | D99: =SUMIFS('Element wise-detail Summary'!$F$3:$F$1048576,'Element wise-detail Summary'!$B$3:$B$1048576,Summary!$A99,'Element wise-detail Summary'!$C$3:$C$1048576,Summary!B99) -> 16 | E99: =SUMIFS('Element wise-detail Summary'!$G$3:$G$1048576,'Element wise-detail Summary'!$B$3:$B$1048576,Summary!$A99,'Element wise-detail Summary'!$C$3:$C$1048576,Summary!B99) -> 0 | F99: =D99-E99 -> 16 | G99: =E99/C99 -> 0% | H99: =SUMIFS('Element wise-detail Summary'!$I$3:$I$1048576,'Element wise-detail Summary'!$B$3:$B$1048576,A99,'Element wise-detail Summary'!$C$3:$C$1048576,B99) -> 0 | I99: =D99-H99 -> 16 | J99: =H99/C99 -> 0% | K99: =E99-H99 -> 0 | L99: =SUMIFS('Element wise-detail Summary'!$M$3:$M$1048576,'Element wise-detail Summary'!$B$3:$B$1048576,A99,'Element wise-detail Summary'!$C$3:$C$1048576,B99) -> 0 | M99: =D99-L99 -> 16 | N99: =L99/C99 -> 0% | P99: =+C99-D99 -> 0 | Q99: =_xlfn.MAXIFS([1]Details!$B:$B,[1]Details!$G:$G,B99) -> #ERROR!
A100: J2B | B100: =COUNTA(B90:B99) & " NOS" -> 10 NOS | C100: =SUM(C90:C99) -> 227 | D100: =SUM(D90:D99) -> 147 | E100: =SUM(E90:E99) -> 6 | F100: =SUM(F90:F99) -> 141 | G100: =E100/C100 -> 3% | H100: =SUM(H90:H99) -> 0 | I100: =SUM(I90:I99) -> 147 | J100: =H100/C100 -> 0% | K100: =SUM(K90:K99) -> 6 | L100: =SUM(L90:L99) -> 0 | M100: =SUM(M90:M99) -> 147 | N100: =L100/C100 -> 0% | P100: =+C100-D100 -> 80
A102: J3C | B102: J059 | C102: 27 | D102: =SUMIFS('Element wise-detail Summary'!$F$3:$F$1048576,'Element wise-detail Summary'!$B$3:$B$1048576,Summary!$A102,'Element wise-detail Summary'!$C$3:$C$1048576,Summary!B102) -> 27 | E102: =SUMIFS('Element wise-detail Summary'!$G$3:$G$1048576,'Element wise-detail Summary'!$B$3:$B$1048576,Summary!$A102,'Element wise-detail Summary'!$C$3:$C$1048576,Summary!B102) -> 4 | F102: =D102-E102 -> 23 | G102: =E102/C102 -> 15% | H102: =SUMIFS('Element wise-detail Summary'!$I$3:$I$1048576,'Element wise-detail Summary'!$B$3:$B$1048576,A102,'Element wise-detail Summary'!$C$3:$C$1048576,B102) -> 0 | I102: =D102-H102 -> 27 | J102: =H102/C102 -> 0% | K102: =E102-H102 -> 4 | L102: =SUMIFS('Element wise-detail Summary'!$M$3:$M$1048576,'Element wise-detail Summary'!$B$3:$B$1048576,A102,'Element wise-detail Summary'!$C$3:$C$1048576,B102) -> 0 | M102: =D102-L102 -> 27 | N102: =L102/C102 -> 0% | O102: 12 EXT | P102: =+C102-D102 -> 0 | Q102: =_xlfn.MAXIFS([1]Details!$B:$B,[1]Details!$G:$G,B102) -> #ERROR!
A103: J3C | B103: J060 | C103: 16 | D103: =SUMIFS('Element wise-detail Summary'!$F$3:$F$1048576,'Element wise-detail Summary'!$B$3:$B$1048576,Summary!$A103,'Element wise-detail Summary'!$C$3:$C$1048576,Summary!B103) -> 16 | E103: =SUMIFS('Element wise-detail Summary'!$G$3:$G$1048576,'Element wise-detail Summary'!$B$3:$B$1048576,Summary!$A103,'Element wise-detail Summary'!$C$3:$C$1048576,Summary!B103) -> 11 | F103: =D103-E103 -> 5 | G103: =E103/C103 -> 69% | H103: =SUMIFS('Element wise-detail Summary'!$I$3:$I$1048576,'Element wise-detail Summary'!$B$3:$B$1048576,A103,'Element wise-detail Summary'!$C$3:$C$1048576,B103) -> 0 | I103: =D103-H103 -> 16 | J103: =H103/C103 -> 0% | K103: =E103-H103 -> 11 | L103: =SUMIFS('Element wise-detail Summary'!$M$3:$M$1048576,'Element wise-detail Summary'!$B$3:$B$1048576,A103,'Element wise-detail Summary'!$C$3:$C$1048576,B103) -> 0 | M103: =D103-L103 -> 16 | N103: =L103/C103 -> 0% | O103: 3 EXT | P103: =+C103-D103 -> 0 | Q103: =_xlfn.MAXIFS([1]Details!$B:$B,[1]Details!$G:$G,B103) -> #ERROR!
A104: J3C | B104: J061 | C104: 16 | D104: =SUMIFS('Element wise-detail Summary'!$F$3:$F$1048576,'Element wise-detail Summary'!$B$3:$B$1048576,Summary!$A104,'Element wise-detail Summary'!$C$3:$C$1048576,Summary!B104) -> 16 | E104: =SUMIFS('Element wise-detail Summary'!$G$3:$G$1048576,'Element wise-detail Summary'!$B$3:$B$1048576,Summary!$A104,'Element wise-detail Summary'!$C$3:$C$1048576,Summary!B104) -> 12 | F104: =D104-E104 -> 4 | G104: =E104/C104 -> 75% | H104: =SUMIFS('Element wise-detail Summary'!$I$3:$I$1048576,'Element wise-detail Summary'!$B$3:$B$1048576,A104,'Element wise-detail Summary'!$C$3:$C$1048576,B104) -> 0 | I104: =D104-H104 -> 16 | J104: =H104/C104 -> 0% | K104: =E104-H104 -> 12 | L104: =SUMIFS('Element wise-detail Summary'!$M$3:$M$1048576,'Element wise-detail Summary'!$B$3:$B$1048576,A104,'Element wise-detail Summary'!$C$3:$C$1048576,B104) -> 0 | M104: =D104-L104 -> 16 | N104: =L104/C104 -> 0% | O104: 3 EXT | P104: =+C104-D104 -> 0 | Q104: =_xlfn.MAXIFS([1]Details!$B:$B,[1]Details!$G:$G,B104) -> #ERROR!
A105: J3C | B105: J062 | C105: 16 | D105: =SUMIFS('Element wise-detail Summary'!$F$3:$F$1048576,'Element wise-detail Summary'!$B$3:$B$1048576,Summary!$A105,'Element wise-detail Summary'!$C$3:$C$1048576,Summary!B105) -> 16 | E105: =SUMIFS('Element wise-detail Summary'!$G$3:$G$1048576,'Element wise-detail Summary'!$B$3:$B$1048576,Summary!$A105,'Element wise-detail Summary'!$C$3:$C$1048576,Summary!B105) -> 9 | F105: =D105-E105 -> 7 | G105: =E105/C105 -> 56% | H105: =SUMIFS('Element wise-detail Summary'!$I$3:$I$1048576,'Element wise-detail Summary'!$B$3:$B$1048576,A105,'Element wise-detail Summary'!$C$3:$C$1048576,B105) -> 0 | I105: =D105-H105 -> 16 | J105: =H105/C105 -> 0% | K105: =E105-H105 -> 9 | L105: =SUMIFS('Element wise-detail Summary'!$M$3:$M$1048576,'Element wise-detail Summary'!$B$3:$B$1048576,A105,'Element wise-detail Summary'!$C$3:$C$1048576,B105) -> 0 | M105: =D105-L105 -> 16 | N105: =L105/C105 -> 0% | O105: 3 EXT | P105: =+C105-D105 -> 0 | Q105: =_xlfn.MAXIFS([1]Details!$B:$B,[1]Details!$G:$G,B105) -> #ERROR!
A106: J3C | B106: J063 | C106: 16 | D106: =SUMIFS('Element wise-detail Summary'!$F$3:$F$1048576,'Element wise-detail Summary'!$B$3:$B$1048576,Summary!$A106,'Element wise-detail Summary'!$C$3:$C$1048576,Summary!B106) -> 16 | E106: =SUMIFS('Element wise-detail Summary'!$G$3:$G$1048576,'Element wise-detail Summary'!$B$3:$B$1048576,Summary!$A106,'Element wise-detail Summary'!$C$3:$C$1048576,Summary!B106) -> 5 | F106: =D106-E106 -> 11 | G106: =E106/C106 -> 31% | H106: =SUMIFS('Element wise-detail Summary'!$I$3:$I$1048576,'Element wise-detail Summary'!$B$3:$B$1048576,A106,'Element wise-detail Summary'!$C$3:$C$1048576,B106) -> 0 | I106: =D106-H106 -> 16 | J106: =H106/C106 -> 0% | K106: =E106-H106 -> 5 | L106: =SUMIFS('Element wise-detail Summary'!$M$3:$M$1048576,'Element wise-detail Summary'!$B$3:$B$1048576,A106,'Element wise-detail Summary'!$C$3:$C$1048576,B106) -> 0 | M106: =D106-L106 -> 16 | N106: =L106/C106 -> 0% | O106: 3 EXT | P106: =+C106-D106 -> 0 | Q106: =_xlfn.MAXIFS([1]Details!$B:$B,[1]Details!$G:$G,B106) -> #ERROR!
A107: J3C | B107: J064 | C107: 16 | D107: =SUMIFS('Element wise-detail Summary'!$F$3:$F$1048576,'Element wise-detail Summary'!$B$3:$B$1048576,Summary!$A107,'Element wise-detail Summary'!$C$3:$C$1048576,Summary!B107) -> 16 | E107: =SUMIFS('Element wise-detail Summary'!$G$3:$G$1048576,'Element wise-detail Summary'!$B$3:$B$1048576,Summary!$A107,'Element wise-detail Summary'!$C$3:$C$1048576,Summary!B107) -> 6 | F107: =D107-E107 -> 10 | G107: =E107/C107 -> 38% | H107: =SUMIFS('Element wise-detail Summary'!$I$3:$I$1048576,'Element wise-detail Summary'!$B$3:$B$1048576,A107,'Element wise-detail Summary'!$C$3:$C$1048576,B107) -> 0 | I107: =D107-H107 -> 16 | J107: =H107/C107 -> 0% | K107: =E107-H107 -> 6 | L107: =SUMIFS('Element wise-detail Summary'!$M$3:$M$1048576,'Element wise-detail Summary'!$B$3:$B$1048576,A107,'Element wise-detail Summary'!$C$3:$C$1048576,B107) -> 0 | M107: =D107-L107 -> 16 | N107: =L107/C107 -> 0% | O107: 3 EXT | P107: =+C107-D107 -> 0 | Q107: =_xlfn.MAXIFS([1]Details!$B:$B,[1]Details!$G:$G,B107) -> #ERROR!
A108: J3C | B108: J065 | C108: 16 | D108: =SUMIFS('Element wise-detail Summary'!$F$3:$F$1048576,'Element wise-detail Summary'!$B$3:$B$1048576,Summary!$A108,'Element wise-detail Summary'!$C$3:$C$1048576,Summary!B108) -> 16 | E108: =SUMIFS('Element wise-detail Summary'!$G$3:$G$1048576,'Element wise-detail Summary'!$B$3:$B$1048576,Summary!$A108,'Element wise-detail Summary'!$C$3:$C$1048576,Summary!B108) -> 6 | F108: =D108-E108 -> 10 | G108: =E108/C108 -> 38% | H108: =SUMIFS('Element wise-detail Summary'!$I$3:$I$1048576,'Element wise-detail Summary'!$B$3:$B$1048576,A108,'Element wise-detail Summary'!$C$3:$C$1048576,B108) -> 0 | I108: =D108-H108 -> 16 | J108: =H108/C108 -> 0% | K108: =E108-H108 -> 6 | L108: =SUMIFS('Element wise-detail Summary'!$M$3:$M$1048576,'Element wise-detail Summary'!$B$3:$B$1048576,A108,'Element wise-detail Summary'!$C$3:$C$1048576,B108) -> 0 | M108: =D108-L108 -> 16 | N108: =L108/C108 -> 0% | O108: 3 EXT | P108: =+C108-D108 -> 0 | Q108: =_xlfn.MAXIFS([1]Details!$B:$B,[1]Details!$G:$G,B108) -> #ERROR!
...

Sheet Element wise-detail Summary
A1: Element ID | B1: Zone | C1: Villa | D1: Location | E1: Product | F1: =SUBTOTAL(9,F3:F1048576) -> 2255 | G1: =SUBTOTAL(9,G3:G1048576) -> 1338 | H1: =SUBTOTAL(9,H3:H1048576) -> 917 | I1: =SUBTOTAL(9,I3:I1048576) -> 226 | J1: =SUBTOTAL(9,J3:J1048576) -> 2029 | K1: =SUBTOTAL(9,K3:K1048576) -> 1112 | M1: =SUBTOTAL(9,M3:M1048576) -> 182 | N1: =SUBTOTAL(9,N3:N1048576) -> 2073 | O1: =SUBTOTAL(9,O3:O1048576) -> 3186.4672 | P1: =SUBTOTAL(9,P3:P1048576) -> 7966.168
F2: Issued Qty | G2: Cast Qty | H2: Remain to Cast | I2: Deliver Qty | J2: Remain to Deliver | K2: Factory stock qty | L2: bay | M2: Install | N2: Remain to Install | O2: Vol.(m3)/pc | P2: Weight (Tons)
A3: 25045-A1A-A001-T1C2-001 | B3: {=XLOOKUP(A3,Data!F:F,Data!G:G)} -> A1A | C3: =MID(A3,11,4) -> A001 | D3: {=XLOOKUP(A3,Data!F:F,Data!C:C)} -> EXT | E3: {=XLOOKUP(A3,Data!F:F,Data!H:H)} -> BW | F3: =SUMIFS(Data!J:J,Data!F:F,A3) -> 1 | G3: =SUMIFS(Cast!C:C,CastElements,A3) -> 0 | H3: =F3-G3 -> 1 | I3: =SUMIFS(Del!C:C,Del!B:B,A3) -> 0 | J3: =F3-I3 -> 1 | K3: =G3-I3 -> 0 | M3: =SUMIFS(Ere!C:C,Ere!B:B,A3) -> 0 | N3: =F3-M3 -> 1 | O3: {=XLOOKUP(A3,Data!F:F,Data!O:O)} -> 1.20 | P3: =+O3*2.5 -> 2.99
A4: 25045-A1A-A001-T1C3-001 | B4: {=XLOOKUP(A4,Data!F:F,Data!G:G)} -> A1A | C4: =MID(A4,11,4) -> A001 | D4: {=XLOOKUP(A4,Data!F:F,Data!C:C)} -> EXT | E4: {=XLOOKUP(A4,Data!F:F,Data!H:H)} -> BW | F4: =SUMIFS(Data!J:J,Data!F:F,A4) -> 1 | G4: =SUMIFS(Cast!C:C,CastElements,A4) -> 0 | H4: =F4-G4 -> 1 | I4: =SUMIFS(Del!C:C,Del!B:B,A4) -> 0 | J4: =F4-I4 -> 1 | K4: =G4-I4 -> 0 | M4: =SUMIFS(Ere!C:C,Ere!B:B,A4) -> 0 | N4: =F4-M4 -> 1 | O4: {=XLOOKUP(A4,Data!F:F,Data!O:O)} -> 1.64 | P4: =+O4*2.5 -> 4.09
A5: 25045-A1A-A001-T1C3-002 | B5: {=XLOOKUP(A5,Data!F:F,Data!G:G)} -> A1A | C5: =MID(A5,11,4) -> A001 | D5: {=XLOOKUP(A5,Data!F:F,Data!C:C)} -> EXT | E5: {=XLOOKUP(A5,Data!F:F,Data!H:H)} -> BW | F5: =SUMIFS(Data!J:J,Data!F:F,A5) -> 1 | G5: =SUMIFS(Cast!C:C,CastElements,A5) -> 0 | H5: =F5-G5 -> 1 | I5: =SUMIFS(Del!C:C,Del!B:B,A5) -> 0 | J5: =F5-I5 -> 1 | K5: =G5-I5 -> 0 | M5: =SUMIFS(Ere!C:C,Ere!B:B,A5) -> 0 | N5: =F5-M5 -> 1 | O5: {=XLOOKUP(A5,Data!F:F,Data!O:O)} -> 1.47 | P5: =+O5*2.5 -> 3.66
A6: 25045-A1A-A001-T2C1-001 | B6: {=XLOOKUP(A6,Data!F:F,Data!G:G)} -> A1A | C6: =MID(A6,11,4) -> A001 | D6: {=XLOOKUP(A6,Data!F:F,Data!C:C)} -> EXT | E6: {=XLOOKUP(A6,Data!F:F,Data!H:H)} -> BW | F6: =SUMIFS(Data!J:J,Data!F:F,A6) -> 1 | G6: =SUMIFS(Cast!C:C,CastElements,A6) -> 1 | H6: =F6-G6 -> 0 | I6: =SUMIFS(Del!C:C,Del!B:B,A6) -> 0 | J6: =F6-I6 -> 1 | K6: =G6-I6 -> 1 | M6: =SUMIFS(Ere!C:C,Ere!B:B,A6) -> 0 | N6: =F6-M6 -> 1 | O6: {=XLOOKUP(A6,Data!F:F,Data!O:O)} -> 1.11 | P6: =+O6*2.5 -> 2.77
A7: 25045-A1A-A001-T2C1-002 | B7: {=XLOOKUP(A7,Data!F:F,Data!G:G)} -> A1A | C7: =MID(A7,11,4) -> A001 | D7: {=XLOOKUP(A7,Data!F:F,Data!C:C)} -> EXT | E7: {=XLOOKUP(A7,Data!F:F,Data!H:H)} -> BW | F7: =SUMIFS(Data!J:J,Data!F:F,A7) -> 1 | G7: =SUMIFS(Cast!C:C,CastElements,A7) -> 0 | H7: =F7-G7 -> 1 | I7: =SUMIFS(Del!C:C,Del!B:B,A7) -> 0 | J7: =F7-I7 -> 1 | K7: =G7-I7 -> 0 | M7: =SUMIFS(Ere!C:C,Ere!B:B,A7) -> 0 | N7: =F7-M7 -> 1 | O7: {=XLOOKUP(A7,Data!F:F,Data!O:O)} -> 1.24 | P7: =+O7*2.5 -> 3.09
A8: 25045-A1A-A001-T2C11-001 | B8: {=XLOOKUP(A8,Data!F:F,Data!G:G)} -> A1A | C8: =MID(A8,11,4) -> A001 | D8: {=XLOOKUP(A8,Data!F:F,Data!C:C)} | E8: {=XLOOKUP(A8,Data!F:F,Data!H:H)} -> BW | F8: =SUMIFS(Data!J:J,Data!F:F,A8) -> 1 | G8: =SUMIFS(Cast!C:C,CastElements,A8) -> 0 | H8: =F8-G8 -> 1 | I8: =SUMIFS(Del!C:C,Del!B:B,A8) -> 0 | J8: =F8-I8 -> 1 | K8: =G8-I8 -> 0 | M8: =SUMIFS(Ere!C:C,Ere!B:B,A8) -> 0 | N8: =F8-M8 -> 1 | O8: {=XLOOKUP(A8,Data!F:F,Data!O:O)} -> 2.77 | P8: =+O8*2.5 -> 6.93
A9: 25045-A1A-A001-T2C12-002 | B9: {=XLOOKUP(A9,Data!F:F,Data!G:G)} -> A1A | C9: =MID(A9,11,4) -> A001 | D9: {=XLOOKUP(A9,Data!F:F,Data!C:C)} | E9: {=XLOOKUP(A9,Data!F:F,Data!H:H)} -> BW | F9: =SUMIFS(Data!J:J,Data!F:F,A9) -> 1 | G9: =SUMIFS(Cast!C:C,CastElements,A9) -> 0 | H9: =F9-G9 -> 1 | I9: =SUMIFS(Del!C:C,Del!B:B,A9) -> 0 | J9: =F9-I9 -> 1 | K9: =G9-I9 -> 0 | M9: =SUMIFS(Ere!C:C,Ere!B:B,A9) -> 0 | N9: =F9-M9 -> 1 | O9: {=XLOOKUP(A9,Data!F:F,Data!O:O)} -> 3.27 | P9: =+O9*2.5 -> 8.17
A10: 25045-A1A-A001-T2C7-001 | B10: {=XLOOKUP(A10,Data!F:F,Data!G:G)} -> A1A | C10: =MID(A10,11,4) -> A001 | D10: {=XLOOKUP(A10,Data!F:F,Data!C:C)} | E10: {=XLOOKUP(A10,Data!F:F,Data!H:H)} -> BW | F10: =SUMIFS(Data!J:J,Data!F:F,A10) -> 1 | G10: =SUMIFS(Cast!C:C,CastElements,A10) -> 1 | H10: =F10-G10 -> 0 | I10: =SUMIFS(Del!C:C,Del!B:B,A10) -> 0 | J10: =F10-I10 -> 1 | K10: =G10-I10 -> 1 | M10: =SUMIFS(Ere!C:C,Ere!B:B,A10) -> 0 | N10: =F10-M10 -> 1 | O10: {=XLOOKUP(A10,Data!F:F,Data!O:O)} -> 2.20 | P10: =+O10*2.5 -> 5.51
A11: 25045-A1A-A001-T2C7-002 | B11: {=XLOOKUP(A11,Data!F:F,Data!G:G)} -> A1A | C11: =MID(A11,11,4) -> A001 | D11: {=XLOOKUP(A11,Data!F:F,Data!C:C)} | E11: {=XLOOKUP(A11,Data!F:F,Data!H:H)} -> BW | F11: =SUMIFS(Data!J:J,Data!F:F,A11) -> 1 | G11: =SUMIFS(Cast!C:C,CastElements,A11) -> 1 | H11: =F11-G11 -> 0 | I11: =SUMIFS(Del!C:C,Del!B:B,A11) -> 0 | J11: =F11-I11 -> 1 | K11: =G11-I11 -> 1 | M11: =SUMIFS(Ere!C:C,Ere!B:B,A11) -> 0 | N11: =F11-M11 -> 1 | O11: {=XLOOKUP(A11,Data!F:F,Data!O:O)} -> 2.21 | P11: =+O11*2.5 -> 5.53
A12: 25045-A1A-A001-T2C8-001 | B12: {=XLOOKUP(A12,Data!F:F,Data!G:G)} -> A1A | C12: =MID(A12,11,4) -> A001 | D12: {=XLOOKUP(A12,Data!F:F,Data!C:C)} | E12: {=XLOOKUP(A12,Data!F:F,Data!H:H)} -> BW | F12: =SUMIFS(Data!J:J,Data!F:F,A12) -> 1 | G12: =SUMIFS(Cast!C:C,CastElements,A12) -> 0 | H12: =F12-G12 -> 1 | I12: =SUMIFS(Del!C:C,Del!B:B,A12) -> 0 | J12: =F12-I12 -> 1 | K12: =G12-I12 -> 0 | M12: =SUMIFS(Ere!C:C,Ere!B:B,A12) -> 0 | N12: =F12-M12 -> 1 | O12: {=XLOOKUP(A12,Data!F:F,Data!O:O)} -> 2.41 | P12: =+O12*2.5 -> 6.03
A13: 25045-A1A-A001-T3C5-001 | B13: {=XLOOKUP(A13,Data!F:F,Data!G:G)} -> A1A | C13: =MID(A13,11,4) -> A001 | D13: {=XLOOKUP(A13,Data!F:F,Data!C:C)} | E13: {=XLOOKUP(A13,Data!F:F,Data!H:H)} -> BW | F13: =SUMIFS(Data!J:J,Data!F:F,A13) -> 1 | G13: =SUMIFS(Cast!C:C,CastElements,A13) -> 1 | H13: =F13-G13 -> 0 | I13: =SUMIFS(Del!C:C,Del!B:B,A13) -> 0 | J13: =F13-I13 -> 1 | K13: =G13-I13 -> 1 | M13: =SUMIFS(Ere!C:C,Ere!B:B,A13) -> 0 | N13: =F13-M13 -> 1 | O13: {=XLOOKUP(A13,Data!F:F,Data!O:O)} -> 2.49 | P13: =+O13*2.5 -> 6.21
A14: 25045-A1A-A001-T3C5-002 | B14: {=XLOOKUP(A14,Data!F:F,Data!G:G)} -> A1A | C14: =MID(A14,11,4) -> A001 | D14: {=XLOOKUP(A14,Data!F:F,Data!C:C)} | E14: {=XLOOKUP(A14,Data!F:F,Data!H:H)} -> BW | F14: =SUMIFS(Data!J:J,Data!F:F,A14) -> 1 | G14: =SUMIFS(Cast!C:C,CastElements,A14) -> 1 | H14: =F14-G14 -> 0 | I14: =SUMIFS(Del!C:C,Del!B:B,A14) -> 0 | J14: =F14-I14 -> 1 | K14: =G14-I14 -> 1 | M14: =SUMIFS(Ere!C:C,Ere!B:B,A14) -> 0 | N14: =F14-M14 -> 1 | O14: {=XLOOKUP(A14,Data!F:F,Data!O:O)} -> 2.33 | P14: =+O14*2.5 -> 5.83
... A2446: 25045-J3B-J041-T1C1-001 | B2446: {=XLOOKUP(A2446,Data!F:F,Data!G:G)} -> J3B | C2446: =MID(A2446,11,4) -> J041 | D2446: {=XLOOKUP(A2446,Data!F:F,Data!C:C)} -> EXT | E2446: {=XLOOKUP(A2446,Data!F:F,Data!H:H)} | F2446: =SUMIFS(Data!J:J,Data!F:F,A2446) -> 1 | G2446: =SUMIFS(Cast!C:C,CastElements,A2446) -> 0 | H2446: =F2446-G2446 -> 1 | I2446: =SUMIFS(Del!C:C,Del!B:B,A2446) -> 0 | J2446: =F2446-I2446 -> 1 | K2446: =G2446-I2446 -> 0 | M2446: =SUMIFS(Ere!C:C,Ere!B:B,A2446) -> 0 | N2446: =F2446-M2446 -> 1 | O2446: {=XLOOKUP(A2446,Data!F:F,Data!O:O)} -> 0.92 | P2446: =+O2446*2.5 -> 2.30
A2447: 25045-J3B-J041-T1C1-002 | B2447: {=XLOOKUP(A2447,Data!F:F,Data!G:G)} -> J3B | C2447: =MID(A2447,11,4) -> J041 | D2447: {=XLOOKUP(A2447,Data!F:F,Data!C:C)} -> EXT | E2447: {=XLOOKUP(A2447,Data!F:F,Data!H:H)} | F2447: =SUMIFS(Data!J:J,Data!F:F,A2447) -> 1 | G2447: =SUMIFS(Cast!C:C,CastElements,A2447) -> 0 | H2447: =F2447-G2447 -> 1 | I2447: =SUMIFS(Del!C:C,Del!B:B,A2447) -> 0 | J2447: =F2447-I2447 -> 1 | K2447: =G2447-I2447 -> 0 | M2447: =SUMIFS(Ere!C:C,Ere!B:B,A2447) -> 0 | N2447: =F2447-M2447 -> 1 | O2447: {=XLOOKUP(A2447,Data!F:F,Data!O:O)} -> 0.92 | P2447: =+O2447*2.5 -> 2.30 | V2447: J041 | W2447: {=GROUPBY($C$3:$C$5445,$F$3:$F$5445,_xleta.SUM,,,,($C$3:$C$5445)=V2447)} -> #NAME?
A2448: 25045-J3B-J041-T1C1-003 | B2448: {=XLOOKUP(A2448,Data!F:F,Data!G:G)} -> J3B | C2448: =MID(A2448,11,4) -> J041 | D2448: {=XLOOKUP(A2448,Data!F:F,Data!C:C)} -> EXT | E2448: {=XLOOKUP(A2448,Data!F:F,Data!H:H)} | F2448: =SUMIFS(Data!J:J,Data!F:F,A2448) -> 1 | G2448: =SUMIFS(Cast!C:C,CastElements,A2448) -> 0 | H2448: =F2448-G2448 -> 1 | I2448: =SUMIFS(Del!C:C,Del!B:B,A2448) -> 0 | J2448: =F2448-I2448 -> 1 | K2448: =G2448-I2448 -> 0 | M2448: =SUMIFS(Ere!C:C,Ere!B:B,A2448) -> 0 | N2448: =F2448-M2448 -> 1 | O2448: {=XLOOKUP(A2448,Data!F:F,Data!O:O)} -> 0.92 | P2448: =+O2448*2.5 -> 2.30 | V2448: J042
A2449: 25045-J3B-J041-T2C1-001 | B2449: {=XLOOKUP(A2449,Data!F:F,Data!G:G)} -> J3B | C2449: =MID(A2449,11,4) -> J041 | D2449: {=XLOOKUP(A2449,Data!F:F,Data!C:C)} | E2449: {=XLOOKUP(A2449,Data!F:F,Data!H:H)} | F2449: =SUMIFS(Data!J:J,Data!F:F,A2449) -> 1 | G2449: =SUMIFS(Cast!C:C,CastElements,A2449) -> 0 | H2449: =F2449-G2449 -> 1 | I2449: =SUMIFS(Del!C:C,Del!B:B,A2449) -> 0 | J2449: =F2449-I2449 -> 1 | K2449: =G2449-I2449 -> 0 | M2449: =SUMIFS(Ere!C:C,Ere!B:B,A2449) -> 0 | N2449: =F2449-M2449 -> 1 | O2449: {=XLOOKUP(A2449,Data!F:F,Data!O:O)} -> 1.22 | P2449: =+O2449*2.5 -> 3.05 | V2449: J043
A2450: 25045-J3B-J041-T2C1-002 | B2450: {=XLOOKUP(A2450,Data!F:F,Data!G:G)} -> J3B | C2450: =MID(A2450,11,4) -> J041 | D2450: {=XLOOKUP(A2450,Data!F:F,Data!C:C)} | E2450: {=XLOOKUP(A2450,Data!F:F,Data!H:H)} | F2450: =SUMIFS(Data!J:J,Data!F:F,A2450) -> 1 | G2450: =SUMIFS(Cast!C:C,CastElements,A2450) -> 0 | H2450: =F2450-G2450 -> 1 | I2450: =SUMIFS(Del!C:C,Del!B:B,A2450) -> 0 | J2450: =F2450-I2450 -> 1 | K2450: =G2450-I2450 -> 0 | M2450: =SUMIFS(Ere!C:C,Ere!B:B,A2450) -> 0 | N2450: =F2450-M2450 -> 1 | O2450: {=XLOOKUP(A2450,Data!F:F,Data!O:O)} -> 1.10 | P2450: =+O2450*2.5 -> 2.75 | V2450: J044
A2451: 25045-J3B-J041-T2C1-003 | B2451: {=XLOOKUP(A2451,Data!F:F,Data!G:G)} -> J3B | C2451: =MID(A2451,11,4) -> J041 | D2451: {=XLOOKUP(A2451,Data!F:F,Data!C:C)} | E2451: {=XLOOKUP(A2451,Data!F:F,Data!H:H)} | F2451: =SUMIFS(Data!J:J,Data!F:F,A2451) -> 1 | G2451: =SUMIFS(Cast!C:C,CastElements,A2451) -> 0 | H2451: =F2451-G2451 -> 1 | I2451: =SUMIFS(Del!C:C,Del!B:B,A2451) -> 0 | J2451: =F2451-I2451 -> 1 | K2451: =G2451-I2451 -> 0 | M2451: =SUMIFS(Ere!C:C,Ere!B:B,A2451) -> 0 | N2451: =F2451-M2451 -> 1 | O2451: {=XLOOKUP(A2451,Data!F:F,Data!O:O)} -> 1.15 | P2451: =+O2451*2.5 -> 2.88 | V2451: J045
A2452: 25045-J3B-J041-T2C1-004 | B2452: {=XLOOKUP(A2452,Data!F:F,Data!G:G)} -> J3B | C2452: =MID(A2452,11,4) -> J041 | D2452: {=XLOOKUP(A2452,Data!F:F,Data!C:C)} -> EXT | E2452: {=XLOOKUP(A2452,Data!F:F,Data!H:H)} | F2452: =SUMIFS(Data!J:J,Data!F:F,A2452) -> 1 | G2452: =SUMIFS(Cast!C:C,CastElements,A2452) -> 0 | H2452: =F2452-G2452 -> 1 | I2452: =SUMIFS(Del!C:C,Del!B:B,A2452) -> 0 | J2452: =F2452-I2452 -> 1 | K2452: =G2452-I2452 -> 0 | M2452: =SUMIFS(Ere!C:C,Ere!B:B,A2452) -> 0 | N2452: =F2452-M2452 -> 1 | O2452: {=XLOOKUP(A2452,Data!F:F,Data!O:O)} -> 0.79 | P2452: =+O2452*2.5 -> 1.98 | V2452: J046
A2453: 25045-J3B-J042-T2C1-001 | B2453: {=XLOOKUP(A2453,Data!F:F,Data!G:G)} -> J3B | C2453: =MID(A2453,11,4) -> J042 | D2453: {=XLOOKUP(A2453,Data!F:F,Data!C:C)} -> EXT | E2453: {=XLOOKUP(A2453,Data!F:F,Data!H:H)} | F2453: =SUMIFS(Data!J:J,Data!F:F,A2453) -> 1 | G2453: =SUMIFS(Cast!C:C,CastElements,A2453) -> 0 | H2453: =F2453-G2453 -> 1 | I2453: =SUMIFS(Del!C:C,Del!B:B,A2453) -> 0 | J2453: =F2453-I2453 -> 1 | K2453: =G2453-I2453 -> 0 | M2453: =SUMIFS(Ere!C:C,Ere!B:B,A2453) -> 0 | N2453: =F2453-M2453 -> 1 | O2453: {=XLOOKUP(A2453,Data!F:F,Data!O:O)} -> 0.79 | P2453: =+O2453*2.5 -> 1.98 | V2453: J047
A2454: 25045-J3B-J043-T2C1-001 | B2454: {=XLOOKUP(A2454,Data!F:F,Data!G:G)} -> J3B | C2454: =MID(A2454,11,4) -> J043 | D2454: {=XLOOKUP(A2454,Data!F:F,Data!C:C)} -> EXT | E2454: {=XLOOKUP(A2454,Data!F:F,Data!H:H)} | F2454: =SUMIFS(Data!J:J,Data!F:F,A2454) -> 1 | G2454: =SUMIFS(Cast!C:C,CastElements,A2454) -> 0 | H2454: =F2454-G2454 -> 1 | I2454: =SUMIFS(Del!C:C,Del!B:B,A2454) -> 0 | J2454: =F2454-I2454 -> 1 | K2454: =G2454-I2454 -> 0 | M2454: =SUMIFS(Ere!C:C,Ere!B:B,A2454) -> 0 | N2454: =F2454-M2454 -> 1 | O2454: {=XLOOKUP(A2454,Data!F:F,Data!O:O)} -> 0.79 | P2454: =+O2454*2.5 -> 1.98
A2455: 25045-J3B-J044-T2C1-001 | B2455: {=XLOOKUP(A2455,Data!F:F,Data!G:G)} -> J3B | C2455: =MID(A2455,11,4) -> J044 | D2455: {=XLOOKUP(A2455,Data!F:F,Data!C:C)} -> EXT | E2455: {=XLOOKUP(A2455,Data!F:F,Data!H:H)} | F2455: =SUMIFS(Data!J:J,Data!F:F,A2455) -> 1 | G2455: =SUMIFS(Cast!C:C,CastElements,A2455) -> 0 | H2455: =F2455-G2455 -> 1 | I2455: =SUMIFS(Del!C:C,Del!B:B,A2455) -> 0 | J2455: =F2455-I2455 -> 1 | K2455: =G2455-I2455 -> 0 | M2455: =SUMIFS(Ere!C:C,Ere!B:B,A2455) -> 0 | N2455: =F2455-M2455 -> 1 | O2455: {=XLOOKUP(A2455,Data!F:F,Data!O:O)} -> 0.79 | P2455: =+O2455*2.5 -> 1.98
A2456: 25045-J3B-J045-T2C1-001 | B2456: {=XLOOKUP(A2456,Data!F:F,Data!G:G)} -> J3B | C2456: =MID(A2456,11,4) -> J045 | D2456: {=XLOOKUP(A2456,Data!F:F,Data!C:C)} -> EXT | E2456: {=XLOOKUP(A2456,Data!F:F,Data!H:H)} | F2456: =SUMIFS(Data!J:J,Data!F:F,A2456) -> 1 | G2456: =SUMIFS(Cast!C:C,CastElements,A2456) -> 0 | H2456: =F2456-G2456 -> 1 | I2456: =SUMIFS(Del!C:C,Del!B:B,A2456) -> 0 | J2456: =F2456-I2456 -> 1 | K2456: =G2456-I2456 -> 0 | M2456: =SUMIFS(Ere!C:C,Ere!B:B,A2456) -> 0 | N2456: =F2456-M2456 -> 1 | O2456: {=XLOOKUP(A2456,Data!F:F,Data!O:O)} -> 0.79 | P2456: =+O2456*2.5 -> 1.98
A2457: 25045-J3B-J046-T2C1-001 | B2457: {=XLOOKUP(A2457,Data!F:F,Data!G:G)} -> J3B | C2457: =MID(A2457,11,4) -> J046 | D2457: {=XLOOKUP(A2457,Data!F:F,Data!C:C)} -> EXT | E2457: {=XLOOKUP(A2457,Data!F:F,Data!H:H)} | F2457: =SUMIFS(Data!J:J,Data!F:F,A2457) -> 1 | G2457: =SUMIFS(Cast!C:C,CastElements,A2457) -> 0 | H2457: =F2457-G2457 -> 1 | I2457: =SUMIFS(Del!C:C,Del!B:B,A2457) -> 0 | J2457: =F2457-I2457 -> 1 | K2457: =G2457-I2457 -> 0 | M2457: =SUMIFS(Ere!C:C,Ere!B:B,A2457) -> 0 | N2457: =F2457-M2457 -> 1 | O2457: {=XLOOKUP(A2457,Data!F:F,Data!O:O)} -> 0.79 | P2457: =+O2457*2.5 -> 1.98
A2458: 25045-J3B-J041-T2C5-001 | B2458: {=XLOOKUP(A2458,Data!F:F,Data!G:G)} -> J3B | C2458: =MID(A2458,11,4) -> J041 | D2458: {=XLOOKUP(A2458,Data!F:F,Data!C:C)} | E2458: {=XLOOKUP(A2458,Data!F:F,Data!H:H)} | F2458: =SUMIFS(Data!J:J,Data!F:F,A2458) -> 1 | G2458: =SUMIFS(Cast!C:C,CastElements,A2458) -> 0 | H2458: =F2458-G2458 -> 1 | I2458: =SUMIFS(Del!C:C,Del!B:B,A2458) -> 0 | J2458: =F2458-I2458 -> 1 | K2458: =G2458-I2458 -> 0 | M2458: =SUMIFS(Ere!C:C,Ere!B:B,A2458) -> 0 | N2458: =F2458-M2458 -> 1 | O2458: {=XLOOKUP(A2458,Data!F:F,Data!O:O)} -> 1.29 | P2458: =+O2458*2.5 -> 3.23
A2459: 25045-J3B-J041-T2C5-002 | B2459: {=XLOOKUP(A2459,Data!F:F,Data!G:G)} -> J3B | C2459: =MID(A2459,11,4) -> J041 | D2459: {=XLOOKUP(A2459,Data!F:F,Data!C:C)} | E2459: {=XLOOKUP(A2459,Data!F:F,Data!H:H)} | F2459: =SUMIFS(Data!J:J,Data!F:F,A2459) -> 1 | G2459: =SUMIFS(Cast!C:C,CastElements,A2459) -> 0 | H2459: =F2459-G2459 -> 1 | I2459: =SUMIFS(Del!C:C,Del!B:B,A2459) -> 0 | J2459: =F2459-I2459 -> 1 | K2459: =G2459-I2459 -> 0 | M2459: =SUMIFS(Ere!C:C,Ere!B:B,A2459) -> 0 | N2459: =F2459-M2459 -> 1 | O2459: {=XLOOKUP(A2459,Data!F:F,Data!O:O)} -> 1.34 | P2459: =+O2459*2.5 -> 3.35
A2460: 25045-J3B-J041-T2C9-001 | B2460: {=XLOOKUP(A2460,Data!F:F,Data!G:G)} -> J3B | C2460: =MID(A2460,11,4) -> J041 | D2460: {=XLOOKUP(A2460,Data!F:F,Data!C:C)} | E2460: {=XLOOKUP(A2460,Data!F:F,Data!H:H)} | F2460: =SUMIFS(Data!J:J,Data!F:F,A2460) -> 1 | G2460: =SUMIFS(Cast!C:C,CastElements,A2460) -> 0 | H2460: =F2460-G2460 -> 1 | I2460: =SUMIFS(Del!C:C,Del!B:B,A2460) -> 0 | J2460: =F2460-I2460 -> 1 | K2460: =G2460-I2460 -> 0 | M2460: =SUMIFS(Ere!C:C,Ere!B:B,A2460) -> 0 | N2460: =F2460-M2460 -> 1 | O2460: {=XLOOKUP(A2460,Data!F:F,Data!O:O)} -> 1.84 | P2460: =+O2460*2.5 -> 4.60
A2461: 25045-J3B-J041-T3C5-001 | B2461: {=XLOOKUP(A2461,Data!F:F,Data!G:G)} -> J3B | C2461: =MID(A2461,11,4) -> J041 | D2461: {=XLOOKUP(A2461,Data!F:F,Data!C:C)} | E2461: {=XLOOKUP(A2461,Data!F:F,Data!H:H)} | F2461: =SUMIFS(Data!J:J,Data!F:F,A2461) -> 1 | G2461: =SUMIFS(Cast!C:C,CastElements,A2461) -> 0 | H2461: =F2461-G2461 -> 1 | I2461: =SUMIFS(Del!C:C,Del!B:B,A2461) -> 0 | J2461: =F2461-I2461 -> 1 | K2461: =G2461-I2461 -> 0 | M2461: =SUMIFS(Ere!C:C,Ere!B:B,A2461) -> 0 | N2461: =F2461-M2461 -> 1 | O2461: {=XLOOKUP(A2461,Data!F:F,Data!O:O)} | P2461: =+O2461*2.5 -> -
A2462: 25045-J3B-J041-T3C5-002 | B2462: {=XLOOKUP(A2462,Data!F:F,Data!G:G)} -> J3B | C2462: =MID(A2462,11,4) -> J041 | D2462: {=XLOOKUP(A2462,Data!F:F,Data!C:C)} | E2462: {=XLOOKUP(A2462,Data!F:F,Data!H:H)} | F2462: =SUMIFS(Data!J:J,Data!F:F,A2462) -> 1 | G2462: =SUMIFS(Cast!C:C,CastElements,A2462) -> 0 | H2462: =F2462-G2462 -> 1 | I2462: =SUMIFS(Del!C:C,Del!B:B,A2462) -> 0 | J2462: =F2462-I2462 -> 1 | K2462: =G2462-I2462 -> 0 | M2462: =SUMIFS(Ere!C:C,Ere!B:B,A2462) -> 0 | N2462: =F2462-M2462 -> 1 | O2462: {=XLOOKUP(A2462,Data!F:F,Data!O:O)} -> 2.12 | P2462: =+O2462*2.5 -> 5.30
A2463: 25045-J3B-J041-T3C5-003 | B2463: {=XLOOKUP(A2463,Data!F:F,Data!G:G)} -> J3B | C2463: =MID(A2463,11,4) -> J041 | D2463: {=XLOOKUP(A2463,Data!F:F,Data!C:C)} | E2463: {=XLOOKUP(A2463,Data!F:F,Data!H:H)} | F2463: =SUMIFS(Data!J:J,Data!F:F,A2463) -> 1 | G2463: =SUMIFS(Cast!C:C,CastElements,A2463) -> 0 | H2463: =F2463-G2463 -> 1 | I2463: =SUMIFS(Del!C:C,Del!B:B,A2463) -> 0 | J2463: =F2463-I2463 -> 1 | K2463: =G2463-I2463 -> 0 | M2463: =SUMIFS(Ere!C:C,Ere!B:B,A2463) -> 0 | N2463: =F2463-M2463 -> 1 | O2463: {=XLOOKUP(A2463,Data!F:F,Data!O:O)} -> 2.12 | P2463: =+O2463*2.5 -> 5.30
A2464: 25045-J3B-J041-T3C5-004 | B2464: {=XLOOKUP(A2464,Data!F:F,Data!G:G)} -> J3B | C2464: =MID(A2464,11,4) -> J041 | D2464: {=XLOOKUP(A2464,Data!F:F,Data!C:C)} | E2464: {=XLOOKUP(A2464,Data!F:F,Data!H:H)} | F2464: =SUMIFS(Data!J:J,Data!F:F,A2464) -> 1 | G2464: =SUMIFS(Cast!C:C,CastElements,A2464) -> 0 | H2464: =F2464-G2464 -> 1 | I2464: =SUMIFS(Del!C:C,Del!B:B,A2464) -> 0 | J2464: =F2464-I2464 -> 1 | K2464: =G2464-I2464 -> 0 | M2464: =SUMIFS(Ere!C:C,Ere!B:B,A2464) -> 0 | N2464: =F2464-M2464 -> 1 | O2464: {=XLOOKUP(A2464,Data!F:F,Data!O:O)} -> 2.12 | P2464: =+O2464*2.5 -> 5.30
A2465: 25045-J3B-J041-T3C5-005 | B2465: {=XLOOKUP(A2465,Data!F:F,Data!G:G)} -> J3B | C2465: =MID(A2465,11,4) -> J041 | D2465: {=XLOOKUP(A2465,Data!F:F,Data!C:C)} | E2465: {=XLOOKUP(A2465,Data!F:F,Data!H:H)} | F2465: =SUMIFS(Data!J:J,Data!F:F,A2465) -> 1 | G2465: =SUMIFS(Cast!C:C,CastElements,A2465) -> 0 | H2465: =F2465-G2465 -> 1 | I2465: =SUMIFS(Del!C:C,Del!B:B,A2465) -> 0 | J2465: =F2465-I2465 -> 1 | K2465: =G2465-I2465 -> 0 | M2465: =SUMIFS(Ere!C:C,Ere!B:B,A2465) -> 0 | N2465: =F2465-M2465 -> 1 | O2465: {=XLOOKUP(A2465,Data!F:F,Data!O:O)} -> 2.26 | P2465: =+O2465*2.5 -> 5.65
... A2572: 25045-J3B-J047-T7C1-001 | B2572: {=XLOOKUP(A2572,Data!F:F,Data!G:G)} -> J3B | C2572: =MID(A2572,11,4) -> J047 | D2572: {=XLOOKUP(A2572,Data!F:F,Data!C:C)} | E2572: {=XLOOKUP(A2572,Data!F:F,Data!H:H)} | F2572: =SUMIFS(Data!J:J,Data!F:F,A2572) -> 0 | G2572: =SUMIFS(Cast!C:C,CastElements,A2572) -> 0 | H2572: =F2572-G2572 -> 0 | I2572: =SUMIFS(Del!C:C,Del!B:B,A2572) -> 0 | J2572: =F2572-I2572 -> 0 | K2572: =G2572-I2572 -> 0 | M2572: =SUMIFS(Ere!C:C,Ere!B:B,A2572) -> 0 | N2572: =F2572-M2572 -> 0 | O2572: {=XLOOKUP(A2572,Data!F:F,Data!O:O)} | P2572: =+O2572*2.5 -> -

Sheet Location_Summary
M2: Data date as of | O2: =+Summary!N2 -> 08-May-26
A4: P25045 - ACRES BW Progress Status (Element pc wise)
A5: Location | B5: Zone | C5: Villa | D5: Reqd.Qty | E5: Issued Qty | F5: Cast Qty | G5: Remain to Cast Qty | H5: %Cast | I5: Deliver Qty | J5: Remain to Deliver Qty | K5: %Del | L5: Factory stock | M5: Install Qty | N5: Remain to Install | O5: %Install | P5: Remarks | Q5: Balance to issue
A6: EXT | B6: J1B | C6: J123 | D6: =SUMIFS('Element wise-detail Summary'!F:F,'Element wise-detail Summary'!B:B,Location_Summary!B6,'Element wise-detail Summary'!C:C,Location_Summary!C6,'Element wise-detail Summary'!D:D,Location_Summary!A6) -> 7 | E6: =SUMIFS('Element wise-detail Summary'!$F$3:$F$1048576,'Element wise-detail Summary'!$B$3:$B$1048576,Location_Summary!$B6,'Element wise-detail Summary'!$C$3:$C$1048576,Location_Summary!C6,'Element wise-detail Summary'!$D$3:$D$1048576,Location_Summary!A6) -> 7 | F6: =SUMIFS('Element wise-detail Summary'!$G$3:$G$1048576,'Element wise-detail Summary'!$B$3:$B$1048576,Location_Summary!$B6,'Element wise-detail Summary'!$C$3:$C$1048576,Location_Summary!C6,'Element wise-detail Summary'!$D$3:$D$1048576,Location_Summary!A6) -> 7 | G6: =E6-F6 -> 0 | H6: =F6/D6 -> 100% | I6: =SUMIFS('Element wise-detail Summary'!$I$3:$I$1048576,'Element wise-detail Summary'!$B$3:$B$1048576,B6,'Element wise-detail Summary'!$C$3:$C$1048576,C6,'Element wise-detail Summary'!$D$3:$D$1048576,Location_Summary!A6) -> 7 | J6: =E6-I6 -> 0 | K6: =I6/D6 -> 100% | L6: =F6-I6 -> 0 | M6: =SUMIFS('Element wise-detail Summary'!$M$3:$M$1048576,'Element wise-detail Summary'!$B$3:$B$1048576,B6,'Element wise-detail Summary'!$C$3:$C$1048576,C6,'Element wise-detail Summary'!$D$3:$D$1048576,Location_Summary!A6) -> 7 | N6: =E6-M6 -> 0 | O6: =M6/D6 -> 100% | Q6: =+D6-E6 -> 0
A7: EXT | B7: J1B | C7: J124 | D7: =SUMIFS('Element wise-detail Summary'!F:F,'Element wise-detail Summary'!B:B,Location_Summary!B7,'Element wise-detail Summary'!C:C,Location_Summary!C7,'Element wise-detail Summary'!D:D,Location_Summary!A7) -> 9 | E7: =SUMIFS('Element wise-detail Summary'!$F$3:$F$1048576,'Element wise-detail Summary'!$B$3:$B$1048576,Location_Summary!$B7,'Element wise-detail Summary'!$C$3:$C$1048576,Location_Summary!C7,'Element wise-detail Summary'!$D$3:$D$1048576,Location_Summary!A7) -> 9 | F7: =SUMIFS('Element wise-detail Summary'!$G$3:$G$1048576,'Element wise-detail Summary'!$B$3:$B$1048576,Location_Summary!$B7,'Element wise-detail Summary'!$C$3:$C$1048576,Location_Summary!C7,'Element wise-detail Summary'!$D$3:$D$1048576,Location_Summary!A7) -> 9 | G7: =E7-F7 -> 0 | H7: =F7/D7 -> 100% | I7: =SUMIFS('Element wise-detail Summary'!$I$3:$I$1048576,'Element wise-detail Summary'!$B$3:$B$1048576,B7,'Element wise-detail Summary'!$C$3:$C$1048576,C7,'Element wise-detail Summary'!$D$3:$D$1048576,Location_Summary!A7) -> 9 | J7: =E7-I7 -> 0 | K7: =I7/D7 -> 100% | L7: =F7-I7 -> 0 | M7: =SUMIFS('Element wise-detail Summary'!$M$3:$M$1048576,'Element wise-detail Summary'!$B$3:$B$1048576,B7,'Element wise-detail Summary'!$C$3:$C$1048576,C7,'Element wise-detail Summary'!$D$3:$D$1048576,Location_Summary!A7) -> 9 | N7: =E7-M7 -> 0 | O7: =M7/D7 -> 100% | Q7: =+D7-E7 -> 0
A8: EXT | B8: J1B | C8: J125 | D8: =SUMIFS('Element wise-detail Summary'!F:F,'Element wise-detail Summary'!B:B,Location_Summary!B8,'Element wise-detail Summary'!C:C,Location_Summary!C8,'Element wise-detail Summary'!D:D,Location_Summary!A8) -> 8 | E8: =SUMIFS('Element wise-detail Summary'!$F$3:$F$1048576,'Element wise-detail Summary'!$B$3:$B$1048576,Location_Summary!$B8,'Element wise-detail Summary'!$C$3:$C$1048576,Location_Summary!C8,'Element wise-detail Summary'!$D$3:$D$1048576,Location_Summary!A8) -> 8 | F8: =SUMIFS('Element wise-detail Summary'!$G$3:$G$1048576,'Element wise-detail Summary'!$B$3:$B$1048576,Location_Summary!$B8,'Element wise-detail Summary'!$C$3:$C$1048576,Location_Summary!C8,'Element wise-detail Summary'!$D$3:$D$1048576,Location_Summary!A8) -> 8 | G8: =E8-F8 -> 0 | H8: =F8/D8 -> 100% | I8: =SUMIFS('Element wise-detail Summary'!$I$3:$I$1048576,'Element wise-detail Summary'!$B$3:$B$1048576,B8,'Element wise-detail Summary'!$C$3:$C$1048576,C8,'Element wise-detail Summary'!$D$3:$D$1048576,Location_Summary!A8) -> 8 | J8: =E8-I8 -> 0 | K8: =I8/D8 -> 100% | L8: =F8-I8 -> 0 | M8: =SUMIFS('Element wise-detail Summary'!$M$3:$M$1048576,'Element wise-detail Summary'!$B$3:$B$1048576,B8,'Element wise-detail Summary'!$C$3:$C$1048576,C8,'Element wise-detail Summary'!$D$3:$D$1048576,Location_Summary!A8) -> 8 | N8: =E8-M8 -> 0 | O8: =M8/D8 -> 100% | Q8: =+D8-E8 -> 0
A9: EXT | B9: J1B | C9: J126 | D9: =SUMIFS('Element wise-detail Summary'!F:F,'Element wise-detail Summary'!B:B,Location_Summary!B9,'Element wise-detail Summary'!C:C,Location_Summary!C9,'Element wise-detail Summary'!D:D,Location_Summary!A9) -> 4 | E9: =SUMIFS('Element wise-detail Summary'!$F$3:$F$1048576,'Element wise-detail Summary'!$B$3:$B$1048576,Location_Summary!$B9,'Element wise-detail Summary'!$C$3:$C$1048576,Location_Summary!C9,'Element wise-detail Summary'!$D$3:$D$1048576,Location_Summary!A9) -> 4 | F9: =SUMIFS('Element wise-detail Summary'!$G$3:$G$1048576,'Element wise-detail Summary'!$B$3:$B$1048576,Location_Summary!$B9,'Element wise-detail Summary'!$C$3:$C$1048576,Location_Summary!C9,'Element wise-detail Summary'!$D$3:$D$1048576,Location_Summary!A9) -> 4 | G9: =E9-F9 -> 0 | H9: =F9/D9 -> 100% | I9: =SUMIFS('Element wise-detail Summary'!$I$3:$I$1048576,'Element wise-detail Summary'!$B$3:$B$1048576,B9,'Element wise-detail Summary'!$C$3:$C$1048576,C9,'Element wise-detail Summary'!$D$3:$D$1048576,Location_Summary!A9) -> 0 | J9: =E9-I9 -> 4 | K9: =I9/D9 -> 0% | L9: =F9-I9 -> 4 | M9: =SUMIFS('Element wise-detail Summary'!$M$3:$M$1048576,'Element wise-detail Summary'!$B$3:$B$1048576,B9,'Element wise-detail Summary'!$C$3:$C$1048576,C9,'Element wise-detail Summary'!$D$3:$D$1048576,Location_Summary!A9) -> 0 | N9: =E9-M9 -> 4 | O9: =M9/D9 -> 0% | Q9: =+D9-E9 -> 0
A10: EXT | B10: J1B | C10: J127 | D10: =SUMIFS('Element wise-detail Summary'!F:F,'Element wise-detail Summary'!B:B,Location_Summary!B10,'Element wise-detail Summary'!C:C,Location_Summary!C10,'Element wise-detail Summary'!D:D,Location_Summary!A10) -> 4 | E10: =SUMIFS('Element wise-detail Summary'!$F$3:$F$1048576,'Element wise-detail Summary'!$B$3:$B$1048576,Location_Summary!$B10,'Element wise-detail Summary'!$C$3:$C$1048576,Location_Summary!C10,'Element wise-detail Summary'!$D$3:$D$1048576,Location_Summary!A10) -> 4 | F10: =SUMIFS('Element wise-detail Summary'!$G$3:$G$1048576,'Element wise-detail Summary'!$B$3:$B$1048576,Location_Summary!$B10,'Element wise-detail Summary'!$C$3:$C$1048576,Location_Summary!C10,'Element wise-detail Summary'!$D$3:$D$1048576,Location_Summary!A10) -> 4 | G10: =E10-F10 -> 0 | H10: =F10/D10 -> 100% | I10: =SUMIFS('Element wise-detail Summary'!$I$3:$I$1048576,'Element wise-detail Summary'!$B$3:$B$1048576,B10,'Element wise-detail Summary'!$C$3:$C$1048576,C10,'Element wise-detail Summary'!$D$3:$D$1048576,Location_Summary!A10) -> 0 | J10: =E10-I10 -> 4 | K10: =I10/D10 -> 0% | L10: =F10-I10 -> 4 | M10: =SUMIFS('Element wise-detail Summary'!$M$3:$M$1048576,'Element wise-detail Summary'!$B$3:$B$1048576,B10,'Element wise-detail Summary'!$C$3:$C$1048576,C10,'Element wise-detail Summary'!$D$3:$D$1048576,Location_Summary!A10) -> 0 | N10: =E10-M10 -> 4 | O10: =M10/D10 -> 0% | Q10: =+D10-E10 -> 0
A11: EXT | B11: J1B | C11: J128 | D11: =SUMIFS('Element wise-detail Summary'!F:F,'Element wise-detail Summary'!B:B,Location_Summary!B11,'Element wise-detail Summary'!C:C,Location_Summary!C11,'Element wise-detail Summary'!D:D,Location_Summary!A11) -> 4 | E11: =SUMIFS('Element wise-detail Summary'!$F$3:$F$1048576,'Element wise-detail Summary'!$B$3:$B$1048576,Location_Summary!$B11,'Element wise-detail Summary'!$C$3:$C$1048576,Location_Summary!C11,'Element wise-detail Summary'!$D$3:$D$1048576,Location_Summary!A11) -> 4 | F11: =SUMIFS('Element wise-detail Summary'!$G$3:$G$1048576,'Element wise-detail Summary'!$B$3:$B$1048576,Location_Summary!$B11,'Element wise-detail Summary'!$C$3:$C$1048576,Location_Summary!C11,'Element wise-detail Summary'!$D$3:$D$1048576,Location_Summary!A11) -> 4 | G11: =E11-F11 -> 0 | H11: =F11/D11 -> 100% | I11: =SUMIFS('Element wise-detail Summary'!$I$3:$I$1048576,'Element wise-detail Summary'!$B$3:$B$1048576,B11,'Element wise-detail Summary'!$C$3:$C$1048576,C11,'Element wise-detail Summary'!$D$3:$D$1048576,Location_Summary!A11) -> 0 | J11: =E11-I11 -> 4 | K11: =I11/D11 -> 0% | L11: =F11-I11 -> 4 | M11: =SUMIFS('Element wise-detail Summary'!$M$3:$M$1048576,'Element wise-detail Summary'!$B$3:$B$1048576,B11,'Element wise-detail Summary'!$C$3:$C$1048576,C11,'Element wise-detail Summary'!$D$3:$D$1048576,Location_Summary!A11) -> 0 | N11: =E11-M11 -> 4 | O11: =M11/D11 -> 0% | Q11: =+D11-E11 -> 0
A12: EXT | B12: J1B | C12: J129 | D12: =SUMIFS('Element wise-detail Summary'!F:F,'Element wise-detail Summary'!B:B,Location_Summary!B12,'Element wise-detail Summary'!C:C,Location_Summary!C12,'Element wise-detail Summary'!D:D,Location_Summary!A12) -> 4 | E12: =SUMIFS('Element wise-detail Summary'!$F$3:$F$1048576,'Element wise-detail Summary'!$B$3:$B$1048576,Location_Summary!$B12,'Element wise-detail Summary'!$C$3:$C$1048576,Location_Summary!C12,'Element wise-detail Summary'!$D$3:$D$1048576,Location_Summary!A12) -> 4 | F12: =SUMIFS('Element wise-detail Summary'!$G$3:$G$1048576,'Element wise-detail Summary'!$B$3:$B$1048576,Location_Summary!$B12,'Element wise-detail Summary'!$C$3:$C$1048576,Location_Summary!C12,'Element wise-detail Summary'!$D$3:$D$1048576,Location_Summary!A12) -> 0 | G12: =E12-F12 -> 4 | H12: =F12/D12 -> 0% | I12: =SUMIFS('Element wise-detail Summary'!$I$3:$I$1048576,'Element wise-detail Summary'!$B$3:$B$1048576,B12,'Element wise-detail Summary'!$C$3:$C$1048576,C12,'Element wise-detail Summary'!$D$3:$D$1048576,Location_Summary!A12) -> 0 | J12: =E12-I12 -> 4 | K12: =I12/D12 -> 0% | L12: =F12-I12 -> 0 | M12: =SUMIFS('Element wise-detail Summary'!$M$3:$M$1048576,'Element wise-detail Summary'!$B$3:$B$1048576,B12,'Element wise-detail Summary'!$C$3:$C$1048576,C12,'Element wise-detail Summary'!$D$3:$D$1048576,Location_Summary!A12) -> 0 | N12: =E12-M12 -> 4 | O12: =M12/D12 -> 0% | Q12: =+D12-E12 -> 0
A13: EXT | B13: J1B | C13: J130 | D13: =SUMIFS('Element wise-detail Summary'!F:F,'Element wise-detail Summary'!B:B,Location_Summary!B13,'Element wise-detail Summary'!C:C,Location_Summary!C13,'Element wise-detail Summary'!D:D,Location_Summary!A13) -> 4 | E13: =SUMIFS('Element wise-detail Summary'!$F$3:$F$1048576,'Element wise-detail Summary'!$B$3:$B$1048576,Location_Summary!$B13,'Element wise-detail Summary'!$C$3:$C$1048576,Location_Summary!C13,'Element wise-detail Summary'!$D$3:$D$1048576,Location_Summary!A13) -> 4 | F13: =SUMIFS('Element wise-detail Summary'!$G$3:$G$1048576,'Element wise-detail Summary'!$B$3:$B$1048576,Location_Summary!$B13,'Element wise-detail Summary'!$C$3:$C$1048576,Location_Summary!C13,'Element wise-detail Summary'!$D$3:$D$1048576,Location_Summary!A13) -> 0 | G13: =E13-F13 -> 4 | H13: =F13/D13 -> 0% | I13: =SUMIFS('Element wise-detail Summary'!$I$3:$I$1048576,'Element wise-detail Summary'!$B$3:$B$1048576,B13,'Element wise-detail Summary'!$C$3:$C$1048576,C13,'Element wise-detail Summary'!$D$3:$D$1048576,Location_Summary!A13) -> 0 | J13: =E13-I13 -> 4 | K13: =I13/D13 -> 0% | L13: =F13-I13 -> 0 | M13: =SUMIFS('Element wise-detail Summary'!$M$3:$M$1048576,'Element wise-detail Summary'!$B$3:$B$1048576,B13,'Element wise-detail Summary'!$C$3:$C$1048576,C13,'Element wise-detail Summary'!$D$3:$D$1048576,Location_Summary!A13) -> 0 | N13: =E13-M13 -> 4 | O13: =M13/D13 -> 0% | Q13: =+D13-E13 -> 0
A14: EXT | B14: J1B | C14: J131 | D14: =SUMIFS('Element wise-detail Summary'!F:F,'Element wise-detail Summary'!B:B,Location_Summary!B14,'Element wise-detail Summary'!C:C,Location_Summary!C14,'Element wise-detail Summary'!D:D,Location_Summary!A14) -> 4 | E14: =SUMIFS('Element wise-detail Summary'!$F$3:$F$1048576,'Element wise-detail Summary'!$B$3:$B$1048576,Location_Summary!$B14,'Element wise-detail Summary'!$C$3:$C$1048576,Location_Summary!C14,'Element wise-detail Summary'!$D$3:$D$1048576,Location_Summary!A14) -> 4 | F14: =SUMIFS('Element wise-detail Summary'!$G$3:$G$1048576,'Element wise-detail Summary'!$B$3:$B$1048576,Location_Summary!$B14,'Element wise-detail Summary'!$C$3:$C$1048576,Location_Summary!C14,'Element wise-detail Summary'!$D$3:$D$1048576,Location_Summary!A14) -> 0 | G14: =E14-F14 -> 4 | H14: =F14/D14 -> 0% | I14: =SUMIFS('Element wise-detail Summary'!$I$3:$I$1048576,'Element wise-detail Summary'!$B$3:$B$1048576,B14,'Element wise-detail Summary'!$C$3:$C$1048576,C14,'Element wise-detail Summary'!$D$3:$D$1048576,Location_Summary!A14) -> 0 | J14: =E14-I14 -> 4 | K14: =I14/D14 -> 0% | L14: =F14-I14 -> 0 | M14: =SUMIFS('Element wise-detail Summary'!$M$3:$M$1048576,'Element wise-detail Summary'!$B$3:$B$1048576,B14,'Element wise-detail Summary'!$C$3:$C$1048576,C14,'Element wise-detail Summary'!$D$3:$D$1048576,Location_Summary!A14) -> 0 | N14: =E14-M14 -> 4 | O14: =M14/D14 -> 0% | Q14: =+D14-E14 -> 0
A15: EXT | B15: J1B | C15: J132 | D15: =SUMIFS('Element wise-detail Summary'!F:F,'Element wise-detail Summary'!B:B,Location_Summary!B15,'Element wise-detail Summary'!C:C,Location_Summary!C15,'Element wise-detail Summary'!D:D,Location_Summary!A15) -> 8 | E15: =SUMIFS('Element wise-detail Summary'!$F$3:$F$1048576,'Element wise-detail Summary'!$B$3:$B$1048576,Location_Summary!$B15,'Element wise-detail Summary'!$C$3:$C$1048576,Location_Summary!C15,'Element wise-detail Summary'!$D$3:$D$1048576,Location_Summary!A15) -> 8 | F15: =SUMIFS('Element wise-detail Summary'!$G$3:$G$1048576,'Element wise-detail Summary'!$B$3:$B$1048576,Location_Summary!$B15,'Element wise-detail Summary'!$C$3:$C$1048576,Location_Summary!C15,'Element wise-detail Summary'!$D$3:$D$1048576,Location_Summary!A15) -> 0 | G15: =E15-F15 -> 8 | H15: =F15/D15 -> 0% | I15: =SUMIFS('Element wise-detail Summary'!$I$3:$I$1048576,'Element wise-detail Summary'!$B$3:$B$1048576,B15,'Element wise-detail Summary'!$C$3:$C$1048576,C15,'Element wise-detail Summary'!$D$3:$D$1048576,Location_Summary!A15) -> 0 | J15: =E15-I15 -> 8 | K15: =I15/D15 -> 0% | L15: =F15-I15 -> 0 | M15: =SUMIFS('Element wise-detail Summary'!$M$3:$M$1048576,'Element wise-detail Summary'!$B$3:$B$1048576,B15,'Element wise-detail Summary'!$C$3:$C$1048576,C15,'Element wise-detail Summary'!$D$3:$D$1048576,Location_Summary!A15) -> 0 | N15: =E15-M15 -> 8 | O15: =M15/D15 -> 0% | Q15: =+D15-E15 -> 0
A16: EXT | B16: J1B | C16: J133 | D16: =SUMIFS('Element wise-detail Summary'!F:F,'Element wise-detail Summary'!B:B,Location_Summary!B16,'Element wise-detail Summary'!C:C,Location_Summary!C16,'Element wise-detail Summary'!D:D,Location_Summary!A16) -> 6 | E16: =SUMIFS('Element wise-detail Summary'!$F$3:$F$1048576,'Element wise-detail Summary'!$B$3:$B$1048576,Location_Summary!$B16,'Element wise-detail Summary'!$C$3:$C$1048576,Location_Summary!C16,'Element wise-detail Summary'!$D$3:$D$1048576,Location_Summary!A16) -> 6 | F16: =SUMIFS('Element wise-detail Summary'!$G$3:$G$1048576,'Element wise-detail Summary'!$B$3:$B$1048576,Location_Summary!$B16,'Element wise-detail Summary'!$C$3:$C$1048576,Location_Summary!C16,'Element wise-detail Summary'!$D$3:$D$1048576,Location_Summary!A16) -> 6 | G16: =E16-F16 -> 0 | H16: =F16/D16 -> 100% | I16: =SUMIFS('Element wise-detail Summary'!$I$3:$I$1048576,'Element wise-detail Summary'!$B$3:$B$1048576,B16,'Element wise-detail Summary'!$C$3:$C$1048576,C16,'Element wise-detail Summary'!$D$3:$D$1048576,Location_Summary!A16) -> 0 | J16: =E16-I16 -> 6 | K16: =I16/D16 -> 0% | L16: =F16-I16 -> 6 | M16: =SUMIFS('Element wise-detail Summary'!$M$3:$M$1048576,'Element wise-detail Summary'!$B$3:$B$1048576,B16,'Element wise-detail Summary'!$C$3:$C$1048576,C16,'Element wise-detail Summary'!$D$3:$D$1048576,Location_Summary!A16) -> 0 | N16: =E16-M16 -> 6 | O16: =M16/D16 -> 0% | Q16: =+D16-E16 -> 0
A17: EXT | B17: J1A | C17: J116 | D17: =SUMIFS('Element wise-detail Summary'!F:F,'Element wise-detail Summary'!B:B,Location_Summary!B17,'Element wise-detail Summary'!C:C,Location_Summary!C17,'Element wise-detail Summary'!D:D,Location_Summary!A17) -> 5 | E17: =SUMIFS('Element wise-detail Summary'!$F$3:$F$1048576,'Element wise-detail Summary'!$B$3:$B$1048576,Location_Summary!$B17,'Element wise-detail Summary'!$C$3:$C$1048576,Location_Summary!C17,'Element wise-detail Summary'!$D$3:$D$1048576,Location_Summary!A17) -> 5 | F17: =SUMIFS('Element wise-detail Summary'!$G$3:$G$1048576,'Element wise-detail Summary'!$B$3:$B$1048576,Location_Summary!$B17,'Element wise-detail Summary'!$C$3:$C$1048576,Location_Summary!C17,'Element wise-detail Summary'!$D$3:$D$1048576,Location_Summary!A17) -> 1 | G17: =E17-F17 -> 4 | H17: =F17/D17 -> 20% | I17: =SUMIFS('Element wise-detail Summary'!$I$3:$I$1048576,'Element wise-detail Summary'!$B$3:$B$1048576,B17,'Element wise-detail Summary'!$C$3:$C$1048576,C17,'Element wise-detail Summary'!$D$3:$D$1048576,Location_Summary!A17) -> 0 | J17: =E17-I17 -> 5 | K17: =I17/D17 -> 0% | L17: =F17-I17 -> 1 | M17: =SUMIFS('Element wise-detail Summary'!$M$3:$M$1048576,'Element wise-detail Summary'!$B$3:$B$1048576,B17,'Element wise-detail Summary'!$C$3:$C$1048576,C17,'Element wise-detail Summary'!$D$3:$D$1048576,Location_Summary!A17) -> 0 | N17: =E17-M17 -> 5 | O17: =M17/D17 -> 0% | Q17: =+D17-E17 -> 0
... A140: DIVD | B140: A1D | C140: A057 | D140: =SUMIFS('Element wise-detail Summary'!F:F,'Element wise-detail Summary'!B:B,Location_Summary!B140,'Element wise-detail Summary'!C:C,Location_Summary!C140,'Element wise-detail Summary'!D:D,Location_Summary!A140) -> 0 | E140: =SUMIFS('Element wise-detail Summary'!$F$3:$F$1048576,'Element wise-detail Summary'!$B$3:$B$1048576,Location_Summary!$B140,'Element wise-detail Summary'!$C$3:$C$1048576,Location_Summary!C140,'Element wise-detail Summary'!$D$3:$D$1048576,Location_Summary!A140) -> 0 | F140: =SUMIFS('Element wise-detail Summary'!$G$3:$G$1048576,'Element wise-detail Summary'!$B$3:$B$1048576,Location_Summary!$B140,'Element wise-detail Summary'!$C$3:$C$1048576,Location_Summary!C140,'Element wise-detail Summary'!$D$3:$D$1048576,Location_Summary!A140) -> 0 | G140: =E140-F140 -> 0 | H140: =F140/D140 -> #DIV/0! | I140: =SUMIFS('Element wise-detail Summary'!$I$3:$I$1048576,'Element wise-detail Summary'!$B$3:$B$1048576,B140,'Element wise-detail Summary'!$C$3:$C$1048576,C140,'Element wise-detail Summary'!$D$3:$D$1048576,Location_Summary!A140) -> 0 | J140: =E140-I140 -> 0 | K140: =I140/D140 -> #DIV/0! | L140: =F140-I140 -> 0 | M140: =SUMIFS('Element wise-detail Summary'!$M$3:$M$1048576,'Element wise-detail Summary'!$B$3:$B$1048576,B140,'Element wise-detail Summary'!$C$3:$C$1048576,C140,'Element wise-detail Summary'!$D$3:$D$1048576,Location_Summary!A140) -> 0 | N140: =E140-M140 -> 0 | O140: =M140/D140 -> #DIV/0! | Q140: =+D140-E140 -> 0

Sheet Data
A2: 25045 - ACRESS VILLA BW
M3: Including Footing | O3: 289.943
A4: SR.NO | B4: Project no | C4: LOCATION | D4: PRIORITY | E4: SUB-PRIORITY | F4: ELEMENT ID | G4: Zone | H4: Product | I4: VILLA | J4: Issued | K4: DWG | L4: WIDTH | M4: HEIGHT | N4: THICKNESS | O4: VOL | P4: REV | Q4: WT | R4: DWG ISSUE DATE | S4: DIST.NO | T4: REV DATE | U4: TYPE | V4: FOOTING SIZE | W4: FOOTING DISTANCE | X4: CUTOUT/REMARKS | Y4: INUSLATED | Z4: DWG TYPE | AA4: DIST.NO2 | AB4: FileLink | AC4: Status | AD4: PLANNED DATE | AE4: CASTING DATE | AF4: BAY | AG4: PALLET
A5: 1 | B5: 25045 | C5: EXT | D5: 1 | E5: J1A1 | F5: 25045-J1A-J116-T1C1-001 | G5: J1A | H5: BW | I5: J116 | J5: 1 | L5: 5570 | M5: 1500 | N5: 120 | O5: 0.999 | P5: 2 | Q5: 2.4975 | R5: 46078 | S5: DD-Z-J1A-008 | T5: 46123 | U5: DEF - Double Eccentric Footing | V5: 250*800*1000 | W5: 650/885/1000/1800/1000/885/650 | Z5: SD | AA5: DD-Z-J1A-013 | AD5: #N/A
A6: 2 | B6: 25045 | C6: EXT | D6: 1 | E6: J1A1 | F6: 25045-J1A-J116-T1C1-002 | G6: J1A | H6: BW | I6: J116 | J6: 1 | K6: In same dwg | L6: 5700 | M6: 1500 | N6: 120 | O6: 1.01 | P6: 2 | Q6: 2.525 | R6: 46078 | S6: DD-Z-J1A-008 | T6: 46123 | U6: DEF - Double Eccentric Footing | V6: 250*800*1000 | W6: 650/950/1000/1800/1000/950/650 | Z6: SD | AA6: DD-Z-J1A-013 | AD6: #N/A
A7: 3 | B7: 25045 | C7: EXT | D7: 1 | E7: J1A1 | F7: 25045-J1A-J116-T1C1-003 | G7: J1A | H7: BW | I7: J116 | J7: 1 | K7: In same dwg | L7: 5700 | M7: 1500 | N7: 120 | O7: 1.01 | P7: 2 | Q7: 2.525 | R7: 46078 | S7: DD-Z-J1A-008 | T7: 46123 | U7: DEF - Double Eccentric Footing | V7: 250*800*1000 | W7: 650/950/1000/1800/1000/950/650 | Z7: SD | AA7: DD-Z-J1A-013 | AD7: #N/A
A8: 4 | B8: 25045 | C8: EXT | D8: 1 | E8: J1A1 | F8: 25045-J1A-J116-T1C1-004 | G8: J1A | H8: BW | I8: J116 | J8: 1 | L8: 5707 | M8: 1350 | N8: 120 | O8: 0.975 | P8: 1 | Q8: 2.4375 | R8: 46078 | S8: DD-Z-J1A-008 | U8: DEF - Double Eccentric Footing | V8: 250*800*1000 | W8: 650/953/1000/1800/1000/954/650 | Z8: SD | AC8: ON HOLD | AD8: #N/A
A9: 5 | B9: 25045 | D9: 1 | E9: J1A1 | F9: 25045-J1A-J116-T2C5-001 | G9: J1A | H9: BW | I9: J116 | J9: 1 | L9: 4350 | M9: 3100 | N9: 120 | O9: 1.705 | P9: 2 | Q9: 4.2625 | R9: 46078 | S9: DD-Z-J1A-008 | T9: 46123 | U9: SEF - Single Eccentric Footing | V9: 250*1100*1500 | W9: 800/1445/1500/1425/800 | X9: 4 RECESS | Z9: SD | AA9: DD-Z-J1A-013 | AD9: 46136
A10: 6 | B10: 25045 | D10: 1 | E10: J1A1 | F10: 25045-J1A-J116-T2C9-001 | G10: J1A | H10: BW | I10: J116 | J10: 1 | L10: 5140 | M10: 3020 | N10: 120 | O10: 2.044 | P10: 2 | Q10: 5.11 | R10: 46078 | S10: DD-Z-J1A-008 | T10: 46123 | U10: DEF - Double Eccentric Footing | V10: 250*1000*1000 | W10: 800/670/1000/1800/1000/670 | X10: 2 RECESS | Z10: SD | AA10: DD-Z-J1A-013 | AD10: 46132
A11: 7 | B11: 25045 | D11: 1 | E11: J1A1 | F11: 25045-J1A-J116-T2C9-002 | G11: J1A | H11: BW | I11: J116 | J11: 1 | L11: 5590 | M11: 2920 | N11: 120 | O11: 2.168 | P11: 2 | Q11: 5.42 | R11: 46078 | S11: DD-Z-J1A-008 | T11: 46123 | U11: DEF - Double Eccentric Footing | V11: 250*1000*1000 | W11: 800/895/1000/1800/1000/895/800 | X11: 1 RECESS | Z11: SD | AA11: DD-Z-J1A-013 | AD11: 46130
A12: 8 | B12: 25045 | D12: 1 | E12: J1A1 | F12: 25045-J1A-J116-T5C2A-001 | G12: J1A | H12: BW | I12: J116 | J12: 1 | L12: 1780 | M12: 1480 | N12: 120 | O12: 0.4 | P12: 2 | Q12: 1 | R12: 46078 | S12: DD-Z-J1A-008 | U12: SEF - Single Eccentric Footing | V12: 250*1000*800 | W12: 780/490/800/490/780 | Z12: SD | AD12: 46099
A13: 9 | B13: 25045 | D13: 1 | E13: J1A2 | F13: 25045-J1A-J117-T3C4-001 | G13: J1A | H13: BW | I13: J117 | J13: 1 | L13: 4620 | M13: 3140 | N13: 120 | O13: 1.979 | P13: 1 | Q13: 4.9475 | R13: 46078 | S13: DD-Z-J1A-008 | U13: DEF - Double Eccentric Footing | V13: 250*1100*1000 | W13: 800/410/1000/1800/1000/800 | Z13: SD | AD13: 46109
A14: 10 | B14: 25045 | D14: 1 | E14: J1A2 | F14: 25045-J1A-J117-T3C5-003 | G14: J1A | H14: BW | I14: J117 | J14: 1 | L14: 5195 | M14: 3210 | N14: 120 | O14: 2.32 | P14: 2 | Q14: 5.8 | R14: 46078 | S14: DD-Z-J1A-008 | U14: DEF - Double Eccentric Footing | V14: 250*1100*1200 | W14: 800/140/1200/2500/1200/155/800 | Z14: SD | AD14: 46092
A15: 11 | B15: 25045 | D15: 1 | E15: J1A2 | F15: 25045-J1A-J117-T5C2A-001 | G15: J1A | H15: BW | I15: J117 | J15: 1 | L15: 1780 | M15: 1480 | N15: 120 | O15: 0.4 | P15: 1 | Q15: 1 | R15: 46078 | S15: DD-Z-J1A-008 | U15: SEF - Single Eccentric Footing | V15: 250*1000*800 | W15: 780/490/800/490/780 | Z15: SD | AD15: 46105
A16: 12 | B16: 25045 | D16: 1 | E16: J1A3 | F16: 25045-J1A-J118-T3C4-006 | G16: J1A | H16: BW | I16: J118 | J16: 1 | L16: 4620 | M16: 3140 | N16: 120 | O16: 1.979 | P16: 2 | Q16: 4.9475 | R16: 46078 | S16: DD-Z-J1A-008 | U16: DEF - Double Eccentric Footing | V16: 250*1100*1000 | W16: 800/410/1000/1800/1000/410/800 | Z16: SD | AD16: 46097
A17: 13 | B17: 25045 | D17: 1 | E17: J1A3 | F17: 25045-J1A-J118-T4C4-001 | G17: J1A | H17: BW | I17: J118 | J17: 1 | L17: 4739 | M17: 3530 | N17: 300 | O17: 3.439 | P17: 2 | Q17: 8.5975 | R17: 46081 | S17: DD-Z-J1A-009 | U17: SEF - Single Eccentric Footing | V17: 250*1200*2400 | W17: 800/1270/2400/1070/800 | X17: 250mm Recess | Y17: YES | Z17: SD | AD17: 46118
A18: 14 | B18: 25045 | D18: 1 | E18: J1A4 | F18: 25045-J1A-J119-T3C5-006 | G18: J1A | H18: BW | I18: J119 | J18: 1 | L18: 4612 | M18: 3530 | N18: 120 | O18: 2.329 | P18: 1 | Q18: 5.8225 | R18: 46081 | S18: DD-Z-J1A-009 | U18: DEF - Double Eccentric Footing | V18: 250*1100*1200 | W18: 800/206/1200/1800/1200/206/800 | Z18: SD | AD18: 46120
A19: 15 | B19: 25045 | D19: 1 | E19: J1A5 | F19: 25045-J1A-J120-T3C5-001 | G19: J1A | H19: BW | I19: J120 | J19: 1 | L19: 4612 | M19: 3520 | N19: 120 | O19: 2.323 | P19: 1 | Q19: 5.8075 | R19: 46081 | S19: DD-Z-J1A-009 | U19: DEF - Double Eccentric Footing | V19: 250*1100*1200 | W19: 800/206/1200/1800/1200/206/800 | Z19: SD | AD19: 46121
A20: 16 | B20: 25045 | D20: 1 | E20: J1A5 | F20: 25045-J1A-J120-T3C5-002 | G20: J1A | H20: BW | I20: J120 | J20: 1 | K20: In same dwg | L20: 4612 | M20: 3270 | N20: 120 | O20: 2.185 | P20: 0 | Q20: 5.4625 | R20: 46081 | S20: DD-Z-J1A-009 | U20: DEF - Double Eccentric Footing | V20: 250*1100*1200 | W20: 800/206/1200/1800/1200/206/800 | Z20: SD | AD20: 46122
A21: 17 | B21: 25045 | D21: 1 | E21: J1A5 | F21: 25045-J1A-J120-T3C5-003 | G21: J1A | H21: BW | I21: J120 | J21: 1 | K21: In same dwg | L21: 4612 | M21: 3270 | N21: 120 | O21: 2.185 | P21: 0 | Q21: 5.4625 | R21: 46081 | S21: DD-Z-J1A-009 | U21: DEF - Double Eccentric Footing | V21: 250*1100*1200 | W21: 800/206/1200/1800/1200/206/800 | Z21: SD | AD21: 46123
A22: 18 | B22: 25045 | D22: 1 | E22: J1A5 | F22: 25045-J1A-J120-T3C5-004 | G22: J1A | H22: BW | I22: J120 | J22: 1 | K22: In same dwg | L22: 4612 | M22: 3270 | N22: 120 | O22: 2.185 | P22: 0 | Q22: 5.4625 | R22: 46081 | S22: DD-Z-J1A-009 | U22: DEF - Double Eccentric Footing | V22: 250*1100*1200 | W22: 800/206/1200/1800/1200/206/800 | Z22: SD | AD22: 46125
A23: 19 | B23: 25045 | D23: 1 | E23: J1A5 | F23: 25045-J1A-J120-T3C5-005 | G23: J1A | H23: BW | I23: J120 | J23: 1 | K23: In same dwg | L23: 4612 | M23: 3270 | N23: 120 | O23: 2.185 | P23: 0 | Q23: 5.4625 | R23: 46081 | S23: DD-Z-J1A-009 | U23: DEF - Double Eccentric Footing | V23: 250*1100*1200 | W23: 800/206/1200/1800/1200/206/800 | Z23: SD | AD23: 46126
A24: 20 | B24: 25045 | D24: 1 | E24: J1A5 | F24: 25045-J1A-J120-T3C5-006 | G24: J1A | H24: BW | I24: J120 | J24: 1 | L24: 4612 | M24: 3271 | N24: 120 | O24: 1.849 | P24: 1 | Q24: 4.6225 | R24: 46081 | S24: DD-Z-J1A-009 | U24: SEF - Single Eccentric Footing | V24: 250*1100*2400 | W24: 800/660/2400/1554/800 | X24: TRC-1870*1500 | Z24: SD | AD24: 46118
A25: 21 | B25: 25045 | D25: 1 | E25: J1A6 | F25: 25045-J1A-J121-T3C5-001 | G25: J1A | H25: BW | I25: J121 | J25: 1 | L25: 5160 | M25: 3270 | N25: 120 | O25: 2.011 | P25: 1 | Q25: 5.0275 | R25: 46081 | S25: DD-Z-J1A-009 | U25: SEF - Single Eccentric Footing | V25: 250*1100*2400 | W25: 800/1860/2400/900/800 | X25: TLC-1870*1500 | Z25: SD | AD25: 46105
A26: 22 | B26: 25045 | D26: 1 | E26: J1A6 | F26: 25045-J1A-J121-T3C5-002 | G26: J1A | H26: BW | I26: J121 | J26: 1 | L26: 5160 | M26: 3270 | N26: 120 | O26: 2.347 | P26: 1 | Q26: 5.8675 | R26: 46081 | S26: DD-Z-J1A-009 | U26: DEF - Double Eccentric Footing | V26: 250*1100*1200 | W26: 800/480/1200/1800/1200/480/800 | Z26: SD | AD26: 46098
A27: 23 | B27: 25045 | D27: 1 | E27: J1A6 | F27: 25045-J1A-J121-T3C5-003 | G27: J1A | H27: BW | I27: J121 | J27: 1 | L27: 5160 | M27: 3270 | N27: 120 | O27: 2.347 | P27: 1 | Q27: 5.8675 | R27: 46081 | S27: DD-Z-J1A-009 | U27: DEF - Double Eccentric Footing | V27: 250*1100*1200 | W27: 800/480/1200/1800/1200/480/800 | Z27: SD | AD27: 46099
A28: 24 | B28: 25045 | D28: 1 | E28: J1A6 | F28: 25045-J1A-J121-T3C5-004 | G28: J1A | H28: BW | I28: J121 | J28: 1 | L28: 5185 | M28: 3270 | N28: 120 | O28: 2.355 | P28: 1 | Q28: 5.8875 | R28: 46081 | S28: DD-Z-J1A-009 | U28: DEF - Double Eccentric Footing | V28: 250*1100*1200 | W28: 800/135/1200/2500/1200/151/800 | Z28: SD | AD28: 46105
A29: 25 | B29: 25045 | D29: 1 | E29: J1A6 | F29: 25045-J1A-J121-T3C5-005 | G29: J1A | H29: BW | I29: J121 | J29: 1 | L29: 4612 | M29: 3500 | N29: 120 | O29: 2.173 | P29: 1 | Q29: 5.4325 | R29: 46078 | S29: DD-Z-J1A-008 | U29: DEF - Double Eccentric Footing | V29: 250*1100*1200 | W29: 800/206/1200/1800/1200/206 | Z29: SD | AD29: 46098
A30: 26 | B30: 25045 | D30: 1 | E30: J1A6 | F30: 25045-J1A-J121-T3C5-006 | G30: J1A | H30: BW | I30: J121 | J30: 1 | K30: In same dwg | L30: 4612 | M30: 3250 | N30: 120 | O30: 2.173 | P30: 1 | Q30: 5.4325 | R30: 46078 | S30: DD-Z-J1A-008 | U30: DEF - Double Eccentric Footing | V30: 250*1100*1200 | W30: 800/206/1200/1800/1200/206 | Z30: SD | AD30: 46099
A31: 27 | B31: 25045 | D31: 1 | E31: J1A6 | F31: 25045-J1A-J121-T3C5-007 | G31: J1A | H31: BW | I31: J121 | J31: 1 | K31: In same dwg | L31: 4612 | M31: 3250 | N31: 120 | O31: 2.173 | P31: 1 | Q31: 5.4325 | R31: 46078 | S31: DD-Z-J1A-008 | U31: DEF - Double Eccentric Footing | V31: 250*1100*1200 | W31: 800/206/1200/1800/1200/206 | Z31: SD | AD31: 46104
A32: 28 | B32: 25045 | D32: 1 | E32: J1A6 | F32: 25045-J1A-J121-T3C5-008 | G32: J1A | H32: BW | I32: J121 | J32: 1 | K32: In same dwg | L32: 4612 | M32: 3250 | N32: 120 | O32: 2.173 | P32: 1 | Q32: 5.4325 | R32: 46078 | S32: DD-Z-J1A-008 | U32: DEF - Double Eccentric Footing | V32: 250*1100*1200 | W32: 800/206/1200/1800/1200/206 | Z32: SD | AD32: 46105
A33: 29 | B33: 25045 | D33: 1 | E33: J1A6 | F33: 25045-J1A-J121-T3C5-009 | G33: J1A | H33: BW | I33: J121 | J33: 1 | K33: In same dwg | L33: 4612 | M33: 3250 | N33: 120 | O33: 2.173 | P33: 1 | Q33: 5.4325 | R33: 46078 | S33: DD-Z-J1A-008 | U33: DEF - Double Eccentric Footing | V33: 250*1100*1200 | W33: 800/206/1200/1800/1200/206 | Z33: SD | AD33: 46106
A34: 30 | B34: 25045 | D34: 1 | E34: J1A6 | F34: 25045-J1A-J121-T3C5-010 | G34: J1A | H34: BW | I34: J121 | J34: 1 | L34: 4612 | M34: 3251 | N34: 120 | O34: 1.838 | P34: 1 | Q34: 4.595 | R34: 46078 | S34: DD-Z-J1A-008 | U34: SEF - Single Eccentric Footing | V34: 250*1100*2400 | W34: 800/660/2400/1554/800 | X34: TRC-1870*1500 | Z34: SD | AD34: 46115
A35: 31 | B35: 25045 | D35: 1 | E35: J1A6 | F35: 25045-J1A-J121-T4C2-001 | G35: J1A | H35: BW | I35: J121 | J35: 1 | L35: 3825 | M35: 3520 | N35: 300 | O35: 2.653 | P35: 2 | Q35: 6.6325 | R35: 46081 | S35: DD-Z-J1A-009 | U35: SEF - Single Eccentric Footing | V35: 250*1450*1500 | W35: 800/1136/1500/1190/800 | X35: 250mm Recess | Y35: YES | Z35: SD | AD35: 46119
A36: 32 | B36: 25045 | D36: 1 | E36: J1A6 | F36: 25045-J1A-J121-T5C2A-002 | G36: J1A | H36: BW | I36: J121 | J36: 1 | L36: 1780 | M36: 1560 | N36: 120 | O36: 0.415 | P36: 1 | Q36: 1.0375 | R36: 46081 | S36: DD-Z-J1A-009 | U36: SEF - Single Eccentric Footing | V36: 250*1000*800 | W36: 800/490/800/490/800 | Z36: SD | AD36: 46139
A37: 33 | B37: 25045 | D37: 1 | E37: J1A7 | F37: 25045-J1A-J122-T3C5-001 | G37: J1A | H37: BW | I37: J122 | J37: 1 | L37: 5160 | M37: 3250 | N37: 120 | O37: 1.998 | P37: 1 | Q37: 4.995 | R37: 46078 | S37: DD-Z-J1A-008 | U37: SEF - Single Eccentric Footing | V37: 250*1100*2400 | W37: 800/1860/2400/900/800 | X37: TLC-1870*1500 | Z37: SD | AD37: 46099
A38: 34 | B38: 25045 | D38: 1 | E38: J1A7 | F38: 25045-J1A-J122-T3C5-002 | G38: J1A | H38: BW | I38: J122 | J38: 1 | K38: In same dwg | L38: 5160 | M38: 3250 | N38: 120 | O38: 2.335 | P38: 1 | Q38: 5.8375 | R38: 46078 | S38: DD-Z-J1A-008 | U38: DEF - Double Eccentric Footing | V38: 250*1100*1200 | W38: 800/480/1200/1800/1200/480 | Z38: SD | AD38: 46109
A39: 35 | B39: 25045 | D39: 1 | E39: J1A7 | F39: 25045-J1A-J122-T3C5-003 | G39: J1A | H39: BW | I39: J122 | J39: 1 | K39: In same dwg | L39: 5160 | M39: 3250 | N39: 120 | O39: 2.335 | P39: 1 | Q39: 5.8375 | R39: 46078 | S39: DD-Z-J1A-008 | U39: DEF - Double Eccentric Footing | V39: 250*1100*1200 | W39: 800/480/1200/1800/1200/480 | Z39: SD | AD39: 46110
A40: 36 | B40: 25045 | D40: 1 | E40: J1A7 | F40: 25045-J1A-J122-T3C5-004 | G40: J1A | H40: BW | I40: J122 | J40: 1 | L40: 5185 | M40: 3250 | N40: 120 | O40: 2.342 | P40: 1 | Q40: 5.855 | R40: 46078 | S40: DD-Z-J1A-008 | U40: DEF - Double Eccentric Footing | V40: 250*1100*1200 | W40: 800/135/1200/2500/1200/151/800 | Z40: SD | AD40: 46095
A41: 37 | B41: 25045 | D41: 1 | E41: J1A7 | F41: 25045-J1A-J122-T4C2-001 | G41: J1A | H41: BW | I41: J122 | J41: 1 | L41: 3825 | M41: 3500 | N41: 300 | O41: 2.621 | P41: 1 | Q41: 6.5525 | R41: 46081 | S41: DD-Z-J1A-009 | U41: SEF - Single Eccentric Footing | V41: 250*1450*1500 | W41: 800/1140/1500/1185/800 | X41: 250mm Recess | Y41: YES | Z41: SD | AD41: 46121
A42: 38 | B42: 25045 | D42: 1 | E42: J1A1 | F42: 25045-J1A-J116-T2C5-003 | G42: J1A | H42: BW | I42: J116 | J42: 1 | L42: 3849 | M42: 3100 | N42: 120 | O42: 1.211 | P42: 2 | Q42: 3.0275 | R42: 46078 | S42: DD-Z-J1A-008 | T42: 46123 | U42: SEF - Single Eccentric Footing | V42: 250*1100*1500 | W42: 800/760/1500/1589/800 | X42: TRC-2000*1500 | Z42: SD | AA42: DD-Z-J1A-013 | AD42: 46128
A43: 39 | B43: 25045 | D43: 1 | E43: J1A1 | F43: 25045-J1A-J116-T5AC1-001 | G43: J1A | H43: BW | I43: J116 | J43: 1 | L43: 3460 | M43: 1300 | N43: 120 | O43: 0.677 | P43: 2 | Q43: 1.6925 | R43: 46078 | S43: DD-Z-J1A-008 | T43: 46123 | U43: DEF - Double Eccentric Footing | V43: 250*800*800 | W43: 570/60/800/1800/800 | Z43: SD | AA43: DD-Z-J1A-013 | AD43: 46132
A44: 40 | B44: 25045 | D44: 1 | E44: J1A1 | F44: 25045-J1A-J116-T5AC1-002 | G44: J1A | H44: BW | I44: J116 | J44: 1 | L44: 3460 | M44: 1300 | N44: 120 | O44: 0.677 | P44: 2 | Q44: 1.6925 | R44: 46078 | S44: DD-Z-J1A-008 | T44: 46123 | U44: DEF - Double Eccentric Footing | V44: 250*800*800 | W44: 570/60/800/1800/800 | Z44: SD | AA44: DD-Z-J1A-013 | AD44: 46133
A45: 41 | B45: 25045 | C45: EXT | D45: 1 | E45: J1A2 | F45: 25045-J1A-J117-T1C1-001 | G45: J1A | H45: BW | I45: J117 | J45: 1 | L45: 2480 | M45: 1435 | N45: 120 | O45: 0.466 | P45: 1 | Q45: 1.165 | R45: 46078 | S45: DD-Z-J1A-008 | U45: SEF - Single Eccentric Footing | V45: 250*800*1000 | W45: 735/740/1000/740/735 | Z45: SD | AD45: #N/A
A46: 42 | B46: 25045 | C46: EXT | D46: 1 | E46: J1A2 | F46: 25045-J1A-J117-T1C1-002 | G46: J1A | H46: BW | I46: J117 | J46: 1 | K46: In same dwg | L46: 3000 | M46: 1435 | N46: 120 | O46: 0.51 | P46: 1 | Q46: 1.275 | R46: 46078 | S46: DD-Z-J1A-008 | U46: SEF - Single Eccentric Footing | V46: 250*800*1000 | W46: 735/1000/1000/1000/735 | Z46: SD | AD46: 46109
A47: 43 | B47: 25045 | C47: EXT | D47: 1 | E47: J1A2 | F47: 25045-J1A-J117-T1C1-003 | G47: J1A | H47: BW | I47: J117 | J47: 1 | K47: In same dwg | L47: 3000 | M47: 1435 | N47: 120 | O47: 0.51 | P47: 1 | Q47: 1.275 | R47: 46078 | S47: DD-Z-J1A-008 | U47: SEF - Single Eccentric Footing | V47: 250*800*1000 | W47: 735/1000/1000/1000/735 | Z47: SD | AD47: 46111
A48: 44 | B48: 25045 | C48: EXT | D48: 1 | E48: J1A2 | F48: 25045-J1A-J117-T1C1-004 | G48: J1A | H48: BW | I48: J117 | J48: 1 | K48: In same dwg | L48: 3000 | M48: 1435 | N48: 120 | O48: 0.51 | P48: 1 | Q48: 1.275 | R48: 46078 | S48: DD-Z-J1A-008 | U48: SEF - Single Eccentric Footing | V48: 250*800*1000 | W48: 735/1000/1000/1000/735 | Z48: SD | AD48: 46112
A49: 45 | B49: 25045 | C49: EXT | D49: 1 | E49: J1A2 | F49: 25045-J1A-J117-T1C1-005 | G49: J1A | H49: BW | I49: J117 | J49: 1 | K49: In same dwg | L49: 3000 | M49: 1435 | N49: 120 | O49: 0.51 | P49: 1 | Q49: 1.275 | R49: 46078 | S49: DD-Z-J1A-008 | U49: SEF - Single Eccentric Footing | V49: 250*800*1000 | W49: 735/1000/1000/1000/735 | Z49: SD | AD49: 46115
A50: 46 | B50: 25045 | C50: EXT | D50: 1 | E50: J1A2 | F50: 25045-J1A-J117-T1C1-006 | G50: J1A | H50: BW | I50: J117 | J50: 1 | K50: In same dwg | L50: 3000 | M50: 1435 | N50: 120 | O50: 0.51 | P50: 1 | Q50: 1.275 | R50: 46078 | S50: DD-Z-J1A-008 | U50: SEF - Single Eccentric Footing | V50: 250*800*1000 | W50: 735/1000/1000/1000/735 | Z50: SD | AD50: 46116
A51: 47 | B51: 25045 | C51: EXT | D51: 1 | E51: J1A2 | F51: 25045-J1A-J117-T1C1-007 | G51: J1A | H51: BW | I51: J117 | J51: 1 | L51: 3000 | M51: 1510 | N51: 120 | O51: 0.521 | P51: 1 | Q51: 1.3025 | R51: 46078 | S51: DD-Z-J1A-008 | U51: SEF - Single Eccentric Footing | V51: 250*800*1000 | W51: 800/1000/1000/1000/800 | Z51: SD | AD51: 46086
A52: 48 | B52: 25045 | C52: EXT | D52: 1 | E52: J1A2 | F52: 25045-J1A-J117-T1C1-008 | G52: J1A | H52: BW | I52: J117 | J52: 1 | L52: 3000 | M52: 1510 | N52: 120 | O52: 0.521 | P52: 1 | Q52: 1.3025 | R52: 46078 | S52: DD-Z-J1A-008 | U52: SEF - Single Eccentric Footing | V52: 250*800*1000 | W52: 800/1000/1000/1000/800 | Z52: SD | AD52: 46088
A53: 49 | B53: 25045 | C53: EXT | D53: 1 | E53: J1A2 | F53: 25045-J1A-J117-T1C1-009 | G53: J1A | H53: BW | I53: J117 | J53: 1 | L53: 3000 | M53: 1510 | N53: 120 | O53: 0.521 | P53: 1 | Q53: 1.3025 | R53: 46078 | S53: DD-Z-J1A-008 | U53: SEF - Single Eccentric Footing | V53: 250*800*1000 | W53: 800/1000/1000/1000/800 | Z53: SD | AD53: 46091
A54: 50 | B54: 25045 | C54: EXT | D54: 1 | E54: J1A2 | F54: 25045-J1A-J117-T1C1-010 | G54: J1A | H54: BW | I54: J117 | J54: 1 | L54: 3000 | M54: 1510 | N54: 120 | O54: 0.521 | P54: 1 | Q54: 1.3025 | R54: 46078 | S54: DD-Z-J1A-008 | U54: SEF - Single Eccentric Footing | V54: 250*800*1000 | W54: 800/1000/1000/1000/800 | Z54: SD | AD54: 46093
A55: 51 | B55: 25045 | C55: EXT | D55: 1 | E55: J1A2 | F55: 25045-J1A-J117-T1C1-011 | G55: J1A | H55: BW | I55: J117 | J55: 1 | L55: 3000 | M55: 1510 | N55: 120 | O55: 0.521 | P55: 1 | Q55: 1.3025 | R55: 46078 | S55: DD-Z-J1A-008 | U55: SEF - Single Eccentric Footing | V55: 250*800*1000 | W55: 800/1000/1000/1000/800 | Z55: SD | AD55: 46095
A56: 52 | B56: 25045 | C56: EXT | D56: 1 | E56: J1A2 | F56: 25045-J1A-J117-T1C1-012 | G56: J1A | H56: BW | I56: J117 | J56: 1 | L56: 3130 | M56: 1510 | N56: 120 | O56: 0.532 | P56: 1 | Q56: 1.33 | R56: 46078 | S56: DD-Z-J1A-008 | U56: SEF - Single Eccentric Footing | V56: 250*800*1000 | W56: 800/1065/1000/1065/800 | Z56: SD | AD56: 46088
A57: 53 | B57: 25045 | D57: 1 | E57: J1A4 | F57: 25045-J1A-J119-T3C6-001 | G57: J1A | H57: BW | I57: J119 | J57: 1 | L57: 5015 | M57: 3580 | N57: 120 | O57: 2.725 | P57: 1 | Q57: 6.8125 | R57: 46081 | S57: DD-Z-J1A-009 | U57: DEFC - Double Eccentric Footing with Corbel | V57: 250*1250*1200 | W57: 800/115/1200/2500/1200 | Z57: SD | AD57: 46132
A58: 54 | B58: 25045 | D58: 1 | E58: J1A4 | F58: 25045-J1A-J119-T3C6-002 | G58: J1A | H58: BW | I58: J119 | J58: 1 | K58: In same dwg | L58: 4810 | M58: 3580 | N58: 120 | O58: 2.656 | P58: 1 | Q58: 6.64 | R58: 46081 | S58: DD-Z-J1A-009 | U58: DEFC - Double Eccentric Footing with Corbel | V58: 250*1250*1200 | W58: 800/305/1200/1800/1200/305/800 | Z58: SD | AD58: 46136
A59: 55 | B59: 25045 | D59: 1 | E59: J1A4 | F59: 25045-J1A-J119-T3C6-003 | G59: J1A | H59: BW | I59: J119 | J59: 1 | K59: In same dwg | L59: 4810 | M59: 3580 | N59: 120 | O59: 2.656 | P59: 1 | Q59: 6.64 | R59: 46081 | S59: DD-Z-J1A-009 | U59: DEFC - Double Eccentric Footing with Corbel | V59: 250*1250*1200 | W59: 800/305/1200/1800/1200/305/800 | Z59: SD | AD59: 46137
A60: 56 | B60: 25045 | D60: 1 | E60: J1A4 | F60: 25045-J1A-J119-T3C6-004 | G60: J1A | H60: BW | I60: J119 | J60: 1 | L60: 4820 | M60: 3580 | N60: 120 | O60: 2.323 | P60: 1 | Q60: 5.8075 | R60: 46081 | S60: DD-Z-J1A-009 | U60: SEFC - Single Eccentric Footing with Corbel | V60: 250*1250*2400 | W60: 800/820/2400/1600/800 | X60: TRC-1870*1500 | Z60: SD | AD60: 46133
A61: 57 | B61: 25045 | D61: 1 | E61: J1A4 | F61: 25045-J1A-J119-T4C5-001 | G61: J1A | H61: BW | I61: J119 | J61: 1 | L61: 5035 | M61: 3830 | N61: 300 | O61: 3.903 | P61: 2 | Q61: 9.7575 | R61: 46081 | S61: DD-Z-J1A-009 | U61: SEF - Single Eccentric Footing | V61: 250*1400*2400 | W61: 800/1318/2400/1317/800 | X61: 250mm Recess | Y61: YES | Z61: SD | AD61: 46116
A62: 58 | B62: 25045 | C62: EXT | D62: 1 | E62: J1A5 | F62: 25045-J1A-J120-T1C1-001 | G62: J1A | H62: BW | I62: J120 | J62: 1 | L62: 3000 | M62: 1350 | N62: 120 | O62: 0.5 | P62: 1 | Q62: 1.25 | R62: 46081 | S62: DD-Z-J1A-009 | U62: SEF - Single Eccentric Footing | V62: 250*800*650 | W62: 650/1000/1000/1000/650 | Z62: SD | AD62: #N/A
A63: 59 | B63: 25045 | C63: EXT | D63: 1 | E63: J1A5 | F63: 25045-J1A-J120-T1C1-002 | G63: J1A | H63: BW | I63: J120 | J63: 1 | L63: 3000 | M63: 1350 | N63: 120 | O63: 0.5 | P63: 1 | Q63: 1.25 | R63: 46081 | S63: DD-Z-J1A-009 | U63: SEF - Single Eccentric Footing | V63: 250*800*650 | W63: 650/1000/1000/1000/650 | Z63: SD | AD63: #N/A
A64: 60 | B64: 25045 | C64: EXT | D64: 1 | E64: J1A5 | F64: 25045-J1A-J120-T1C1-003 | G64: J1A | H64: BW | I64: J120 | J64: 1 | L64: 4600 | M64: 1350 | N64: 120 | O64: 0.882 | P64: 0 | Q64: 2.205 | R64: 46081 | S64: DD-Z-J1A-009 | U64: DEF - Double Eccentric Footing | V64: 250*800*1000 | W64: 650/400/1000/1800/1000/400/650 | Z64: SD | AD64: 46098
A65: 61 | B65: 25045 | D65: 1 | E65: J1A5 | F65: 25045-J1A-J120-T3C6-001 | G65: J1A | H65: BW | I65: J120 | J65: 1 | L65: 5275 | M65: 3580 | N65: 120 | O65: 2.475 | P65: 1 | Q65: 6.1875 | R65: 46081 | S65: DD-Z-J1A-009 | U65: DEFC - Double Eccentric Footing with Corbel | V65: 250*1250*1200 | W65: 800/1075/1200/1800/1200 | X65: TLC-1870*1500 | Z65: SD | AD65: 46133
A66: 62 | B66: 25045 | D66: 1 | E66: J1A5 | F66: 25045-J1A-J120-T3C6-002 | G66: J1A | H66: BW | I66: J120 | J66: 1 | L66: 5275 | M66: 3580 | N66: 120 | O66: 2.811 | P66: 0 | Q66: 7.0275 | R66: 46081 | S66: DD-Z-J1A-009 | U66: DEFC - Double Eccentric Footing with Corbel | V66: 250*1250*1200 | W66: 800/537/1200/1800/1200/538/800 | Z66: SD | AD66: 46134
A67: 63 | B67: 25045 | D67: 1 | E67: J1A5 | F67: 25045-J1A-J120-T3C6-003 | G67: J1A | H67: BW | I67: J120 | J67: 1 | L67: 5275 | M67: 3580 | N67: 120 | O67: 2.811 | P67: 0 | Q67: 7.0275 | R67: 46081 | S67: DD-Z-J1A-009 | U67: DEFC - Double Eccentric Footing with Corbel | V67: 250*1250*1200 | W67: 800/537/1200/1800/1200/538/800 | Z67: SD | AD67: 46135
A68: 64 | B68: 25045 | D68: 1 | E68: J1A5 | F68: 25045-J1A-J120-T3C6-004 | G68: J1A | H68: BW | I68: J120 | J68: 1 | L68: 5290 | M68: 3580 | N68: 120 | O68: 2.816 | P68: 1 | Q68: 7.04 | R68: 46081 | S68: DD-Z-J1A-009 | U68: DEFC - Double Eccentric Footing with Corbel | V68: 250*1250*1200 | W68: 800/188/1200/2500/1200/202/800 | Z68: SD | AD68: 46130
A69: 65 | B69: 25045 | D69: 1 | E69: J1A5 | F69: 25045-J1A-J120-T4C2-001 | G69: J1A | H69: BW | I69: J120 | J69: 1 | L69: 3375 | M69: 3830 | N69: 300 | O69: 2.612 | P69: 2 | Q69: 6.53 | R69: 46081 | S69: DD-Z-J1A-009 | U69: SEF - Single Eccentric Footing | V69: 250*1450*1500 | W69: 800/985/1500/890/800 | X69: 250mm Recess | Y69: YES | Z69: SD | AD69: 46122
A70: 66 | B70: 25045 | C70: EXT | D70: 1 | E70: J1A6 | F70: 25045-J1A-J121-T1C1-001 | G70: J1A | H70: BW | I70: J121 | J70: 1 | K70: In same dwg | L70: 5622 | M70: 1350 | N70: 120 | O70: 0.968 | P70: 1 | Q70: 2.42 | R70: 46078 | S70: DD-Z-J1A-008 | U70: DEF - Double Eccentric Footing | V70: 250*800*1000 | W70: 650/911/1000/1800/1000/911/650 | Z70: SD | AD70: 46090
A71: 67 | B71: 25045 | C71: EXT | D71: 1 | E71: J1A6 | F71: 25045-J1A-J121-T1C1-002 | G71: J1A | H71: BW | I71: J121 | J71: 1 | K71: In same dwg | L71: 5622 | M71: 1350 | N71: 120 | O71: 0.968 | P71: 1 | Q71: 2.42 | R71: 46078 | S71: DD-Z-J1A-008 | U71: DEF - Double Eccentric Footing | V71: 250*800*1000 | W71: 650/911/1000/1800/1000/911/650 | Z71: SD | AD71: 46092
A72: 68 | B72: 25045 | C72: EXT | D72: 1 | E72: J1A7 | F72: 25045-J1A-J122-T1C1-001 | G72: J1A | H72: BW | I72: J122 | J72: 1 | K72: In same dwg | L72: 5623 | M72: 1350 | N72: 120 | O72: 0.968 | P72: 1 | Q72: 2.42 | R72: 46078 | S72: DD-Z-J1A-008 | U72: DEF - Double Eccentric Footing | V72: 250*800*1000 | W72: 650/912/1000/1800/1000/912 | Z72: SD | AD72: 46093
A73: 69 | B73: 25045 | C73: EXT | D73: 1 | E73: J1A7 | F73: 25045-J1A-J122-T1C1-002 | G73: J1A | H73: BW | I73: J122 | J73: 1 | K73: In same dwg | L73: 5623 | M73: 1350 | N73: 120 | O73: 0.968 | P73: 1 | Q73: 2.42 | R73: 46078 | S73: DD-Z-J1A-008 | U73: DEF - Double Eccentric Footing | V73: 250*800*1000 | W73: 650/912/1000/1800/1000/912 | Z73: SD | AD73: 46095
A74: 70 | B74: 25045 | C74: EXT | D74: 1 | E74: J1A7 | F74: 25045-J1A-J122-T1C1-003 | G74: J1A | H74: BW | I74: J122 | J74: 1 | L74: 5623 | M74: 1350 | N74: 120 | O74: 0.968 | P74: 1 | Q74: 2.42 | R74: 46078 | S74: DD-Z-J1A-008 | U74: DEF - Double Eccentric Footing | V74: 250*800*1000 | W74: 650/912/1000/1800/1000/912/650 | Z74: SD | AD74: 46097
A75: 71 | B75: 25045 | D75: 1 | E75: J1A7 | F75: 25045-J1A-J122-T2C1-001 | G75: J1A | H75: BW | I75: J122 | J75: 1 | L75: 3420 | M75: 2900 | N75: 120 | O75: 1.181 | P75: 1 | Q75: 2.9525 | R75: 46078 | S75: DD-Z-J1A-008 | U75: SEF - Single Eccentric Footing | V75: 250*1100*1200 | W75: 800/950/1200/1270/800 | X75: TRC-420*1770 | Z75: SD | AD75: 46123
A76: 72 | B76: 25045 | D76: 1 | E76: J1A7 | F76: 25045-J1A-J122-T2C1-002 | G76: J1A | H76: BW | I76: J122 | J76: 1 | L76: 3090 | M76: 2900 | N76: 120 | O76: 1.062 | P76: 1 | Q76: 2.655 | R76: 46078 | S76: DD-Z-J1A-008 | U76: SEF - Single Eccentric Footing | V76: 250*1100*1200 | W76: 800/700/1200/1190/800 | X76: TRC-590*1770 | Z76: SD | AD76: 46125
A77: 73 | B77: 25045 | D77: 1 | E77: J1A7 | F77: 25045-J1A-J122-T2C5-001 | G77: J1A | H77: BW | I77: J122 | J77: 1 | L77: 4460 | M77: 2900 | N77: 120 | O77: 1.262 | P77: 1 | Q77: 3.155 | R77: 46078 | S77: DD-Z-J1A-008 | U77: SEF - Single Eccentric Footing | V77: 250*1100*1500 | W77: 550/1760/1500/1200/800 | X77: TLC-1870*1500 | Z77: SD | AD77: 46086
A78: 74 | B78: 25045 | D78: 1 | E78: J1A7 | F78: 25045-J1A-J122-T2C5-002 | G78: J1A | H78: BW | I78: J122 | J78: 1 | L78: 3590 | M78: 2900 | N78: 120 | O78: 1.29 | P78: 1 | Q78: 3.225 | R78: 46078 | S78: DD-Z-J1A-008 | U78: SEF - Single Eccentric Footing | V78: 250*1100*1500 | W78: 800/800/1500/1290/800 | X78: TRC-590*1770 | Z78: SD | AD78: 46091
A79: 75 | B79: 25045 | D79: 1 | E79: J1A7 | F79: 25045-J1A-J122-T2C5-003 | G79: J1A | H79: BW | I79: J122 | J79: 1 | L79: 4155 | M79: 2900 | N79: 120 | O79: 1.558 | P79: 1 | Q79: 3.895 | R79: 46078 | S79: DD-Z-J1A-008 | U79: SEF - Single Eccentric Footing | V79: 250*1100*1500 | W79: 800/1327/1500/1328/800 | Z79: SD | AD79: 46090
A80: 76 | B80: 25045 | D80: 1 | E80: J1A7 | F80: 25045-J1A-J122-T2C9-001 | G80: J1A | H80: BW | I80: J122 | J80: 1 | L80: 4920 | M80: 2900 | N80: 120 | O80: 1.782 | P80: 1 | Q80: 4.455 | R80: 46078 | S80: DD-Z-J1A-008 | U80: DEF - Double Eccentric Footing | V80: 250*1000*1000 | W80: 800/400/1000/1800/1000/800 | X80: TRC-420*1770 | Z80: SD | AD80: 46098
A81: 77 | B81: 25045 | D81: 1 | E81: J1A7 | F81: 25045-J1A-J122-T5AC4-001 | G81: J1A | H81: BW | I81: J122 | J81: 1 | L81: 3083 | M81: 1250 | N81: 120 | O81: 0.533 | P81: 1 | Q81: 1.3325 | R81: 46057 | S81: DD-Z-J1A-004 | T81: 46125 | U81: SEF - Single Eccentric Footing | V81: 250*800*1000 | W81: 400/1049/1000/1049/400 | Z81: SD | AA81: DD-Z-J1A-014 | AD81: 46127
A82: 78 | B82: 25045 | D82: 1 | E82: J1A7 | F82: 25045-J1A-J122-T5AC4-002 | G82: J1A | H82: BW | I82: J122 | J82: 1 | L82: 3068 | M82: 1250 | N82: 120 | O82: 0.53 | P82: 1 | Q82: 1.325 | R82: 46078 | S82: DD-Z-J1A-008 | U82: SEF - Single Eccentric Footing | V82: 250*800*1000 | W82: 400/1034/1000/1034/400 | Z82: SD | AD82: 46094
A83: 79 | B83: 25045 | C83: EXT | D83: 1 | E83: J1A1 | F83: 25045-J1A-J116-T2C1-001 | G83: J1A | H83: BW | I83: J116 | J83: 1 | L83: 2200 | M83: 3260 | N83: 120 | O83: 0.811 | P83: 1 | Q83: 2.0275 | R83: 46078 | S83: DD-Z-J1A-008 | U83: SEF - Single Eccentric Footing | V83: 250*1100*1200 | W83: 250/401/1200/600/250 | X83: R-1000*2280/1870 | Z83: SD | AD83: 46109
A84: 80 | B84: 25045 | C84: EXT | D84: 1 | E84: J1A2 | F84: 25045-J1A-J117-T2C1-001 | G84: J1A | H84: BW | I84: J117 | J84: 1 | L84: 2600 | M84: 2935 | N84: 120 | O84: 0.94 | P84: 1 | Q84: 2.35 | R84: 46078 | S84: DD-Z-J1A-008 | U84: SEF - Single Eccentric Footing | V84: 250*1100*1200 | W84: 265/825/1200/575/250 | X84: R-1000*1870 | Z84: SD | AD84: 46098
A85: 81 | B85: 25045 | D85: 1 | E85: J1A2 | F85: 25045-J1A-J117-T5C1A-001 | G85: J1A | H85: BW | I85: J117 | J85: 1 | L85: 2140 | M85: 950 | N85: 120 | O85: 0.354 | P85: 1 | Q85: 0.885 | R85: 46078 | S85: DD-Z-J1A-008 | U85: SEF - Single Eccentric Footing | V85: 250*700*1000 | W85: 250/571/1000/569/250 | Z85: SD | AD85: 46137
A86: 82 | B86: 25045 | D86: 1 | E86: J1A2 | F86: 25045-J1A-J117-T6C1-001 | G86: J1A | H86: BW | I86: J117 | J86: 1 | L86: 2730 | M86: 1000 | N86: 120 | O86: 0.456 | P86: 2 | Q86: 1.14 | R86: 46078 | S86: DD-Z-J1A-008 | U86: SCF - Single Concentric Footing | V86: 250*900*1000 | W86: 360/1160/1000/620/250 | Z86: SD | AD86: 46091
A87: 83 | B87: 25045 | D87: 1 | E87: J1A3 | F87: 25045-J1A-J118-T5C1A-001 | G87: J1A | H87: BW | I87: J118 | J87: 1 | L87: 2140 | M87: 950 | N87: 120 | O87: 0.359 | P87: 1 | Q87: 0.8975 | R87: 46078 | S87: DD-Z-J1A-008 | U87: SEF - Single Eccentric Footing | V87: 250*900*800 | W87: 250/669/800/670/250 | Z87: SD | AD87: 46081
A88: 84 | B88: 25045 | D88: 1 | E88: J1A3 | F88: 25045-J1A-J118-T5C2A-001 | G88: J1A | H88: BW | I88: J118 | J88: 1 | L88: 1780 | M88: 1610 | N88: 120 | O88: 0.425 | P88: 1 | Q88: 1.0625 | R88: 46078 | S88: DD-Z-J1A-008 | U88: SEF - Single Eccentric Footing | V88: 250*1000*800 | W88: 800/490/800/490/800 | Z88: SD | AD88: 46107
A89: 85 | B89: 25045 | D89: 1 | E89: J1A3 | F89: 25045-J1A-J118-T6C1-002 | G89: J1A | H89: BW | I89: J118 | J89: 1 | L89: 3330 | M89: 1000 | N89: 120 | O89: 0.59 | P89: 1 | Q89: 1.475 | R89: 46078 | S89: DD-Z-J1A-008 | U89: SCF - Single Concentric Footing | V89: 250*900*1000 | W89: 300/970/1000/1359/300 | Z89: SD | AD89: 46099
A90: 86 | B90: 25045 | D90: 1 | E90: J1A4 | F90: 25045-J1A-J119-T5C2A-001 | G90: J1A | H90: BW | I90: J119 | J90: 1 | L90: 1780 | M90: 1610 | N90: 120 | O90: 0.425 | P90: 1 | Q90: 1.0625 | R90: 46081 | S90: DD-Z-J1A-009 | U90: SEF - Single Eccentric Footing | V90: 250*1000*800 | W90: 800/490/800/490/800 | Z90: SD | AD90: 46132
A91: 87 | B91: 25045 | D91: 1 | E91: J1A4 | F91: 25045-J1A-J119-T5C3A-001 | G91: J1A | H91: BW | I91: J119 | J91: 1 | L91: 1780 | M91: 1875 | N91: 120 | O91: 0.522 | P91: 1 | Q91: 1.305 | R91: 46081 | S91: DD-Z-J1A-009 | U91: SEF - Single Eccentric Footing | V91: 250*1200*800 | W91: 800/490/800/490/800 | Z91: SD | AD91: 46134
A92: 88 | B92: 25045 | C92: EXT | D92: 1 | E92: J1A5 | F92: 25045-J1A-J120-T1C1-004 | G92: J1A | H92: BW | I92: J120 | J92: 1 | L92: 5002 | M92: 3320 | N92: 120 | O92: 1.009 | P92: 0 | Q92: 2.5225 | R92: 46081 | S92: DD-Z-J1A-009 | U92: DEF - Double Eccentric Footing | V92: 250*800*1000 | W92: 650/502/1000/2500/1000 | X92: TLC-4607*1970 | Z92: SD | AD92: #N/A
A93: 89 | B93: 25045 | D93: 1 | E93: J1A5 | F93: 25045-J1A-J120-T5C2A-001 | G93: J1A | H93: BW | I93: J120 | J93: 1 | L93: 1780 | M93: 1560 | N93: 120 | O93: 0.415 | P93: 1 | Q93: 1.0375 | R93: 46081 | S93: DD-Z-J1A-009 | U93: SEF - Single Eccentric Footing | V93: 250*1000*800 | W93: 800/490/800/490/800 | Z93: SD | AD93: 46136
A94: 90 | B94: 25045 | D94: 1 | E94: J1A5 | F94: 25045-J1A-J120-T5C3A-001 | G94: J1A | H94: BW | I94: J120 | J94: 1 | L94: 1780 | M94: 1875 | N94: 120 | O94: 0.522 | P94: 1 | Q94: 1.305 | R94: 46081 | S94: DD-Z-J1A-009 | U94: SEF - Single Eccentric Footing | V94: 250*1200*800 | W94: 800/490/800/490/800 | Z94: SD | AD94: 46135
A95: 91 | B95: 25045 | D95: 1 | E95: J1A5 | F95: 25045-J1A-J120-T6C1-001 | G95: J1A | H95: BW | I95: J120 | J95: 1 | L95: 2840 | M95: 1000 | N95: 120 | O95: 0.469 | P95: 1 | Q95: 1.1725 | R95: 46081 | S95: DD-Z-J1A-009 | U95: SCF - Single Concentric Footing | V95: 250*900*1000 | W95: 300/1020/1000/820 | Z95: SD | AD95: 46095
A96: 92 | B96: 25045 | C96: EXT | D96: 1 | E96: J1A6 | F96: 25045-J1A-J121-T1C1-003 | G96: J1A | H96: BW | I96: J121 | J96: 1 | L96: 5622 | M96: 3300 | N96: 120 | O96: 1.08 | P96: 2 | Q96: 2.7 | R96: 46081 | S96: DD-Z-J1A-009 | U96: DEF - Double Eccentric Footing | V96: 250*800*1000 | W96: 650/1122/1000/2500/1000 | X96: TLC-5227*1950 | Z96: SD | AD96: 46099
A97: 93 | B97: 25045 | C97: EXT | D97: 1 | E97: J1A6 | F97: 25045-J1A-J121-T2C1-001 | G97: J1A | H97: BW | I97: J121 | J97: 1 | K97: In same dwg | L97: 2595 | M97: 2850 | N97: 120 | O97: 0.915 | P97: 1 | Q97: 2.2875 | R97: 46078 | S97: DD-Z-J1A-008 | U97: SEF - Single Eccentric Footing | V97: 250*1100*1200 | W97: 250/845/1200/550/250 | X97: L-1000*1870 | Z97: SD | AD97: 46105
A98: 94 | B98: 25045 | C98: EXT | D98: 1 | E98: J1A7 | F98: 25045-J1A-J122-T2C1-003 | G98: J1A | H98: BW | I98: J122 | J98: 1 | K98: In same dwg | L98: 2595 | M98: 2850 | N98: 120 | O98: 0.915 | P98: 1 | Q98: 2.2875 | R98: 46078 | S98: DD-Z-J1A-008 | U98: SEF - Single Eccentric Footing | V98: 250*1100*1200 | W98: 250/845/1200/550/250 | X98: L-1000*1870 | Z98: SD | AD98: #N/A
A99: 95 | B99: 25045 | D99: 1 | E99: J1A6 | F99: 25045-J1A-J121-T5C2A-001 | G99: J1A | H99: BW | I99: J121 | J99: 1 | L99: 1780 | M99: 1540 | N99: 120 | O99: 0.41 | P99: 1 | Q99: 1.025 | R99: 46081 | S99: DD-Z-J1A-009 | U99: SEF - Single Eccentric Footing | V99: 250*1000*800 | W99: 800/490/800/490/800 | Z99: SD | AD99: 46111
A100: 96 | B100: 25045 | D100: 1 | E100: J1A6 | F100: 25045-J1A-J121-T6C1-001 | G100: J1A | H100: BW | I100: J121 | J100: 1 | L100: 2840 | M100: 1000 | N100: 120 | O100: 0.469 | P100: 1 | Q100: 1.1725 | R100: 46081 | S100: DD-Z-J1A-009 | U100: SCF - Single Concentric Footing | V100: 250*900*1000 | W100: 300/1020/1000/820 | Z100: SD | AD100: 46098
A101: 97 | B101: 25045 | D101: 1 | E101: J1A7 | F101: 25045-J1A-J122-T5C2A-001 | G101: J1A | H101: BW | I101: J122 | J101: 1 | L101: 1780 | M101: 1540 | N101: 120 | O101: 0.41 | P101: 0 | Q101: 1.025 | R101: 46078 | S101: DD-Z-J1A-008 | U101: SEF - Single Eccentric Footing | V101: 250*1000*800 | W101: 800/490/800/490/800 | Z101: SD | AD101: 46141
...

Sheet Cast
A1: Date | B1: ELEMENT ID | C1: QTY | D1: VOL | E1: BAY | G1: QTY | H1: =SUM(C2:C1048576) -> 1340 | I1: VOL | J1: =SUM(D2:D1048576) -> #ERROR!
A2: 46070 | B2: 25045-J1B-J125-T3C4-001 | C2: 1 | D2: =_xlfn.XLOOKUP(B2,[1]FullDataList!F:F,[1]FullDataList!O:O) -> #ERROR! | E2: =_xlfn.XLOOKUP(B2,[1]Details!C:C,[1]Details!H:H) -> #ERROR!
A3: 46070 | B3: 25045-J1B-J124-T2C2-006 | C3: 1 | D3: =_xlfn.XLOOKUP(B3,[1]FullDataList!F:F,[1]FullDataList!O:O) -> #ERROR! | E3: =_xlfn.XLOOKUP(B3,[1]Details!C:C,[1]Details!H:H) -> #ERROR!
A4: 46070 | B4: 25045-J1B-J124-T2C2-004 | C4: 1 | D4: =_xlfn.XLOOKUP(B4,[1]FullDataList!F:F,[1]FullDataList!O:O) -> #ERROR! | E4: =_xlfn.XLOOKUP(B4,[1]Details!C:C,[1]Details!H:H) -> #ERROR!
A5: 46070 | B5: 25045-J1B-J123-T3C4-001 | C5: 1 | D5: =_xlfn.XLOOKUP(B5,[1]FullDataList!F:F,[1]FullDataList!O:O) -> #ERROR! | E5: =_xlfn.XLOOKUP(B5,[1]Details!C:C,[1]Details!H:H) -> #ERROR!
A6: 46071 | B6: 25045-J1B-J125-T3C4-002 | C6: 1 | D6: =_xlfn.XLOOKUP(B6,[1]FullDataList!F:F,[1]FullDataList!O:O) -> #ERROR! | E6: =_xlfn.XLOOKUP(B6,[1]Details!C:C,[1]Details!H:H) -> #ERROR!
A7: 46071 | B7: 25045-J1B-J125-T2C2-005 | C7: 1 | D7: =_xlfn.XLOOKUP(B7,[1]FullDataList!F:F,[1]FullDataList!O:O) -> #ERROR! | E7: =_xlfn.XLOOKUP(B7,[1]Details!C:C,[1]Details!H:H) -> #ERROR!
A8: 46071 | B8: 25045-J1B-J124-T2C2-003 | C8: 1 | D8: =_xlfn.XLOOKUP(B8,[1]FullDataList!F:F,[1]FullDataList!O:O) -> #ERROR! | E8: =_xlfn.XLOOKUP(B8,[1]Details!C:C,[1]Details!H:H) -> #ERROR!
A9: 46071 | B9: 25045-J1B-J124-T3C4-001 | C9: 1 | D9: =_xlfn.XLOOKUP(B9,[1]FullDataList!F:F,[1]FullDataList!O:O) -> #ERROR! | E9: =_xlfn.XLOOKUP(B9,[1]Details!C:C,[1]Details!H:H) -> #ERROR!
A10: 46072 | B10: 25045-J1B-J123-T3C4-005 | C10: 1 | D10: =_xlfn.XLOOKUP(B10,[1]FullDataList!F:F,[1]FullDataList!O:O) -> #ERROR! | E10: =_xlfn.XLOOKUP(B10,[1]Details!C:C,[1]Details!H:H) -> #ERROR!
A11: 46072 | B11: 25045-J1B-J123-T2C9-003 | C11: 1 | D11: =_xlfn.XLOOKUP(B11,[1]FullDataList!F:F,[1]FullDataList!O:O) -> #ERROR! | E11: =_xlfn.XLOOKUP(B11,[1]Details!C:C,[1]Details!H:H) -> #ERROR!
A12: 46073 | B12: 25045-J1B-J125-T3C4-003 | C12: 1 | D12: =_xlfn.XLOOKUP(B12,[1]FullDataList!F:F,[1]FullDataList!O:O) -> #ERROR! | E12: =_xlfn.XLOOKUP(B12,[1]Details!C:C,[1]Details!H:H) -> #ERROR!
A13: 46073 | B13: 25045-J1B-J125-T2C2-003 | C13: 1 | D13: =_xlfn.XLOOKUP(B13,[1]FullDataList!F:F,[1]FullDataList!O:O) -> #ERROR! | E13: =_xlfn.XLOOKUP(B13,[1]Details!C:C,[1]Details!H:H) -> #ERROR!
... A99: 46088 | B99: 25045-J1B-J126-T3C5-002 | C99: 1 | D99: =_xlfn.XLOOKUP(B99,[1]FullDataList!F:F,[1]FullDataList!O:O) -> #ERROR! | E99: =_xlfn.XLOOKUP(B99,[1]Details!C:C,[1]Details!H:H) -> #ERROR!
A100: 46090 | B100: 25045-J1B-J131-T3C4-006 | C100: 1 | D100: =_xlfn.XLOOKUP(B100,[1]FullDataList!F:F,[1]FullDataList!O:O) -> #ERROR! | E100: 21-32
A101: 46090 | B101: 25045-J1B-J133-T3C4-003 | C101: 1 | D101: =_xlfn.XLOOKUP(B101,[1]FullDataList!F:F,[1]FullDataList!O:O) -> #ERROR! | E101: 21-38A
A102: 46090 | B102: 25045-J1A-J121-T1C1-001 | C102: 1 | D102: =_xlfn.XLOOKUP(B102,[1]FullDataList!F:F,[1]FullDataList!O:O) -> #ERROR! | E102: 21-111B
A103: 46090 | B103: 25045-J1B-J129-T3C4-003 | C103: 1 | D103: =_xlfn.XLOOKUP(B103,[1]FullDataList!F:F,[1]FullDataList!O:O) -> #ERROR! | E103: 21-36
A104: 46090 | B104: 25045-J1B-J128-T3C4-002 | C104: 1 | D104: =_xlfn.XLOOKUP(B104,[1]FullDataList!F:F,[1]FullDataList!O:O) -> #ERROR! | E104: 21-113
A105: 46090 | B105: 25045-J1B-J125-T2C2-006 | C105: 1 | D105: =_xlfn.XLOOKUP(B105,[1]FullDataList!F:F,[1]FullDataList!O:O) -> #ERROR! | E105: 21-37B
A106: 46090 | B106: 25045-J1B-J131-T3C4-005 | C106: 1 | D106: =_xlfn.XLOOKUP(B106,[1]FullDataList!F:F,[1]FullDataList!O:O) -> #ERROR! | E106: 21-32A
A107: 46090 | B107: 25045-J1A-J122-T2C5-003 | C107: 1 | D107: =_xlfn.XLOOKUP(B107,[1]FullDataList!F:F,[1]FullDataList!O:O) -> #ERROR! | E107: 21-113A
A108: 46090 | B108: 25045-J1B-J126-T3C5-003 | C108: 1 | D108: =_xlfn.XLOOKUP(B108,[1]FullDataList!F:F,[1]FullDataList!O:O) -> #ERROR! | E108: 21-119
A109: 46091 | B109: 25045-J1B-J130-T3C4-001 | C109: 1 | D109: =_xlfn.XLOOKUP(B109,[1]FullDataList!F:F,[1]FullDataList!O:O) -> #ERROR! | E109: 21-113
A110: 46091 | B110: 25045-J1B-J132-T3C4-002 | C110: 1 | D110: =_xlfn.XLOOKUP(B110,[1]FullDataList!F:F,[1]FullDataList!O:O) -> #ERROR! | E110: 21-37A
A111: 46091 | B111: 25045-J1B-J133-T3C4-005 | C111: 1 | D111: =_xlfn.XLOOKUP(B111,[1]FullDataList!F:F,[1]FullDataList!O:O) -> #ERROR! | E111: 21-32A
... A251: 46109 | B251: 25045-J1C-J090-T3C4-001 | C251: 1 | D251: =_xlfn.XLOOKUP(B251,[1]FullDataList!F:F,[1]FullDataList!O:O) -> #ERROR! | E251: 21-114B
A252: 46109 | B252: 25045-J1A-J117-T1C1-002 | C252: 1 | D252: =_xlfn.XLOOKUP(B252,[1]FullDataList!F:F,[1]FullDataList!O:O) -> #ERROR! | E252: 21
A253: 46109 | B253: 25045-J1B-J127-T5C1A-001 | C253: 1 | D253: =_xlfn.XLOOKUP(B253,[1]FullDataList!F:F,[1]FullDataList!O:O) -> #ERROR! | E253: 21
A254: 46110 | B254: 25045-J1C-J088-T3C4-003 | C254: 1 | D254: =_xlfn.XLOOKUP(B254,[1]FullDataList!F:F,[1]FullDataList!O:O) -> #ERROR! | E254: 20-76A
A255: 46110 | B255: 25045-J1A-J122-T3C5-003 | C255: 1 | D255: =_xlfn.XLOOKUP(B255,[1]FullDataList!F:F,[1]FullDataList!O:O) -> #ERROR! | E255: 20-76B
A256: 46110 | B256: 25045-J1D-J096-T2C5-001 | C256: 1 | D256: =_xlfn.XLOOKUP(B256,[1]FullDataList!F:F,[1]FullDataList!O:O) -> #ERROR!
A257: 46110 | B257: 25045-J1C-J089-T3C4-002 | C257: 1 | D257: =_xlfn.XLOOKUP(B257,[1]FullDataList!F:F,[1]FullDataList!O:O) -> #ERROR! | E257: 21-36
A258: 46110 | B258: 25045-J1B-J126-T3C5-005 | C258: 1 | D258: =_xlfn.XLOOKUP(B258,[1]FullDataList!F:F,[1]FullDataList!O:O) -> #ERROR! | E258: 21-32A
A259: 46110 | B259: 25045-J1C-J089-T3C4-010 | C259: 1 | D259: =_xlfn.XLOOKUP(B259,[1]FullDataList!F:F,[1]FullDataList!O:O) -> #ERROR!
A260: 46111 | B260: 25045-J1C-J088-T3C4-004 | C260: 1 | D260: =_xlfn.XLOOKUP(B260,[1]FullDataList!F:F,[1]FullDataList!O:O) -> #ERROR! | E260: 20-76A
A261: 46111 | B261: 25045-J1A-J118-T3C5-002 | C261: 1 | D261: =_xlfn.XLOOKUP(B261,[1]FullDataList!F:F,[1]FullDataList!O:O) -> #ERROR! | E261: 20-76B
A262: 46111 | B262: 25045-J1D-J100-T2C9-001 | C262: 1 | D262: =_xlfn.XLOOKUP(B262,[1]FullDataList!F:F,[1]FullDataList!O:O) -> #ERROR! | E262: 20-78
A263: 46111 | B263: 25045-J1D-J097-T6C1-002 | C263: 1 | D263: =_xlfn.XLOOKUP(B263,[1]FullDataList!F:F,[1]FullDataList!O:O) -> #ERROR! | E263: 20-73
A264: 46111 | B264: 25045-J1D-J097-T6C1-001 | C264: 1 | D264: =_xlfn.XLOOKUP(B264,[1]FullDataList!F:F,[1]FullDataList!O:O) -> #ERROR! | E264: 20-79
A265: 46111 | B265: 25045-J1C-J091-T3C4-001 | C265: 1 | D265: =_xlfn.XLOOKUP(B265,[1]FullDataList!F:F,[1]FullDataList!O:O) -> #ERROR! | E265: 21-32B
A266: 46111 | B266: 25045-J1B-J127-T3C4-004 | C266: 1 | D266: =_xlfn.XLOOKUP(B266,[1]FullDataList!F:F,[1]FullDataList!O:O) -> #ERROR! | E266: 21-38A
A267: 46111 | B267: 25045-J1D-J096-T2C10-001 | C267: 1 | D267: =_xlfn.XLOOKUP(B267,[1]FullDataList!F:F,[1]FullDataList!O:O) -> #ERROR! | E267: 21-113B
A268: 46111 | B268: 25045-J1C-J090-T3C4-003 | C268: 1 | D268: =_xlfn.XLOOKUP(B268,[1]FullDataList!F:F,[1]FullDataList!O:O) -> #ERROR! | E268: 21-35A
A269: 46111 | B269: 25045-J1C-J095-T3C1-003 | C269: 1 | D269: =_xlfn.XLOOKUP(B269,[1]FullDataList!F:F,[1]FullDataList!O:O) -> #ERROR! | E269: 21-113A
A270: 46111 | B270: 25045-J1D-J097-T1C1-005 | C270: 1 | D270: =_xlfn.XLOOKUP(B270,[1]FullDataList!F:F,[1]FullDataList!O:O) -> #ERROR! | E270: 21-124A
A271: 46111 | B271: 25045-J1A-J118-T1C1-003 | C271: 1 | D271: =_xlfn.XLOOKUP(B271,[1]FullDataList!F:F,[1]FullDataList!O:O) -> #ERROR! | E271: 21-122
... A966: 46140 | B966: 25045-A1D-A043-T1C1-002 | C966: 1 | D966: =_xlfn.XLOOKUP(B966,[1]FullDataList!F:F,[1]FullDataList!O:O) -> #ERROR! | E966: 6-71B
A967: 46140 | B967: 25045-J1D-J099-T6C1-001 | C967: 1 | D967: =_xlfn.XLOOKUP(B967,[1]FullDataList!F:F,[1]FullDataList!O:O) -> #ERROR! | E967: 6
A968: 46140 | B968: 25045-A1D-A056-T3C4-005 | C968: 1 | D968: =_xlfn.XLOOKUP(B968,[1]FullDataList!F:F,[1]FullDataList!O:O) -> #ERROR! | E968: 20-76A
A969: 46140 | B969: 25045-A1A-A007-T3C5-002 | C969: 1 | D969: =_xlfn.XLOOKUP(B969,[1]FullDataList!F:F,[1]FullDataList!O:O) -> #ERROR! | E969: 20-76B
A970: 46140 | B970: 25045-A1A-A008-T2C9-002 | C970: 1 | D970: =_xlfn.XLOOKUP(B970,[1]FullDataList!F:F,[1]FullDataList!O:O) -> #ERROR! | E970: 20-78A
A971: 46140 | B971: 25045-A1C-A021-T6C1-003 | C971: 1 | D971: =_xlfn.XLOOKUP(B971,[1]FullDataList!F:F,[1]FullDataList!O:O) -> #ERROR! | E971: 20-73
A972: 46140 | B972: 25045-J1C-J090-T2C2-003 | C972: 1 | D972: =_xlfn.XLOOKUP(B972,[1]FullDataList!F:F,[1]FullDataList!O:O) -> #ERROR! | E972: 20-72C
A973: 46140 | B973: 25045-A1A-A008-T2C5-003 | C973: 1 | D973: =_xlfn.XLOOKUP(B973,[1]FullDataList!F:F,[1]FullDataList!O:O) -> #ERROR! | E973: 20-78B
A974: 46140 | B974: 25045-J2C-J070-T3C1-003 | C974: 1 | D974: =_xlfn.XLOOKUP(B974,[1]FullDataList!F:F,[1]FullDataList!O:O) -> #ERROR! | E974: 20-78C
A975: 46140 | B975: 25045-J2C-J073-T2C1-001 | C975: 1 | D975: =_xlfn.XLOOKUP(B975,[1]FullDataList!F:F,[1]FullDataList!O:O) -> #ERROR! | E975: 20-74A
A976: 46140 | B976: 25045-A1D-A050-T3C4-008 | C976: 1 | D976: =_xlfn.XLOOKUP(B976,[1]FullDataList!F:F,[1]FullDataList!O:O) -> #ERROR! | E976: 20-74B
A977: 46140 | B977: 25045-J2C-J075-T3C4-003 | C977: 1 | D977: =_xlfn.XLOOKUP(B977,[1]FullDataList!F:F,[1]FullDataList!O:O) -> #ERROR! | E977: 20-74C
A978: 46140 | B978: 25045-J1C-J090-T2C6-002 | C978: 1 | D978: =_xlfn.XLOOKUP(B978,[1]FullDataList!F:F,[1]FullDataList!O:O) -> #ERROR! | E978: 21-113A
A979: 46140 | B979: 25045-A1D-A050-T3C4-002 | C979: 1 | D979: =_xlfn.XLOOKUP(B979,[1]FullDataList!F:F,[1]FullDataList!O:O) -> #ERROR! | E979: 21-113B
... A999: 46141 | B999: 25045-A1D-A043-T1C1-001 | C999: 1 | D999: =_xlfn.XLOOKUP(B999,[1]FullDataList!F:F,[1]FullDataList!O:O) -> #ERROR! | E999: 6-71B
A1000: 46141 | B1000: 25045-J1A-J116-T6C1-002 | C1000: 1 | D1000: =_xlfn.XLOOKUP(B1000,[1]FullDataList!F:F,[1]FullDataList!O:O) -> #ERROR! | E1000: 6
A1001: 46141 | B1001: 25045-A1D-A055-T3C4-005 | C1001: 1 | D1001: =_xlfn.XLOOKUP(B1001,[1]FullDataList!F:F,[1]FullDataList!O:O) -> #ERROR! | E1001: 20-76A
A1002: 46141 | B1002: 25045-A1A-A007-T3C5-003 | C1002: 1 | D1002: =_xlfn.XLOOKUP(B1002,[1]FullDataList!F:F,[1]FullDataList!O:O) -> #ERROR! | E1002: 20-76B
A1003: 46141 | B1003: 25045-A1A-A007-T2C9-001 | C1003: 1 | D1003: =_xlfn.XLOOKUP(B1003,[1]FullDataList!F:F,[1]FullDataList!O:O) -> #ERROR! | E1003: 20-78A
A1004: 46141 | B1004: 25045-A1C-A023-T6C1-002 | C1004: 1 | D1004: =_xlfn.XLOOKUP(B1004,[1]FullDataList!F:F,[1]FullDataList!O:O) -> #ERROR! | E1004: 20-73
A1005: 46141 | B1005: 25045-A1D-A047-T7C1-001 | C1005: 1 | D1005: =_xlfn.XLOOKUP(B1005,[1]FullDataList!F:F,[1]FullDataList!O:O) -> #ERROR! | E1005: 20-72A
A1006: 46141 | B1006: 25045-A1D-A048-T7C1-002 | C1006: 1 | D1006: =_xlfn.XLOOKUP(B1006,[1]FullDataList!F:F,[1]FullDataList!O:O) -> #ERROR! | E1006: 20-72B
A1007: 46141 | B1007: 25045-J1C-J095-T2C2-001 | C1007: 1 | D1007: =_xlfn.XLOOKUP(B1007,[1]FullDataList!F:F,[1]FullDataList!O:O) -> #ERROR! | E1007: 20-72C
A1008: 46141 | B1008: 25045-A1A-A008-T2C5-004 | C1008: 1 | D1008: =_xlfn.XLOOKUP(B1008,[1]FullDataList!F:F,[1]FullDataList!O:O) -> #ERROR! | E1008: 20-78B
A1009: 46141 | B1009: 25045-J2C-J071-T3C1-002 | C1009: 1 | D1009: =_xlfn.XLOOKUP(B1009,[1]FullDataList!F:F,[1]FullDataList!O:O) -> #ERROR! | E1009: 20-78C
A1010: 46141 | B1010: 25045-J2C-J073-T2C1-002 | C1010: 1 | D1010: =_xlfn.XLOOKUP(B1010,[1]FullDataList!F:F,[1]FullDataList!O:O) -> #ERROR! | E1010: 20-74A
A1011: 46141 | B1011: 25045-A1D-A050-T3C4-009 | C1011: 1 | D1011: =_xlfn.XLOOKUP(B1011,[1]FullDataList!F:F,[1]FullDataList!O:O) -> #ERROR! | E1011: 20-74B
A1012: 46141 | B1012: 25045-J2C-J075-T3C4-004 | C1012: 1 | D1012: =_xlfn.XLOOKUP(B1012,[1]FullDataList!F:F,[1]FullDataList!O:O) -> #ERROR! | E1012: 20-74C
... A1039: 46142 | B1039: 25045-A1D-A043-T1C2-001 | C1039: 1 | D1039: =_xlfn.XLOOKUP(B1039,[1]FullDataList!F:F,[1]FullDataList!O:O) -> #ERROR! | E1039: 6-71B
A1040: 46142 | B1040: 25045-A1A-A001-T6C1-001 | C1040: 1 | D1040: =_xlfn.XLOOKUP(B1040,[1]FullDataList!F:F,[1]FullDataList!O:O) -> #ERROR! | E1040: 6
A1041: 46142 | B1041: 25045-A1A-A002-T3C4-002 | C1041: 1 | D1041: =_xlfn.XLOOKUP(B1041,[1]FullDataList!F:F,[1]FullDataList!O:O) -> #ERROR! | E1041: 20-76A
A1042: 46142 | B1042: 25045-A1A-A007-T3C5-004 | C1042: 1 | D1042: =_xlfn.XLOOKUP(B1042,[1]FullDataList!F:F,[1]FullDataList!O:O) -> #ERROR! | E1042: 20-76B
A1043: 46142 | B1043: 25045-J2A-J021-T2C9-001 | C1043: 1 | D1043: =_xlfn.XLOOKUP(B1043,[1]FullDataList!F:F,[1]FullDataList!O:O) -> #ERROR! | E1043: 20-78A
A1044: 46142 | B1044: 25045-A1A-A006-T6C1-002 | C1044: 1 | D1044: =_xlfn.XLOOKUP(B1044,[1]FullDataList!F:F,[1]FullDataList!O:O) -> #ERROR! | E1044: 20-79
A1045: 46142 | B1045: 25045-J1C-J090-T2C2-002 | C1045: 1 | D1045: =_xlfn.XLOOKUP(B1045,[1]FullDataList!F:F,[1]FullDataList!O:O) -> #ERROR! | E1045: 20-72C
A1046: 46142 | B1046: 25045-J2C-J072-T3C1-002 | C1046: 1 | D1046: =_xlfn.XLOOKUP(B1046,[1]FullDataList!F:F,[1]FullDataList!O:O) -> #ERROR! | E1046: 20-78B
A1047: 46142 | B1047: 25045-J2C-J071-T3C1-003 | C1047: 1 | D1047: =_xlfn.XLOOKUP(B1047,[1]FullDataList!F:F,[1]FullDataList!O:O) -> #ERROR! | E1047: 20-78C
A1048: 46142 | B1048: 25045-J2C-J070-T2C1-001 | C1048: 1 | D1048: =_xlfn.XLOOKUP(B1048,[1]FullDataList!F:F,[1]FullDataList!O:O) -> #ERROR! | E1048: 20-74A
A1049: 46142 | B1049: 25045-A1A-A005-T3C4-006 | C1049: 1 | D1049: =_xlfn.XLOOKUP(B1049,[1]FullDataList!F:F,[1]FullDataList!O:O) -> #ERROR! | E1049: 20-74B
A1050: 46142 | B1050: 25045-J2C-J075-T3C4-005 | C1050: 1 | D1050: =_xlfn.XLOOKUP(B1050,[1]FullDataList!F:F,[1]FullDataList!O:O) -> #ERROR! | E1050: 20-74C
A1051: 46142 | B1051: 25045-J2C-J071-T1C1-002 | C1051: 1 | D1051: =_xlfn.XLOOKUP(B1051,[1]FullDataList!F:F,[1]FullDataList!O:O) -> #ERROR! | E1051: 21-111B
A1052: 46142 | B1052: 25045-A1D-A043-T3C1-001 | C1052: 1 | D1052: =_xlfn.XLOOKUP(B1052,[1]FullDataList!F:F,[1]FullDataList!O:O) -> #ERROR! | E1052: 21-113A
... A1080: 46143 | B1080: 25045-J2A-J005-T1C1-001 | C1080: 1 | D1080: =_xlfn.XLOOKUP(B1080,[1]FullDataList!F:F,[1]FullDataList!O:O) -> #ERROR! | E1080: 6-71B
A1081: 46143 | B1081: 25045-J2B-J082-T6C1-001 | C1081: 1 | D1081: =_xlfn.XLOOKUP(B1081,[1]FullDataList!F:F,[1]FullDataList!O:O) -> #ERROR! | E1081: 6
A1082: 46143 | B1082: 25045-A1A-A002-T3C4-003 | C1082: 1 | D1082: =_xlfn.XLOOKUP(B1082,[1]FullDataList!F:F,[1]FullDataList!O:O) -> #ERROR! | E1082: 20-76A
A1083: 46143 | B1083: 25045-A1A-A008-T3C5-002 | C1083: 1 | D1083: =_xlfn.XLOOKUP(B1083,[1]FullDataList!F:F,[1]FullDataList!O:O) -> #ERROR! | E1083: 20-76B
A1084: 46143 | B1084: 25045-J2C-J070-T2C9-001 | C1084: 1 | D1084: =_xlfn.XLOOKUP(B1084,[1]FullDataList!F:F,[1]FullDataList!O:O) -> #ERROR! | E1084: 20-78A
A1085: 46143 | B1085: 25045-A1A-A007-T6C1-002 | C1085: 1 | D1085: =_xlfn.XLOOKUP(B1085,[1]FullDataList!F:F,[1]FullDataList!O:O) -> #ERROR! | E1085: 20-79
A1086: 46143 | B1086: 25045-A1D-A048-T7C1-001 | C1086: 1 | D1086: =_xlfn.XLOOKUP(B1086,[1]FullDataList!F:F,[1]FullDataList!O:O) -> #ERROR! | E1086: 20-72A
A1087: 46143 | B1087: 25045-A1D-A049-T7C1-001 | C1087: 1 | D1087: =_xlfn.XLOOKUP(B1087,[1]FullDataList!F:F,[1]FullDataList!O:O) -> #ERROR! | E1087: 20-72B
A1088: 46143 | B1088: 25045-J2A-J005-T2C2-001 | C1088: 1 | D1088: =_xlfn.XLOOKUP(B1088,[1]FullDataList!F:F,[1]FullDataList!O:O) -> #ERROR! | E1088: 20-72C
A1089: 46143 | B1089: 25045-J2C-J072-T3C1-003 | C1089: 1 | D1089: =_xlfn.XLOOKUP(B1089,[1]FullDataList!F:F,[1]FullDataList!O:O) -> #ERROR! | E1089: 20-78B
A1090: 46143 | B1090: 25045-J2C-J071-T3C1-004 | C1090: 1 | D1090: =_xlfn.XLOOKUP(B1090,[1]FullDataList!F:F,[1]FullDataList!O:O) -> #ERROR! | E1090: 20-78C
...

Sheet Del
A1: Date | B1: Element ID | C1: Del.Qty | D1: Villa | E1: Del. Note No. | F1: Element Check | G1: Remarks | H1: =SUBTOTAL(9,C2:C1048576) -> 227
A2: 46080 | B2: 25045-J1B-J123-T2C5-002 | C2: 1 | D2: {=XLOOKUP(B2,Data!F:F,Data!I:I)} -> J123 | E2: SPBM-06488 | F2: {=IFERROR(XLOOKUP(B2,Data!F:F,Data!F:F),0)} -> 25045-J1B-J123-T2C5-002
A3: 46080 | B3: 25045-J1B-J123-T2C5-001 | C3: 1 | D3: {=XLOOKUP(B3,Data!F:F,Data!I:I)} -> J123 | E3: SPBM-06488 | F3: {=IFERROR(XLOOKUP(B3,Data!F:F,Data!F:F),0)} -> 25045-J1B-J123-T2C5-001
A4: 46080 | B4: 25045-J1B-J123-T3C4-005 | C4: 1 | D4: {=XLOOKUP(B4,Data!F:F,Data!I:I)} -> J123 | E4: SPBM-06488 | F4: {=IFERROR(XLOOKUP(B4,Data!F:F,Data!F:F),0)} -> 25045-J1B-J123-T3C4-005
A5: 46080 | B5: 25045-J1B-J123-T5AC1-001 | C5: 1 | D5: {=XLOOKUP(B5,Data!F:F,Data!I:I)} -> J123 | E5: SPBM-06488 | F5: {=IFERROR(XLOOKUP(B5,Data!F:F,Data!F:F),0)} -> 25045-J1B-J123-T5AC1-001
A6: 46080 | B6: 25045-J1B-J123-T2C9-001 | C6: 1 | D6: {=XLOOKUP(B6,Data!F:F,Data!I:I)} -> J123 | E6: SPBM-06474 | F6: {=IFERROR(XLOOKUP(B6,Data!F:F,Data!F:F),0)} -> 25045-J1B-J123-T2C9-001
A7: 46080 | B7: 25045-J1B-J123-T3C4-002 | C7: 1 | D7: {=XLOOKUP(B7,Data!F:F,Data!I:I)} -> J123 | E7: SPBM-06474 | F7: {=IFERROR(XLOOKUP(B7,Data!F:F,Data!F:F),0)} -> 25045-J1B-J123-T3C4-002
A8: 46080 | B8: 25045-J1B-J123-T2C9-003 | C8: 1 | D8: {=XLOOKUP(B8,Data!F:F,Data!I:I)} -> J123 | E8: SPBM-06474 | F8: {=IFERROR(XLOOKUP(B8,Data!F:F,Data!F:F),0)} -> 25045-J1B-J123-T2C9-003
A9: 46080 | B9: 25045-J1B-J123-T3C4-004 | C9: 1 | D9: {=XLOOKUP(B9,Data!F:F,Data!I:I)} -> J123 | E9: SPBM-06474 | F9: {=IFERROR(XLOOKUP(B9,Data!F:F,Data!F:F),0)} -> 25045-J1B-J123-T3C4-004
A10: 46081 | B10: 25045-J1B-J123-T2C1-004 | C10: 1 | D10: {=XLOOKUP(B10,Data!F:F,Data!I:I)} -> J123 | E10: SPBM-06500 | F10: {=IFERROR(XLOOKUP(B10,Data!F:F,Data!F:F),0)} -> 25045-J1B-J123-T2C1-004
A11: 46081 | B11: 25045-J1B-J123-T3C4-003 | C11: 1 | D11: {=XLOOKUP(B11,Data!F:F,Data!I:I)} -> J123 | E11: SPBM-06500 | F11: {=IFERROR(XLOOKUP(B11,Data!F:F,Data!F:F),0)} -> 25045-J1B-J123-T3C4-003
A12: 46081 | B12: 25045-J1B-J123-T2C5-004 | C12: 1 | D12: {=XLOOKUP(B12,Data!F:F,Data!I:I)} -> J123 | E12: SPBM-06500 | F12: {=IFERROR(XLOOKUP(B12,Data!F:F,Data!F:F),0)} -> 25045-J1B-J123-T2C5-004
A13: 46081 | B13: 25045-J1B-J123-T2C5-003 | C13: 1 | D13: {=XLOOKUP(B13,Data!F:F,Data!I:I)} -> J123 | E13: SPBM-06500 | F13: {=IFERROR(XLOOKUP(B13,Data!F:F,Data!F:F),0)} -> 25045-J1B-J123-T2C5-003
... A17: 46083 | B17: 25045-J1B-J123-T6C1-001 | C17: 1 | D17: {=XLOOKUP(B17,Data!F:F,Data!I:I)} -> J123 | E17: SPBM-06532 | F17: {=IFERROR(XLOOKUP(B17,Data!F:F,Data!F:F),0)} -> 25045-J1B-J123-T6C1-001
A18: 46084 | B18: 25045-J1B-J123-T2C9-002 | C18: 0 | D18: {=XLOOKUP(B18,Data!F:F,Data!I:I)} -> J123 | E18: SPBM-06573 | F18: {=IFERROR(XLOOKUP(B18,Data!F:F,Data!F:F),0)} -> 25045-J1B-J123-T2C9-002 | G18: Returned Back
A19: 46084 | B19: 25045-J1B-J123-T3C4-001 | C19: 0 | D19: {=XLOOKUP(B19,Data!F:F,Data!I:I)} -> J123 | E19: SPBM-06573 | F19: {=IFERROR(XLOOKUP(B19,Data!F:F,Data!F:F),0)} -> 25045-J1B-J123-T3C4-001 | G19: Returned Back
A20: 46084 | B20: 25045-J1B-J123-T5C1A-001 | C20: 0 | D20: {=XLOOKUP(B20,Data!F:F,Data!I:I)} -> J123 | E20: SPBM-06573 | F20: {=IFERROR(XLOOKUP(B20,Data!F:F,Data!F:F),0)} -> 25045-J1B-J123-T5C1A-001 | G20: Returned Back
A21: 46084 | B21: 25045-J1B-J123-T1C1-002 | C21: 0 | D21: {=XLOOKUP(B21,Data!F:F,Data!I:I)} -> J123 | E21: SPBM-06573 | F21: {=IFERROR(XLOOKUP(B21,Data!F:F,Data!F:F),0)} -> 25045-J1B-J123-T1C1-002 | G21: Returned Back
A22: 46086 | B22: 25045-J1B-J123-T1C1-001 | C22: 0 | D22: {=XLOOKUP(B22,Data!F:F,Data!I:I)} -> J123 | E22: SPBM-06652 | F22: {=IFERROR(XLOOKUP(B22,Data!F:F,Data!F:F),0)} -> 25045-J1B-J123-T1C1-001 | G22: Returned Back
A23: 46086 | B23: 25045-J1B-J123-T7C1-001 | C23: 0 | D23: {=XLOOKUP(B23,Data!F:F,Data!I:I)} -> J123 | E23: SPBM-06652 | F23: {=IFERROR(XLOOKUP(B23,Data!F:F,Data!F:F),0)} -> 25045-J1B-J123-T7C1-001 | G23: Returned Back
A24: 46090 | B24: 25045-J1B-J123-T5C1A-001 | C24: 1 | D24: {=XLOOKUP(B24,Data!F:F,Data!I:I)} -> J123 | E24: SPBM-06747 | F24: {=IFERROR(XLOOKUP(B24,Data!F:F,Data!F:F),0)} -> 25045-J1B-J123-T5C1A-001
A25: 46090 | B25: 25045-J1B-J123-T7C1-001 | C25: 1 | D25: {=XLOOKUP(B25,Data!F:F,Data!I:I)} -> J123 | E25: SPBM-06747 | F25: {=IFERROR(XLOOKUP(B25,Data!F:F,Data!F:F),0)} -> 25045-J1B-J123-T7C1-001
A26: 46090 | B26: 25045-J1B-J123-T1C1-002 | C26: 1 | D26: {=XLOOKUP(B26,Data!F:F,Data!I:I)} -> J123 | E26: SPBM-06747 | F26: {=IFERROR(XLOOKUP(B26,Data!F:F,Data!F:F),0)} -> 25045-J1B-J123-T1C1-002
A27: 46090 | B27: 25045-J1B-J123-T2C9-002 | C27: 1 | D27: {=XLOOKUP(B27,Data!F:F,Data!I:I)} -> J123 | E27: SPBM-06747 | F27: {=IFERROR(XLOOKUP(B27,Data!F:F,Data!F:F),0)} -> 25045-J1B-J123-T2C9-002
A28: 46090 | B28: 25045-J1B-J123-T3C4-001 | C28: 1 | D28: {=XLOOKUP(B28,Data!F:F,Data!I:I)} -> J123 | E28: SPBM-06747 | F28: {=IFERROR(XLOOKUP(B28,Data!F:F,Data!F:F),0)} -> 25045-J1B-J123-T3C4-001
A29: 46090 | B29: 25045-J1B-J123-T1C1-001 | C29: 1 | D29: {=XLOOKUP(B29,Data!F:F,Data!I:I)} -> J123 | E29: SPBM-06747 | F29: {=IFERROR(XLOOKUP(B29,Data!F:F,Data!F:F),0)} -> 25045-J1B-J123-T1C1-001
A30: 46092 | B30: 25045-J1B-J124-T2C2-001 | C30: 1 | D30: {=XLOOKUP(B30,Data!F:F,Data!I:I)} -> J124 | E30: SPBM-06798 | F30: {=IFERROR(XLOOKUP(B30,Data!F:F,Data!F:F),0)} -> 25045-J1B-J124-T2C2-001
A31: 46092 | B31: 25045-J1B-J124-T2C2-005 | C31: 1 | D31: {=XLOOKUP(B31,Data!F:F,Data!I:I)} -> J124 | E31: SPBM-06798 | F31: {=IFERROR(XLOOKUP(B31,Data!F:F,Data!F:F),0)} -> 25045-J1B-J124-T2C2-005
A32: 46092 | B32: 25045-J1B-J124-T3C4-002 | C32: 1 | D32: {=XLOOKUP(B32,Data!F:F,Data!I:I)} -> J124 | E32: SPBM-06798 | F32: {=IFERROR(XLOOKUP(B32,Data!F:F,Data!F:F),0)} -> 25045-J1B-J124-T3C4-002
A33: 46092 | B33: 25045-J1B-J124-T3C4-008 | C33: 1 | D33: {=XLOOKUP(B33,Data!F:F,Data!I:I)} -> J124 | E33: SPBM-06798 | F33: {=IFERROR(XLOOKUP(B33,Data!F:F,Data!F:F),0)} -> 25045-J1B-J124-T3C4-008
A34: 46092 | B34: 25045-J1B-J124-T3C4-001 | C34: 1 | D34: {=XLOOKUP(B34,Data!F:F,Data!I:I)} -> J124 | E34: SPBM-06798 | F34: {=IFERROR(XLOOKUP(B34,Data!F:F,Data!F:F),0)} -> 25045-J1B-J124-T3C4-001
A35: 46092 | B35: 25045-J1B-J124-T2C2-003 | C35: 1 | D35: {=XLOOKUP(B35,Data!F:F,Data!I:I)} -> J124 | E35: SPBM-06801 | F35: {=IFERROR(XLOOKUP(B35,Data!F:F,Data!F:F),0)} -> 25045-J1B-J124-T2C2-003
... A76: 46092 | B76: 25045-J1B-J124-T5C1-001 | C76: 1 | D76: {=XLOOKUP(B76,Data!F:F,Data!I:I)} -> J124 | E76: SPBM-06795A | F76: {=IFERROR(XLOOKUP(B76,Data!F:F,Data!F:F),0)} -> 25045-J1B-J124-T5C1-001
B77: 25045-J1B-J125-T3C4-001 | C77: 1 | D77: {=XLOOKUP(B77,Data!F:F,Data!I:I)} -> J125 | F77: {=IFERROR(XLOOKUP(B77,Data!F:F,Data!F:F),0)} -> 25045-J1B-J125-T3C4-001
A78: 46093 | B78: 25045-J1B-J125-T2C2-005 | C78: 1 | D78: {=XLOOKUP(B78,Data!F:F,Data!I:I)} -> J125 | E78: SPBM-06822 | F78: {=IFERROR(XLOOKUP(B78,Data!F:F,Data!F:F),0)} -> 25045-J1B-J125-T2C2-005
A79: 46093 | B79: 25045-J1B-J125-T6C1-001 | C79: 1 | D79: {=XLOOKUP(B79,Data!F:F,Data!I:I)} -> J125 | E79: SPBM-06795A | F79: {=IFERROR(XLOOKUP(B79,Data!F:F,Data!F:F),0)} -> 25045-J1B-J125-T6C1-001
B80: 25045-J1B-J125-T7C2-001 | C80: 1 | D80: {=XLOOKUP(B80,Data!F:F,Data!I:I)} -> J125 | F80: {=IFERROR(XLOOKUP(B80,Data!F:F,Data!F:F),0)} -> 25045-J1B-J125-T7C2-001
A81: 46123 | B81: 25045-J1B-J132-T3C4-008 | C81: 1 | D81: {=XLOOKUP(B81,Data!F:F,Data!I:I)} -> J132 | E81: SPBM-07555 | F81: {=IFERROR(XLOOKUP(B81,Data!F:F,Data!F:F),0)} -> 25045-J1B-J132-T3C4-008
A82: 46123 | B82: 25045-J1B-J132-T3C4-009 | C82: 1 | D82: {=XLOOKUP(B82,Data!F:F,Data!I:I)} -> J132 | E82: SPBM-07555 | F82: {=IFERROR(XLOOKUP(B82,Data!F:F,Data!F:F),0)} -> 25045-J1B-J132-T3C4-009
A83: 46123 | B83: 25045-J1B-J132-T3C4-007 | C83: 1 | D83: {=XLOOKUP(B83,Data!F:F,Data!I:I)} -> J132 | E83: SPBM-07555 | F83: {=IFERROR(XLOOKUP(B83,Data!F:F,Data!F:F),0)} -> 25045-J1B-J132-T3C4-007
A84: 46123 | B84: 25045-J1B-J131-T3C4-005 | C84: 1 | D84: {=XLOOKUP(B84,Data!F:F,Data!I:I)} -> J131 | E84: SPBM-07555 | F84: {=IFERROR(XLOOKUP(B84,Data!F:F,Data!F:F),0)} -> 25045-J1B-J131-T3C4-005
A85: 46123 | B85: 25045-J1B-J132-T3C4-001 | C85: 1 | D85: {=XLOOKUP(B85,Data!F:F,Data!I:I)} -> J132 | E85: SPBM-07546 | F85: {=IFERROR(XLOOKUP(B85,Data!F:F,Data!F:F),0)} -> 25045-J1B-J132-T3C4-001
A86: 46123 | B86: 25045-J1B-J132-T3C4-005 | C86: 1 | D86: {=XLOOKUP(B86,Data!F:F,Data!I:I)} -> J132 | E86: SPBM-07546 | F86: {=IFERROR(XLOOKUP(B86,Data!F:F,Data!F:F),0)} -> 25045-J1B-J132-T3C4-005
A87: 46123 | B87: 25045-J1B-J132-T3C4-010 | C87: 1 | D87: {=XLOOKUP(B87,Data!F:F,Data!I:I)} -> J132 | E87: SPBM-07546 | F87: {=IFERROR(XLOOKUP(B87,Data!F:F,Data!F:F),0)} -> 25045-J1B-J132-T3C4-010
A88: 46123 | B88: 25045-J1B-J133-T3C4-001 | C88: 1 | D88: {=XLOOKUP(B88,Data!F:F,Data!I:I)} -> J133 | E88: SPBM-07546 | F88: {=IFERROR(XLOOKUP(B88,Data!F:F,Data!F:F),0)} -> 25045-J1B-J133-T3C4-001
A89: 46125 | B89: 25045-J1B-J130-T3C4-009 | C89: 1 | D89: {=XLOOKUP(B89,Data!F:F,Data!I:I)} -> J130 | E89: SPBM-07637 A | F89: {=IFERROR(XLOOKUP(B89,Data!F:F,Data!F:F),0)} -> 25045-J1B-J130-T3C4-009
A90: 46125 | B90: 25045-J1B-J130-T3C4-005 | C90: 1 | D90: {=XLOOKUP(B90,Data!F:F,Data!I:I)} -> J130 | E90: SPBM-07637 A | F90: {=IFERROR(XLOOKUP(B90,Data!F:F,Data!F:F),0)} -> 25045-J1B-J130-T3C4-005
A91: 46125 | B91: 25045-J1B-J130-T3C4-006 | C91: 1 | D91: {=XLOOKUP(B91,Data!F:F,Data!I:I)} -> J130 | E91: SPBM-07637 A | F91: {=IFERROR(XLOOKUP(B91,Data!F:F,Data!F:F),0)} -> 25045-J1B-J130-T3C4-006
A92: 46125 | B92: 25045-J1B-J130-T3C4-010 | C92: 1 | D92: {=XLOOKUP(B92,Data!F:F,Data!I:I)} -> J130 | E92: SPBM-07637 A | F92: {=IFERROR(XLOOKUP(B92,Data!F:F,Data!F:F),0)} -> 25045-J1B-J130-T3C4-010
... A236: 46150 | B236: 25045-J1D-J098-T3C4-007 | C236: 1 | D236: {=XLOOKUP(B236,Data!F:F,Data!I:I)} -> J098 | E236: SPBM-08538 | F236: {=IFERROR(XLOOKUP(B236,Data!F:F,Data!F:F),0)} -> 25045-J1D-J098-T3C4-007
F237: {=IFERROR(XLOOKUP(B237,Data!F:F,Data!F:F),0)} -> 0
F238: {=IFERROR(XLOOKUP(B238,Data!F:F,Data!F:F),0)} -> 0
F239: {=IFERROR(XLOOKUP(B239,Data!F:F,Data!F:F),0)} -> 0
F240: {=IFERROR(XLOOKUP(B240,Data!F:F,Data!F:F),0)} -> 0
F241: {=IFERROR(XLOOKUP(B241,Data!F:F,Data!F:F),0)} -> 0
F242: {=IFERROR(XLOOKUP(B242,Data!F:F,Data!F:F),0)} -> 0
F243: {=IFERROR(XLOOKUP(B243,Data!F:F,Data!F:F),0)} -> 0
F244: {=IFERROR(XLOOKUP(B244,Data!F:F,Data!F:F),0)} -> 0
F245: {=IFERROR(XLOOKUP(B245,Data!F:F,Data!F:F),0)} -> 0
F246: {=IFERROR(XLOOKUP(B246,Data!F:F,Data!F:F),0)} -> 0
F247: {=IFERROR(XLOOKUP(B247,Data!F:F,Data!F:F),0)} -> 0
F248: {=IFERROR(XLOOKUP(B248,Data!F:F,Data!F:F),0)} -> 0
... F279: {=IFERROR(XLOOKUP(B279,Data!F:F,Data!F:F),0)} -> 0

Sheet Ere
A1: Date | B1: Element ID | C1: Inst.Qty | D1: Villa | F1: =SUBTOTAL(9,C2:C1048576) -> 182
B2: 25045-J1B-J123-T2C1-004 | C2: 1 | E2: {=XLOOKUP(B2,Data!F:F,Data!O:O)} -> 0.826 | F2: Mockup
B3: 25045-J1B-J123-T2C5-001 | C3: 1 | E3: {=XLOOKUP(B3,Data!F:F,Data!O:O)} -> 1.2 | F3: Mockup
B4: 25045-J1B-J123-T2C5-002 | C4: 1 | E4: {=XLOOKUP(B4,Data!F:F,Data!O:O)} -> 1.017 | F4: Mockup
B5: 25045-J1B-J123-T2C5-003 | C5: 1 | E5: {=XLOOKUP(B5,Data!F:F,Data!O:O)} -> 1.676 | F5: Mockup
B6: 25045-J1B-J123-T2C5-004 | C6: 1 | E6: {=XLOOKUP(B6,Data!F:F,Data!O:O)} -> 1.606 | F6: Mockup
B7: 25045-J1B-J123-T2C9-001 | C7: 1 | E7: {=XLOOKUP(B7,Data!F:F,Data!O:O)} -> 2.013 | F7: Mockup
B8: 25045-J1B-J123-T2C9-002 | C8: 1 | E8: {=XLOOKUP(B8,Data!F:F,Data!O:O)} -> 2.054 | F8: Mockup
B9: 25045-J1B-J123-T2C9-003 | C9: 1 | E9: {=XLOOKUP(B9,Data!F:F,Data!O:O)} -> 2.01 | F9: Mockup
B10: 25045-J1B-J123-T3C4-001 | C10: 1 | E10: {=XLOOKUP(B10,Data!F:F,Data!O:O)} -> 2.085 | F10: Mockup
B11: 25045-J1B-J123-T3C4-002 | C11: 1 | E11: {=XLOOKUP(B11,Data!F:F,Data!O:O)} -> 1.898 | F11: Mockup
B12: 25045-J1B-J123-T3C4-003 | C12: 1 | E12: {=XLOOKUP(B12,Data!F:F,Data!O:O)} -> 1.898 | F12: Mockup
B13: 25045-J1B-J123-T3C4-004 | C13: 1 | E13: {=XLOOKUP(B13,Data!F:F,Data!O:O)} -> 1.898 | F13: Mockup
... B66: 25045-J1B-J125-T7C2-001 | C66: 1 | E66: {=XLOOKUP(B66,Data!F:F,Data!O:O)} -> 0.544 | F66: Mockup
A68: 46123 | B68: 25045-J1B-J133-T3C4-002 | C68: 1 | E68: {=IF(C68=1,XLOOKUP(B68,Data!F:F,Data!O:O),0)} -> 1.798
A69: 46123 | B69: 25045-J1B-J133-T3C4-003 | C69: 1 | E69: {=IF(C69=1,XLOOKUP(B69,Data!F:F,Data!O:O),0)} -> 1.798
A70: 46123 | B70: 25045-J1B-J133-T3C4-004 | C70: 1 | E70: {=IF(C70=1,XLOOKUP(B70,Data!F:F,Data!O:O),0)} -> 1.798
A71: 46123 | B71: 25045-J1B-J132-T3C4-002 | C71: 1 | E71: {=IF(C71=1,XLOOKUP(B71,Data!F:F,Data!O:O),0)} -> 1.982
A72: 46123 | B72: 25045-J1B-J132-T3C4-003 | C72: 1 | E72: {=IF(C72=1,XLOOKUP(B72,Data!F:F,Data!O:O),0)} -> 1.982
A73: 46123 | B73: 25045-J1B-J132-T3C4-004 | C73: 1 | E73: {=IF(C73=1,XLOOKUP(B73,Data!F:F,Data!O:O),0)} -> 1.982
A74: 46123 | B74: 25045-J1B-J132-T3C4-005 | C74: 1 | E74: {=IF(C74=1,XLOOKUP(B74,Data!F:F,Data!O:O),0)} -> 1.704
A75: 46123 | B75: 25045-J1B-J132-T3C4-006 | C75: 1 | E75: {=IF(C75=1,XLOOKUP(B75,Data!F:F,Data!O:O),0)} -> 1.915
A76: 46125 | B76: 25045-J1B-J133-T3C4-001 | C76: 1 | E76: {=IF(C76=1,XLOOKUP(B76,Data!F:F,Data!O:O),0)} -> 1.928
A77: 46125 | B77: 25045-J1B-J132-T3C4-001 | C77: 1 | E77: {=IF(C77=1,XLOOKUP(B77,Data!F:F,Data!O:O),0)} -> 2.121
A78: 46125 | B78: 25045-J1B-J133-T3C4-005 | C78: 1 | E78: {=IF(C78=1,XLOOKUP(B78,Data!F:F,Data!O:O),0)} -> 1.509
A79: 46125 | B79: 25045-J1B-J131-T3C4-005 | C79: 1 | E79: {=IF(C79=1,XLOOKUP(B79,Data!F:F,Data!O:O),0)} -> 1.509
... A190: 46143 | B190: 25045-J1D-J099-T3C4-002 | C190: 1 | E190: {=IF(C190=1,XLOOKUP(B190,Data!F:F,Data!O:O),0)} -> 1.9
