Workbook

Sheet Detail Summary
M2: Data date as of | N2: 46149
A4: P25034-Amara BW Progress Status (Element pc wise)-BW
A5: Product | B5: Zone | C5: Estd Reqd.Qty | D5: Issued Qty | E5: Cast Qty | F5: Remain to Cast Qty | G5: %Cast | H5: Deliver Qty | I5: Remain to Deliver Qty | J5: %Del | K5: Factory stock | L5: Ere Qty | M5: Remain to Erec Qty | N5: %Erect | O5: Remarks | P5: ENGG
A6: BW | B6: MOCKUP | C6: 28 | D6: =SUMIFS('Element wise-detail Summary'!$F:$F,'Element wise-detail Summary'!$D:$D,'Detail Summary'!$A6,'Element wise-detail Summary'!$C:$C,'Detail Summary'!$B6) -> 28 | E6: =SUMIFS(Cast!$C:$C,Cast!$E:$E,$B6) -> 28 | F6: =D6-E6 -> 0 | G6: =E6/C6 -> 1 | H6: =SUMIFS(Del!$C:$C,Del!$E:$E,'Detail Summary'!$B6) -> 28 | I6: =D6-H6 -> 0 | J6: =H6/C6 -> 1 | K6: =E6-H6 -> 0 | L6: =SUMIFS(Ere!$C:$C,Ere!$E:$E,'Detail Summary'!$B6) -> 28 | M6: =D6-L6 -> 0 | N6: =L6/C6 -> 1 | P6: 1
A7: BW | B7: Zone-1 | C7: 149 | D7: =SUMIFS('Element wise-detail Summary'!$F:$F,'Element wise-detail Summary'!$D:$D,'Detail Summary'!$A7,'Element wise-detail Summary'!$C:$C,'Detail Summary'!$B7) -> 149 | E7: =SUMIFS(Cast!$C:$C,Cast!$E:$E,$B7) -> 148 | F7: =D7-E7 -> 1 | G7: =E7/C7 -> 0.99328859 | H7: =SUMIFS(Del!$C:$C,Del!$E:$E,'Detail Summary'!$B7) -> 145 | I7: =D7-H7 -> 4 | J7: =H7/C7 -> 0.97315436 | K7: =E7-H7 -> 3 | L7: =SUMIFS(Ere!$C:$C,Ere!$E:$E,'Detail Summary'!$B7) -> 142 | M7: =D7-L7 -> 7 | N7: =L7/C7 -> 0.95302013 | P7: 1
A8: BW | B8: Zone-2 | C8: 73 | D8: =SUMIFS('Element wise-detail Summary'!$F:$F,'Element wise-detail Summary'!$D:$D,'Detail Summary'!$A8,'Element wise-detail Summary'!$C:$C,'Detail Summary'!$B8) -> 73 | E8: =SUMIFS(Cast!$C:$C,Cast!$E:$E,$B8) -> 73 | F8: =D8-E8 -> 0 | G8: =E8/C8 -> 1 | H8: =SUMIFS(Del!$C:$C,Del!$E:$E,'Detail Summary'!$B8) -> 73 | I8: =D8-H8 -> 0 | J8: =H8/C8 -> 1 | K8: =E8-H8 -> 0 | L8: =SUMIFS(Ere!$C:$C,Ere!$E:$E,'Detail Summary'!$B8) -> 72 | M8: =D8-L8 -> 1 | N8: =L8/C8 -> 0.98630137 | P8: 1
A9: BW | B9: Zone-4 | C9: 158 | D9: =SUMIFS('Element wise-detail Summary'!$F:$F,'Element wise-detail Summary'!$D:$D,'Detail Summary'!$A9,'Element wise-detail Summary'!$C:$C,'Detail Summary'!$B9) -> 158 | E9: =SUMIFS(Cast!$C:$C,Cast!$E:$E,$B9) -> 158 | F9: =D9-E9 -> 0 | G9: =E9/C9 -> 1 | H9: =SUMIFS(Del!$C:$C,Del!$E:$E,'Detail Summary'!$B9) -> 146 | I9: =D9-H9 -> 12 | J9: =H9/C9 -> 0.92405063 | K9: =E9-H9 -> 12 | L9: =SUMIFS(Ere!$C:$C,Ere!$E:$E,'Detail Summary'!$B9) -> 149 | M9: =D9-L9 -> 9 | N9: =L9/C9 -> 0.94303797 | P9: 0.6
A10: BW | B10: Zone-3 | C10: 116 | D10: =SUMIFS('Element wise-detail Summary'!$F:$F,'Element wise-detail Summary'!$D:$D,'Detail Summary'!$A10,'Element wise-detail Summary'!$C:$C,'Detail Summary'!$B10) -> 116 | E10: =SUMIFS(Cast!$C:$C,Cast!$E:$E,$B10) -> 116 | F10: =D10-E10 -> 0 | G10: =E10/C10 -> 1 | H10: =SUMIFS(Del!$C:$C,Del!$E:$E,'Detail Summary'!$B10) -> 22 | I10: =D10-H10 -> 94 | J10: =H10/C10 -> 0.18965517 | K10: =E10-H10 -> 94 | L10: =SUMIFS(Ere!$C:$C,Ere!$E:$E,'Detail Summary'!$B10) -> 22 | M10: =D10-L10 -> 94 | N10: =L10/C10 -> 0.18965517 | P10: 1
A11: BW | B11: Zone-5 | C11: 147 | D11: =SUMIFS('Element wise-detail Summary'!$F:$F,'Element wise-detail Summary'!$D:$D,'Detail Summary'!$A11,'Element wise-detail Summary'!$C:$C,'Detail Summary'!$B11) -> 147 | E11: =SUMIFS(Cast!$C:$C,Cast!$E:$E,$B11) -> 147 | F11: =D11-E11 -> 0 | G11: =E11/C11 -> 1 | H11: =SUMIFS(Del!$C:$C,Del!$E:$E,'Detail Summary'!$B11) -> 56 | I11: =D11-H11 -> 91 | J11: =H11/C11 -> 0.38095238 | K11: =E11-H11 -> 91 | L11: =SUMIFS(Ere!$C:$C,Ere!$E:$E,'Detail Summary'!$B11) -> 53 | M11: =D11-L11 -> 94 | N11: =L11/C11 -> 0.36054422 | P11: 1
A12: BW | B12: Zone-6 | C12: 182 | D12: =SUMIFS('Element wise-detail Summary'!$F:$F,'Element wise-detail Summary'!$D:$D,'Detail Summary'!$A12,'Element wise-detail Summary'!$C:$C,'Detail Summary'!$B12) -> 182 | E12: =SUMIFS(Cast!$C:$C,Cast!$E:$E,$B12) -> 182 | F12: =D12-E12 -> 0 | G12: =E12/C12 -> 1 | H12: =SUMIFS(Del!$C:$C,Del!$E:$E,'Detail Summary'!$B12) -> 144 | I12: =D12-H12 -> 38 | J12: =H12/C12 -> 0.79120879 | K12: =E12-H12 -> 38 | L12: =SUMIFS(Ere!$C:$C,Ere!$E:$E,'Detail Summary'!$B12) -> 115 | M12: =D12-L12 -> 67 | N12: =L12/C12 -> 0.63186813 | P12: 1
A13: BW | B13: Zone-7 | C13: 148 | D13: =SUMIFS('Element wise-detail Summary'!$F:$F,'Element wise-detail Summary'!$D:$D,'Detail Summary'!$A13,'Element wise-detail Summary'!$C:$C,'Detail Summary'!$B13) -> 148 | E13: =SUMIFS(Cast!$C:$C,Cast!$E:$E,$B13) -> 148 | F13: =D13-E13 -> 0 | G13: =E13/C13 -> 1 | H13: =SUMIFS(Del!$C:$C,Del!$E:$E,'Detail Summary'!$B13) -> 21 | I13: =D13-H13 -> 127 | J13: =H13/C13 -> 0.14189189 | K13: =E13-H13 -> 127 | L13: =SUMIFS(Ere!$C:$C,Ere!$E:$E,'Detail Summary'!$B13) -> 0 | M13: =D13-L13 -> 148 | N13: =L13/C13 -> 0 | P13: 1
A14: BW | B14: Zone-8 | C14: 110 | D14: =SUMIFS('Element wise-detail Summary'!$F:$F,'Element wise-detail Summary'!$D:$D,'Detail Summary'!$A14,'Element wise-detail Summary'!$C:$C,'Detail Summary'!$B14) -> 110 | E14: =SUMIFS(Cast!$C:$C,Cast!$E:$E,$B14) -> 110 | F14: =D14-E14 -> 0 | G14: =E14/C14 -> 1 | H14: =SUMIFS(Del!$C:$C,Del!$E:$E,'Detail Summary'!$B14) -> 0 | I14: =D14-H14 -> 110 | J14: =H14/C14 -> 0 | K14: =E14-H14 -> 110 | L14: =SUMIFS(Ere!$C:$C,Ere!$E:$E,'Detail Summary'!$B14) -> 0 | M14: =D14-L14 -> 110 | N14: =L14/C14 -> 0 | P14: 0.6
A15: Total | C15: =SUM(C6:C14) -> 1111 | D15: =SUM(D6:D14) -> 1111 | E15: =SUM(E6:E14) -> 1110 | F15: =SUM(F6:F14) -> 1 | G15: =E15/C15 -> 0.99909991 | H15: =SUM(H6:H14) -> 635 | I15: =SUM(I6:I14) -> 476 | J15: =H15/C15 -> 0.57155716 | K15: =SUM(K6:K14) -> 475 | L15: =SUM(L6:L14) -> 581 | M15: =SUM(M6:M14) -> 530 | N15: =L15/C15 -> 0.5229523

Sheet BW
B1: SR.NO | C1: ELEMENT ID | D1: ZONE | E1: VILLA | F1: WIDTH | G1: HEIGHT | H1: THK | I1: TYPE | J1: FOOTING SIZE | K1: COL LOCATION | L1: DIST.NO | M1: DWG ISSUE DATE | N1: REV | O1: REV DATE | P1: VOL | Q1: WT | R1: SA-RECESS | S1: SB-RECESS | T1: PLANNED DATE | U1: CASTING DATE | V1: BAY | W1: PALLET | X1: REMARK | Y1: Column1 | Z1: Column2 | AA1: Column3 | AB1: Column4
B2: 1 | C2: ZA3-M1-16-B1-C4-01 | D2: A3 | E2: X267 | F2: 3930 | G2: 2950 | H2: 120 | I2: CFC | J2: 250*1000*1400 | L2: 006 | M2: 45789 | N2: 0 | P2: 1.468 | Q2: =+P2*2.5 -> 3.67 | T2: 45792 | U2: 45792 | V2: 21 | W2: 34B | AA2: WIR
B3: 2 | C3: A3-M1-16-A03-C1-04 | D3: A3 | E3: X267 | F3: 400 | G3: 3160 | H3: 300 | I3: EFC | J3: 250*1400*1200 | K3: BC | L3: 003 | M3: 45787 | N3: 0 | P3: 0.761 | Q3: =+P3*2.5 -> 1.9025 | T3: 45794 | U3: 45794 | V3: 21 | W3: 09B | AA3: WIR
B4: 3 | C4: A3-M1-16-A03-C1-05 | D4: A3 | E4: X267 | F4: 400 | G4: 3160 | H4: 300 | I4: EFC | J4: 250*1400*1200 | K4: BC | L4: 003 | M4: 45787 | N4: 0 | P4: 0.761 | Q4: =+P4*2.5 -> 1.9025 | T4: 45794 | U4: 45794 | V4: 21 | W4: 09A | AA4: WIR
B5: 4 | C5: A3-M1-16-A03-C1-06 | D5: A3 | E5: X267 | F5: 400 | G5: 3160 | H5: 300 | I5: EFC | J5: 250*1400*1200 | K5: BC | L5: 003 | M5: 45787 | N5: 0 | P5: 0.764 | Q5: =+P5*2.5 -> 1.91 | T5: 45794 | U5: 45794 | V5: 21 | W5: 18B | AA5: WIR
B6: 5 | C6: A3-M1-16-A03-C1-03 | D6: A3 | E6: X267 | F6: 400 | G6: 3160 | H6: 300 | I6: EFC | J6: 250*1500*1200 | K6: BC | L6: 007 | M6: 45789 | N6: 1 | O6: 45789 | P6: 0.791 | Q6: =+P6*2.5 -> 1.9775 | T6: 45794 | U6: 45794 | V6: 21 | W6: 19A | AA6: WIR
B7: 6 | C7: A3-M1-16-A03-C1-01 | D7: A3 | E7: X267 | F7: 400 | G7: 3160 | H7: 300 | I7: EFC | J7: 250*1600*1300 | K7: LLC | L7: 007 | M7: 45789 | N7: 0 | P7: 0.867 | Q7: =+P7*2.5 -> 2.1675 | T7: 45805 | U7: 45805 | V7: 21 | W7: 06A | AA7: WIR
B8: 7 | C8: A3-M1-16-A03-C1-P01 | D8: A3 | E8: X267 | F8: 4948 | G8: 2710 | H8: 120 | I8: P | J8: - | L8: 001/004 | M8: 45785 | N8: 1 | O8: 45787 | P8: 1.609 | Q8: =+P8*2.5 -> 4.0225 | T8: 45793 | U8: 45793 | V8: 21 | W8: 33A | AA8: WIR
B9: 8 | C9: A3-M1-16-A03-C1-P02 | D9: A3 | E9: X267 | F9: 4948 | G9: 1670 | H9: 120 | I9: P | J9: - | L9: 001/004 | M9: 45785 | N9: 1 | O9: 45787 | P9: 0.992 | Q9: =+P9*2.5 -> 2.48 | T9: 45792 | U9: 45792 | V9: 21 | W9: 34C | AA9: WIR
B10: 9 | C10: A3-M1-16-A03-C2-P01 | D10: A3 | E10: X267 | F10: 4217 | G10: 670 | H10: 120 | I10: P | J10: - | L10: 001/004 | M10: 45785 | N10: 1 | O10: 45787 | P10: 0.845 | Q10: =+P10*2.5 -> 2.1125 | T10: 45792 | U10: 45792 | V10: 21 | W10: 34D | AA10: WIR
B11: 10 | C11: A3-M1-16-A03-C2-P02 | D11: A3 | E11: X267 | F11: 4217 | G11: 670 | H11: 120 | I11: P | J11: - | L11: 001/004 | M11: 45785 | N11: 1 | O11: 45787 | P11: 0.845 | Q11: =+P11*2.5 -> 2.1125 | T11: 45793 | U11: 45793 | V11: 21 | W11: 33B | AA11: WIR
B12: 11 | C12: A3-M1-16-A03-C2-P03 | D12: A3 | E12: X267 | F12: 4217 | G12: 670 | H12: 120 | I12: P | J12: - | L12: 001/004 | M12: 45785 | N12: 1 | O12: 45787 | P12: 0.845 | Q12: =+P12*2.5 -> 2.1125 | T12: 45793 | U12: 45793 | V12: 21 | W12: 33C | AA12: WIR
B13: 12 | C13: ZA3-M1-16-B1-C3-01 | D13: A3 | E13: X266 | F13: 4322 | G13: 2950 | H13: 120 | I13: CFC | J13: 250*1000*1400 | L13: 006 | M13: 45789 | N13: 0 | P13: 1.57 | Q13: =+P13*2.5 -> 3.925 | T13: 45792 | U13: 45792 | V13: 21 | W13: 38B | AA13: WIR
B14: 13 | C14: ZA3-M1-16-B1-C4-02 | D14: A3 | E14: X265 | F14: 3935 | G14: 2950 | H14: 120 | I14: CFC | J14: 250*1000*1400 | L14: 006 | M14: 45789 | N14: 0 | P14: 1.469 | Q14: =+P14*2.5 -> 3.6725 | T14: 45792 | U14: 45792 | V14: 21 | W14: 38A | AA14: WIR
B15: 14 | C15: ZA3-M1-16-B1-C3-02 | D15: A3 | E15: X264 | F15: 4245 | G15: 2950 | H15: 120 | I15: CFC | J15: 250*1000*1400 | L15: 006 | M15: 45789 | N15: 0 | P15: 1.55 | Q15: =+P15*2.5 -> 3.875 | T15: 45792 | U15: 45792 | V15: 21 | W15: 34A | AA15: WIR
B16: 15 | C16: ZA3-M1-16-B1-C4-03 | D16: A3 | E16: X263 | F16: 3780 | G16: 2950 | H16: 120 | I16: CFC | J16: 250*1000*1400 | L16: 006 | M16: 45789 | N16: 0 | P16: 1.429 | Q16: =+P16*2.5 -> 3.5725 | T16: 45793 | U16: 45793 | V16: 21 | W16: 37A | AA16: WIR
B17: 16 | C17: ZA3-M1-15-B3-C1-01 | D17: A3 | E17: X261 | F17: 4780 | G17: 3250 | H17: 120 | I17: CFC | J17: 250*1000*1400 | L17: 006 | M17: 45789 | N17: 0 | P17: 1.905 | Q17: =+P17*2.5 -> 4.7625 | T17: 45794 | U17: 45794 | V17: 21 | W17: 34B | AA17: WIR
B18: 17 | C18: ZA3-M1-15-B3-C1-02 | D18: A3 | E18: X261 | F18: 4780 | G18: 3250 | H18: 120 | I18: CFC | J18: 250*1000*1400 | L18: 006 | M18: 45789 | N18: 0 | P18: 1.905 | Q18: =+P18*2.5 -> 4.7625 | T18: 45793 | U18: 45793 | V18: 21 | W18: 38B | AA18: WIR
B19: 18 | C19: ZA3-M1-15-B3-C1-03 | D19: A3 | E19: X261 | F19: 4780 | G19: 3250 | H19: 120 | I19: CFC | J19: 250*1000*1400 | L19: 006 | M19: 45789 | N19: 0 | P19: 1.905 | Q19: =+P19*2.5 -> 4.7625 | T19: 45793 | U19: 45793 | V19: 21 | W19: 38A | AA19: WIR
B20: 19 | C20: ZA3-M1-15-B3-C1-04 | D20: A3 | E20: X261 | F20: 4780 | G20: 3250 | H20: 120 | I20: CFC | J20: 250*1000*1400 | L20: 006 | M20: 45789 | N20: 0 | P20: 1.905 | Q20: =+P20*2.5 -> 4.7625 | T20: 45793 | U20: 45793 | V20: 21 | W20: 34A | AA20: WIR
B21: 20 | C21: ZA3-M1-15-B3-C1-05 | D21: A3 | E21: X261 | F21: 4770 | G21: 3250 | H21: 120 | I21: CFC | J21: 250*1000*1400 | L21: 006 | M21: 45789 | N21: 0 | P21: 1.902 | Q21: =+P21*2.5 -> 4.755 | T21: 45796 | U21: 45796 | V21: 21 | W21: 38B | AA21: WIR
B22: 21 | C22: ZA3-M1-15-B1-C4-01 | D22: A3 | E22: X261 | F22: 3930 | G22: 2950 | H22: 120 | I22: CFC | J22: 250*1000*1400 | L22: 006 | M22: 45789 | N22: 0 | P22: 1.468 | Q22: =+P22*2.5 -> 3.67 | T22: 45796 | U22: 45796 | V22: 21 | W22: 33B | AA22: WIR
B23: 22 | C23: ZA3-M1-15-B1-C3-01 | D23: A3 | E23: X260 | F23: 4320 | G23: 2950 | H23: 120 | I23: CFC | J23: 250*1000*1400 | L23: 006 | M23: 45789 | N23: 0 | P23: 1.57 | Q23: =+P23*2.5 -> 3.925 | T23: 45796 | U23: 45796 | V23: 21 | W23: 38A | AA23: WIR
B24: 23 | C24: ZA3-M1-15-B1-C4-02 | D24: A3 | E24: X259 | F24: 3930 | G24: 2950 | H24: 120 | I24: CFC | J24: 250*1000*1400 | L24: 006 | M24: 45789 | N24: 0 | P24: 1.468 | Q24: =+P24*2.5 -> 3.67 | T24: 45796 | U24: 45796 | V24: 21 | W24: 34A | AA24: WIR
... B28: 27 | C28: ZA3-M1-15-B1-C4-04 | D28: A3 | E28: X255 | F28: 3688 | G28: 2950 | H28: 120 | I28: CFC | J28: 250*1000*1400 | L28: 006 | M28: 45789 | N28: 0 | P28: 1.405 | Q28: =+P28*2.5 -> 3.5125 | T28: 45797 | U28: 45797 | V28: 21 | W28: 38A | AA28: WIR
B29: 28 | C29: A3-M1-15-A02-C1-03 | D29: A3 | E29: X254 | F29: 400 | G29: 2790 | H29: 300 | I29: EFC | J29: 200*1150*1200 | K29: BC | L29: 003 | M29: 45787 | N29: 0 | P29: 0.651 | Q29: =+P29*2.5 -> 1.6275 | T29: 45796 | U29: 45796 | V29: 21 | W29: 18B | AA29: WIR
B30: 29 | C30: A3-M1-15-A02-C1-02 | D30: A3 | E30: X254 | F30: 400 | G30: 2790 | H30: 300 | I30: EFC | J30: 250*1100*1200 | K30: BC | L30: 003 | M30: 45787 | N30: 0 | P30: 0.634 | Q30: =+P30*2.5 -> 1.585 | T30: 45796 | U30: 45796 | V30: 21 | W30: 09A | AA30: WIR
B31: 30 | C31: A3-M1-15-A02-C1-01 | D31: A3 | E31: X254 | F31: 400 | G31: 2920 | H31: 300 | I31: EFC | J31: 250*1400*1200 | K31: BC | L31: 003 | M31: 45787 | N31: 0 | P31: 0.737 | Q31: =+P31*2.5 -> 1.8425 | T31: 45796 | U31: 45796 | V31: 21 | W31: 09B | AA31: WIR
B32: 31 | C32: A3-M1-15-A02-C1-05 | D32: A3 | E32: X254 | F32: 400 | G32: 2630 | H32: 300 | I32: EFC | J32: 250*1300*1200 | K32: RLC | L32: 007 | M32: 45789 | N32: 0 | P32: 0.68 | Q32: =+P32*2.5 -> 1.7 | T32: 45803 | U32: 45803 | V32: 21 | W32: 06A | AA32: WIR
B33: 32 | C33: A3-M1-15-A02-C1-P01A | D33: A3 | E33: X254 | F33: 5084 | G33: 2180 | H33: 120 | I33: P | J33: - | L33: 001/004 | M33: 45785 | N33: 1 | O33: 45787 | P33: 1.33 | Q33: =+P33*2.5 -> 3.325 | T33: 45794 | U33: 45794 | V33: 21 | W33: 30A | AA33: WIR
B34: 33 | C34: A3-M1-15-A02-C1-P01 | D34: A3 | E34: X254 | F34: 5083 | G34: 1310 | H34: 120 | I34: P | J34: - | L34: 002 | M34: 45785 | N34: 0 | P34: 0.797 | Q34: =+P34*2.5 -> 1.9925 | T34: 45794 | U34: 45794 | V34: 21 | W34: 28B | AA34: WIR
B35: 34 | C35: A3-M1-15-A02-C2-P01 | D35: A3 | E35: X254 | F35: 4132 | G35: 1440 | H35: 120 | I35: P | J35: - | L35: 001/004 | M35: 45785 | N35: 1 | O35: 45787 | P35: 0.714 | Q35: =+P35*2.5 -> 1.785 | T35: 45794 | U35: 45794 | V35: 21 | W35: 28A | AA35: WIR
B36: 35 | C36: A3-M1-15-A02-C2-P02 | D36: A3 | E36: X254 | F36: 4131 | G36: 1440 | H36: 120 | I36: P | J36: - | L36: 001/004 | M36: 45785 | N36: 1 | O36: 45787 | P36: 0.712 | Q36: =+P36*2.5 -> 1.78 | T36: 45796 | U36: 45796 | V36: 21 | W36: 28C | AA36: WIR
B37: 36 | C37: A3-M1-15-A02-C2-P02A | D37: A3 | E37: X254 | F37: 4131 | G37: 1310 | H37: 120 | I37: P | J37: - | L37: 002 | M37: 45785 | N37: 0 | P37: 0.649 | Q37: =+P37*2.5 -> 1.6225 | T37: 45796 | U37: 45796 | V37: 21 | W37: 28D | AA37: WIR
B38: 37 | C38: ZA3-M1-22-B5-C1-04 | D38: A3 | E38: X302 | F38: 4406 | G38: 3730 | H38: 120 | I38: CFC | J38: 250*1000*1600 | L38: 006 | M38: 45789 | N38: 0 | P38: 2.196 | Q38: =+P38*2.5 -> 5.49 | T38: 45794 | U38: 45794 | V38: 21 | W38: 29B | AA38: WIR
B39: 38 | C39: ZA3-M1-22-B5-C5-01 | D39: A3 | E39: X302 | F39: 4406 | G39: 3730 | H39: 120 | I39: CFC | J39: 250*1000*1600 | L39: 006 | M39: 45789 | N39: 0 | P39: 2.196 | Q39: =+P39*2.5 -> 5.49 | T39: 45797 | U39: 45797 | V39: 21 | W39: 37A | AA39: WIR
B40: 39 | C40: A3-M1-22-A02-C1-06 | D40: A3 | E40: X302 | F40: 400 | G40: 3480 | H40: 300 | I40: EFC | J40: 250*1100*1200 | K40: BC | L40: 007 | M40: 45789 | N40: 1 | O40: 45789 | P40: 0.695 | Q40: =+P40*2.5 -> 1.7375 | T40: 45797 | U40: 45797 | V40: 21 | W40: 18B | AA40: WIR
B41: 40 | C41: A3-M1-22-A02-C1-03 | D41: A3 | E41: X302 | F41: 400 | G41: 2860 | H41: 300 | I41: EFC | J41: 250*1150*1200 | K41: BC | L41: 007 | M41: 45789 | N41: 1 | O41: 45789 | P41: 0.656 | Q41: =+P41*2.5 -> 1.64 | T41: 45797 | U41: 45797 | V41: 21 | W41: 19A | AA41: WIR
B42: 41 | C42: A3-M1-22-A02-C1-04 | D42: A3 | E42: X302 | F42: 400 | G42: 3170 | H42: 300 | I42: EFC | J42: 250*1100*1200 | K42: BC | L42: 006 | M42: 45789 | N42: 0 | P42: 0.674 | Q42: =+P42*2.5 -> 1.685 | T42: 45797 | U42: 45797 | V42: 21 | W42: 09B | AA42: WIR
B43: 42 | C43: A3-M1-22-A02-C1-05 | D43: A3 | E43: X302 | F43: 400 | G43: 3170 | H43: 300 | I43: EFC | J43: 250*1400*1200 | K43: BC | L43: 006 | M43: 45789 | N43: 0 | P43: 0.761 | Q43: =+P43*2.5 -> 1.9025 | T43: 45798 | U43: 45798 | V43: 21 | W43: 09A | AA43: WIR
B44: 43 | C44: A3-M1-22-A02-C1-01 | D44: A3 | E44: X302 | F44: 400 | G44: 2550 | H44: 300 | I44: EFC | J44: 250*1300*1200 | K44: LLC | L44: 007 | M44: 45789 | N44: 0 | P44: 0.671 | Q44: =+P44*2.5 -> 1.6775 | T44: 45800 | U44: 45800 | V44: 21 | W44: 06B | AA44: WIR
B45: 44 | C45: A3-M1-22-A02-C1-P01 | D45: A3 | E45: X302 | F45: 4934 | G45: 2100 | H45: 120 | I45: P | J45: - | L45: 001/004 | M45: 45785 | N45: 1 | O45: 45787 | P45: 1.243 | Q45: =+P45*2.5 -> 3.1075 | T45: 45797 | U45: 45797 | V45: 21 | W45: 30A | AA45: WIR
B46: 45 | C46: A3-M1-22-A02-C1-P02 | D46: A3 | E46: X302 | F46: 4934 | G46: 1380 | H46: 120 | I46: P | J46: - | L46: 001/004 | M46: 45785 | N46: 1 | O46: 45787 | P46: 0.817 | Q46: =+P46*2.5 -> 2.0425 | T46: 45797 | U46: 45797 | V46: 21 | W46: 28A | AA46: WIR
B47: 46 | C47: A3-M1-22-A02-C2-P01 | D47: A3 | E47: X302 | F47: 4224 | G47: 1380 | H47: 120 | I47: P | J47: - | L47: 002 | M47: 45785 | N47: 0 | P47: 0.699 | Q47: =+P47*2.5 -> 1.7475 | T47: 45797 | U47: 45797 | V47: 21 | W47: 28B | AA47: WIR
B48: 47 | C48: A3-M1-22-A02-C2-P03 | D48: A3 | E48: X302 | F48: 4215 | G48: 1690 | H48: 120 | I48: P | J48: - | L48: 002 | M48: 45785 | N48: 0 | P48: 0.855 | Q48: =+P48*2.5 -> 2.1375 | T48: 45798 | U48: 45798 | V48: 21 | W48: 28D | AA48: WIR
B49: 48 | C49: A3-M1-22-A02-C2-P02 | D49: A3 | E49: X302 | F49: 4224 | G49: 1690 | H49: 120 | I49: P | J49: - | L49: 002 | M49: 45785 | N49: 0 | P49: 0.856 | Q49: =+P49*2.5 -> 2.14 | T49: 45798 | U49: 45798 | V49: 21 | W49: 28C | AA49: WIR
B50: 49 | C50: ZA3-M1-22-B1-C4-04 | D50: A3 | E50: X301 | F50: 3918 | G50: 2950 | H50: 120 | I50: CFC | J50: 250*1000*1400 | L50: 006 | M50: 45789 | N50: 0 | P50: 1.465 | Q50: =+P50*2.5 -> 3.6625 | T50: 45798 | U50: 45798 | V50: 21 | W50: 34B | AA50: WIR
B51: 50 | C51: ZA3-M1-22-B5-C1-03 | D51: A3 | E51: X301 | F51: 2990 | G51: 3730 | H51: 120 | I51: CFC | J51: 250*1000*1200 | L51: 006 | M51: 45789 | N51: 0 | P51: 1.403 | Q51: =+P51*2.5 -> 3.5075 | T51: 45798 | U51: 45798 | V51: 21 | W51: 34A | AA51: WIR
B52: 51 | C52: ZA3-M1-22-B5-C1-03A | D52: A3 | E52: X301 | F52: 2990 | G52: 3730 | H52: 120 | I52: CFC | J52: 250*1000*1200 | L52: 006 | M52: 45789 | N52: 0 | P52: 1.403 | Q52: =+P52*2.5 -> 3.5075 | T52: 45799 | U52: 45799 | V52: 21 | W52: 38A | AA52: WIR
B53: 52 | C53: ZA3-M1-22-B1-C3-04 | D53: A3 | E53: X300 | F53: 4308 | G53: 2950 | H53: 120 | I53: CFC | J53: 250*1000*1400 | L53: 006 | M53: 45789 | N53: 0 | P53: 1.566 | Q53: =+P53*2.5 -> 3.915 | T53: 45798 | U53: 45798 | V53: 21 | W53: 38A | AA53: WIR
B54: 53 | C54: ZA3-M1-22-B5-C1-02 | D54: A3 | E54: X300 | F54: 2990 | G54: 3730 | H54: 120 | I54: CFC | J54: 250*1000*1200 | L54: 006 | M54: 45789 | N54: 0 | P54: 1.403 | Q54: =+P54*2.5 -> 3.5075 | T54: 45798 | U54: 45798 | V54: 21 | W54: 33B | AA54: WIR
B55: 54 | C55: ZA3-M1-22-B5-C1-02A | D55: A3 | E55: X300 | F55: 2990 | G55: 3730 | H55: 120 | I55: CFC | J55: 250*1000*1200 | L55: 006 | M55: 45789 | N55: 0 | P55: 1.403 | Q55: =+P55*2.5 -> 3.5075 | T55: 45797 | U55: 45797 | V55: 21 | W55: 38B | AA55: WIR
B56: 55 | C56: ZA3-M1-22-B1-C4-03 | D56: A3 | E56: X299 | F56: 3918 | G56: 2950 | H56: 120 | I56: CFC | J56: 250*1000*1400 | L56: 006 | M56: 45789 | N56: 0 | P56: 1.465 | Q56: =+P56*2.5 -> 3.6625 | T56: 45799 | U56: 45799 | V56: 21 | W56: 34A | AA56: WIR
B57: 56 | C57: ZA3-M1-22-B5-C1-01 | D57: A3 | E57: X299 | F57: 3022 | G57: 3730 | H57: 120 | I57: CFC | J57: 250*1000*1200 | L57: 006 | M57: 45789 | N57: 0 | P57: 1.415 | Q57: =+P57*2.5 -> 3.5375 | T57: 45799 | U57: 45799 | V57: 21 | W57: 34B | AA57: WIR
B58: 57 | C58: ZA3-M1-22-B5-C1-01A | D58: A3 | E58: X299 | F58: 3022 | G58: 3730 | H58: 120 | I58: CFC | J58: 250*1000*1200 | L58: 006 | M58: 45789 | N58: 0 | P58: 1.415 | Q58: =+P58*2.5 -> 3.5375 | T58: 45800 | U58: 45800 | V58: 21 | W58: 38B | AA58: WIR
... B64: 63 | C64: ZA3-M1-22-B4-C1-03A | D64: A3 | E64: X297 | F64: 2990 | G64: 3430 | H64: 120 | I64: CFC | J64: 250*1000*1000 | L64: 006 | M64: 45789 | N64: 0 | P64: 1.296 | Q64: =+P64*2.5 -> 3.24 | T64: 45800 | U64: 45800 | V64: 21 | W64: 33B | AA64: WIR
B65: 64 | C65: ZA3-M1-22-B1-C3-01 | D65: A3 | E65: X296 | F65: 4146 | G65: 2950 | H65: 120 | I65: CFC | J65: 250*1000*1400 | L65: 006 | M65: 45789 | N65: 0 | P65: 1.524 | Q65: =+P65*2.5 -> 3.81 | T65: 45801 | U65: 45801 | V65: 21 | W65: 38A | AA65: WIR | AB65: tag reprint
B66: 65 | C66: ZA3-M1-22-B4-C1-02 | D66: A3 | E66: X296 | F66: 2990 | G66: 3430 | H66: 120 | I66: CFC | J66: 250*1000*1000 | L66: 006 | M66: 45789 | N66: 0 | P66: 1.296 | Q66: =+P66*2.5 -> 3.24 | T66: 45803 | U66: 45803 | V66: 21 | W66: 37B | AA66: WIR
B67: 66 | C67: ZA3-M1-22-B4-C1-02A | D67: A3 | E67: X296 | F67: 2990 | G67: 3430 | H67: 120 | I67: CFC | J67: 250*1000*1000 | L67: 006 | M67: 45789 | N67: 0 | P67: 1.296 | Q67: =+P67*2.5 -> 3.24 | T67: 45800 | U67: 45800 | V67: 21 | W67: 34A | AA67: WIR
B68: 67 | C68: ZA3-M1-22-B1-C1-02 | D68: A3 | E68: X295 | F68: 4780 | G68: 2850 | H68: 120 | I68: CFC | J68: 250*1000*1400 | L68: 006 | M68: 45789 | N68: 0 | P68: 1.675 | Q68: =+P68*2.5 -> 4.1875 | T68: 45800 | U68: 45800 | V68: 21 | W68: 37A | AA68: WIR
B69: 68 | C69: ZA3-M1-22-B1-C1-03 | D69: A3 | E69: X295 | F69: 4780 | G69: 2850 | H69: 120 | I69: CFC | J69: 250*1000*1400 | L69: 006 | M69: 45789 | N69: 0 | P69: 1.675 | Q69: =+P69*2.5 -> 4.1875 | T69: 45803 | U69: 45803 | V69: 21 | W69: 37A | AA69: WIR
B70: 69 | C70: ZA3-M1-22-B1-C1-04 | D70: A3 | E70: X295 | F70: 4780 | G70: 2850 | H70: 120 | I70: CFC | J70: 250*1000*1400 | L70: 006 | M70: 45789 | N70: 0 | P70: 1.675 | Q70: =+P70*2.5 -> 4.1875 | T70: 45801 | U70: 45801 | V70: 21 | W70: 34A | AA70: WIR
B71: 70 | C71: ZA3-M1-22-B1-C1-05 | D71: A3 | E71: X295 | F71: 4780 | G71: 2850 | H71: 120 | I71: CFC | J71: 250*1000*1400 | L71: 006 | M71: 45789 | N71: 0 | P71: 1.675 | Q71: =+P71*2.5 -> 4.1875 | T71: 45801 | U71: 45801 | V71: 21 | W71: 34B | AA71: WIR
B72: 71 | C72: ZA3-M1-22-B1-C1-01 | D72: A3 | E72: X295 | F72: 4770 | G72: 2850 | H72: 120 | I72: CFC | J72: 250*1000*1400 | L72: 006 | M72: 45789 | N72: 0 | P72: 1.673 | Q72: =+P72*2.5 -> 4.1825 | T72: 45803 | U72: 45803 | V72: 21 | W72: 38A | AA72: WIR
B73: 72 | C73: ZA3-M1-22-B4-C1-01 | D73: A3 | E73: X295 | F73: 4598 | G73: 3430 | H73: 120 | I73: CFC | J73: 250*1000*1400 | L73: 006 | M73: 45789 | N73: 0 | P73: 1.948 | Q73: =+P73*2.5 -> 4.87 | T73: 45803 | U73: 45803 | V73: 21 | W73: 33B | AA73: WIR
B74: 73 | C74: ZA3-M1-22-B4-C4-01 | D74: A3 | E74: X295 | F74: 4598 | G74: 3430 | H74: 120 | I74: CFC | J74: 250*1000*1400 | L74: 006 | M74: 45789 | N74: 0 | P74: 1.948 | Q74: =+P74*2.5 -> 4.87 | T74: 45801 | U74: 45801 | V74: 21 | W74: 37A | AA74: WIR
B75: 74 | C75: ZA3-M1-22-B1-C4-01 | D75: A3 | E75: X295 | F75: 3675 | G75: 2950 | H75: 120 | I75: CFC | J75: 250*1000*1400 | L75: 006 | M75: 45789 | N75: 0 | P75: 1.451 | Q75: =+P75*2.5 -> 3.6275 | T75: 45805 | U75: 45805 | V75: 21 | W75: 38A | AA75: WIR
B76: 75 | C76: ZA3-M1-21-B2-C1-06 | D76: A3 | E76: X294 | F76: 4533 | G76: 3030 | H76: 120 | I76: CFC | J76: 250*1000*1400 | L76: 006 | M76: 45789 | N76: 0 | P76: 1.709 | Q76: =+P76*2.5 -> 4.2725 | T76: 45804 | U76: 45804 | V76: 21 | W76: 37B | AA76: WIR
B77: 76 | C77: ZA3-M1-21-B2-C4-02 | D77: A3 | E77: X294 | F77: 4533 | G77: 3030 | H77: 120 | I77: CFC | J77: 250*1000*1400 | L77: 006 | M77: 45789 | N77: 0 | P77: 1.709 | Q77: =+P77*2.5 -> 4.2725 | T77: 45804 | U77: 45804 | V77: 21 | W77: 34A | AA77: WIR
... B83: 82 | C83: ZA3-M1-21-B2-C1-04A | D83: A3 | E83: X292 | F83: 2990 | G83: 3030 | H83: 120 | I83: CFC | J83: 250*1000*1000 | L83: 006 | M83: 45789 | N83: 0 | P83: 1.152 | Q83: =+P83*2.5 -> 2.88 | T83: 45804 | U83: 45804 | V83: 21 | W83: 33B | AA83: WIR
B84: 83 | C84: ZA3-M1-21-B1-C4-02 | D84: A3 | E84: X291 | F84: 3928 | G84: 2950 | H84: 120 | I84: CFC | J84: 250*1000*1400 | L84: 006 | M84: 45789 | N84: 0 | P84: 1.467 | Q84: =+P84*2.5 -> 3.6675 | T84: 45805 | U84: 45805 | V84: 21 | W84: 34A | AA84: WIR | AB84: tag reprint
B85: 84 | C85: ZA3-M1-21-B2-C1-03 | D85: A3 | E85: X291 | F85: 2990 | G85: 3030 | H85: 120 | I85: CFC | J85: 250*1000*1000 | L85: 006 | M85: 45789 | N85: 0 | P85: 1.152 | Q85: =+P85*2.5 -> 2.88 | T85: 45805 | U85: 45805 | V85: 21 | W85: 34B | AA85: WIR
B86: 85 | C86: ZA3-M1-21-B2-C1-03A | D86: A3 | E86: X291 | F86: 2990 | G86: 3030 | H86: 120 | I86: CFC | J86: 250*1000*1000 | L86: 006 | M86: 45789 | N86: 0 | P86: 1.152 | Q86: =+P86*2.5 -> 2.88 | T86: 45807 | U86: 45807 | V86: 21 | W86: 38A | AA86: WIR
B87: 86 | C87: ZA3-M1-21-B1-C3-01 | D87: A3 | E87: X290 | F87: 4240 | G87: 2950 | H87: 120 | I87: CFC | J87: 250*1000*1400 | L87: 006 | M87: 45789 | N87: 0 | P87: 1.549 | Q87: =+P87*2.5 -> 3.8725 | T87: 45804 | U87: 45804 | V87: 21 | W87: 38B | AA87: WIR
B88: 87 | C88: ZA3-M1-21-B2-C1-02 | D88: A3 | E88: X290 | F88: 2990 | G88: 3030 | H88: 120 | I88: CFC | J88: 250*1000*1000 | L88: 006 | M88: 45789 | N88: 0 | P88: 1.152 | Q88: =+P88*2.5 -> 2.88 | T88: 45805 | U88: 45805 | V88: 21 | W88: 37A | AA88: WIR
B89: 88 | C89: ZA3-M1-21-B2-C1-02A | D89: A3 | E89: X290 | F89: 2990 | G89: 3030 | H89: 120 | I89: CFC | J89: 250*1000*1000 | L89: 006 | M89: 45789 | N89: 0 | P89: 1.152 | Q89: =+P89*2.5 -> 2.88 | T89: 45807 | U89: 45807 | V89: 21 | W89: T2 | AA89: WIR
B90: 89 | C90: ZA3-M1-21-B2-C1-01 | D90: A3 | E90: X289 | F90: 4418 | G90: 3030 | H90: 120 | I90: CFC | J90: 250*1000*1400 | L90: 006 | M90: 45789 | N90: 0 | P90: 1.677 | Q90: =+P90*2.5 -> 4.1925 | T90: 45804 | U90: 45804 | V90: 21 | W90: 29B | AA90: WIR
B91: 90 | C91: ZA3-M1-21-B2-C4-01 | D91: A3 | E91: X289 | F91: 4418 | G91: 3030 | H91: 120 | I91: CFC | J91: 250*1000*1400 | L91: 006 | M91: 45789 | N91: 0 | P91: 1.677 | Q91: =+P91*2.5 -> 4.1925 | T91: 45807 | U91: 45807 | V91: 21 | W91: 34A | AA91: WIR
B92: 91 | C92: ZA3-M1-21-B1-C4-01 | D92: A3 | E92: X289 | F92: 3770 | G92: 2950 | H92: 120 | I92: CFC | J92: 250*1000*1400 | L92: 006 | M92: 45789 | N92: 0 | P92: 1.426 | Q92: =+P92*2.5 -> 3.565 | T92: 45805 | U92: 45805 | V92: 21 | W92: 37B | AA92: WIR
B93: 92 | C93: A3-M1-21-A03-C1-03 | D93: A3 | E93: X289 | F93: 400 | G93: 2760 | H93: 300 | I93: EFC | J93: 250*1150*1200 | K93: BC | L93: 007 | M93: 45789 | N93: 1 | O93: 45789 | P93: 0.646 | Q93: =+P93*2.5 -> 1.615 | T93: 45800 | U93: 45800 | V93: 21 | W93: 18B | AA93: WIR
B94: 93 | C94: A3-M1-21-A03-C1-01 | D94: A3 | E94: X289 | F94: 400 | G94: 2760 | H94: 300 | I94: EFC | J94: 250*1100*1200 | K94: BC | L94: 003 | M94: 45787 | N94: 0 | P94: 0.632 | Q94: =+P94*2.5 -> 1.58 | T94: 45796 | U94: 45796 | V94: 21 | W94: 19A | AA94: WIR
B95: 94 | C95: A3-M1-21-A03-C1-02 | D95: A3 | E95: X289 | F95: 400 | G95: 2760 | H95: 300 | I95: EFC | J95: 250*1100*1200 | K95: BC | L95: 003 | M95: 45787 | N95: 0 | P95: 0.632 | Q95: =+P95*2.5 -> 1.58 | T95: 45798 | U95: 45798 | V95: 21 | W95: 09B | AA95: WIR
B96: 95 | C96: A3-M1-21-A03-C1-05 | D96: A3 | E96: X289 | F96: 400 | G96: 2760 | H96: 300 | I96: EFC | J96: 250*1300*1200 | K96: RLC | L96: 007 | M96: 45789 | N96: 0 | P96: 0.695 | Q96: =+P96*2.5 -> 1.7375 | T96: 45800 | U96: 45800 | V96: 21 | W96: 06A | AA96: WIR
B97: 96 | C97: A3-M1-21-A03-C1-P01 | D97: A3 | E97: X289 | F97: 5041 | G97: 1280 | H97: 120 | I97: P | J97: - | L97: 001/004 | M97: 45785 | N97: 1 | O97: 45787 | P97: 0.774 | Q97: =+P97*2.5 -> 1.935 | T97: 45799 | U97: 45799 | V97: 21 | W97: 33A | AA97: WIR
B98: 97 | C98: A3-M1-21-A03-C1-P02 | D98: A3 | E98: X289 | F98: 5041 | G98: 2310 | H98: 120 | I98: P | J98: - | L98: 001/004 | M98: 45785 | N98: 1 | O98: 45787 | P98: 1.397 | Q98: =+P98*2.5 -> 3.4925 | T98: 45799 | U98: 45799 | V98: 21 | W98: 34C | AA98: WIR
B99: 98 | C99: A3-M1-21-A03-C2-P01 | D99: A3 | E99: X289 | F99: 4156 | G99: 1280 | H99: 120 | I99: P | J99: - | L99: 001/004 | M99: 45785 | N99: 1 | O99: 45787 | P99: 0.638 | Q99: =+P99*2.5 -> 1.595 | T99: 45799 | U99: 45799 | V99: 21 | W99: 34D | AA99: WIR
B100: 99 | C100: A3-M1-21-A03-C2-P02 | D100: A3 | E100: X289 | F100: 4156 | G100: 1280 | H100: 120 | I100: P | J100: - | L100: 001/004 | M100: 45785 | N100: 1 | O100: 45787 | P100: 0.638 | Q100: =+P100*2.5 -> 1.595 | T100: 45801 | U100: 45801 | V100: 21 | W100: 33B | AA100: WIR
B101: 100 | C101: A3-M1-21-A03-C2-P03 | D101: A3 | E101: X289 | F101: 4156 | G101: 1280 | H101: 120 | I101: P | J101: - | L101: 001/004 | M101: 45785 | N101: 1 | O101: 45787 | P101: 0.638 | Q101: =+P101*2.5 -> 1.595 | T101: 45800 | U101: 45800 | V101: 21 | W101: 28D | AA101: WIR
B102: 101 | C102: A3-M1-15-A02-C1-04 | D102: A3 | E102: X254 | F102: 400 | G102: 2630 | H102: 300 | I102: EFC | J102: 250*1500*1200 | K102: BC | L102: 009 | M102: 45792 | P102: 0.727 | Q102: =+P102*2.5 -> 1.8175 | T102: 45800 | U102: 45800 | V102: 21 | W102: 09B | AA102: WIR
B103: 102 | C103: A3-M1-16-A03-C1-02 | D103: A3 | E103: X267 | F103: 400 | G103: 3160 | H103: 300 | I103: EFC | J103: 250*1800*1300 | K103: BC | L103: 009 | M103: 45792 | P103: 0.912 | Q103: =+P103*2.5 -> 2.28 | T103: 45800 | U103: 45800 | V103: 21 | W103: 19A | AA103: WIR
B104: 103 | C104: A3-M1-21-A03-C1-04 | D104: A3 | E104: X289 | F104: 400 | G104: 2760 | H104: 300 | I104: EFC | J104: 250*1500*1200 | K104: BC | L104: 009 | M104: 45792 | N104: 0 | P104: 0.739 | Q104: =+P104*2.5 -> 1.8475 | T104: 45797 | U104: 45797 | V104: 21 | W104: 19B | AA104: WIR
B105: 104 | C105: A3-M1-22-A02-C1-02 | D105: A3 | E105: X302 | F105: 400 | G105: 2860 | H105: 300 | I105: EFC | J105: 250*1500*1200 | K105: BC | L105: 009 | M105: 45792 | P105: 0.752 | Q105: =+P105*2.5 -> 1.88 | T105: 45800 | U105: 45800 | V105: 21 | W105: 09A | AA105: WIR
B106: 1 | C106: ZC1-M2-001-B4-C1-01 | D106: C1 | E106: Y455 | F106: 2957 | G106: 3580 | H106: 120 | I106: CFC | J106: 250*1000*1200 | L106: 0011 | M106: 45797 | N106: 0 | P106: 1.416 | Q106: 3.54 | T106: 45808 | U106: 45808 | V106: 21 | W106: 29B | Z106: MEP BALANCE | AA106: WIR
B107: 2 | C107: ZC1-M2-001-B4-C1-01A | D107: C1 | E107: Y455 | F107: 2957 | G107: 3580 | H107: 120 | I107: CFC | J107: 250*1000*1200 | L107: 0011 | M107: 45797 | N107: 0 | P107: 1.416 | Q107: 3.54 | T107: 45808 | U107: 45808 | V107: 21 | W107: 33B | Z107: MEP BALANCE | AA107: WIR
B108: 3 | C108: ZC1-M2-002-B4-C1-02A | D108: C1 | E108: Y447 | F108: 2957 | G108: 3540 | H108: 120 | I108: CFC | J108: 250*1000*1200 | L108: 0011 | M108: 45797 | N108: 0 | P108: 1.402 | Q108: 3.505 | T108: 45808 | U108: 45808 | V108: 21 | W108: 33A | AA108: WIR
B109: 4 | C109: ZC1-M2-001-B5-C1-02 | D109: C1 | E109: Y453 | F109: 2990 | G109: 3630 | H109: 120 | I109: CFC | J109: 250*1000*1200 | L109: 0011 | M109: 45797 | N109: 0 | P109: 1.446 | Q109: 3.615 | T109: 45808 | U109: 45808 | V109: 21 | W109: 37B | AA109: WIR
B110: 5 | C110: ZC1-M2-001-B5-C1-03 | D110: C1 | E110: Y452 | F110: 2990 | G110: 3630 | H110: 120 | I110: CFC | J110: 250*1000*1200 | L110: 0011 | M110: 45797 | N110: 0 | P110: 1.446 | Q110: 3.615 | T110: 45808 | U110: 45808 | V110: 21 | W110: 38B | Z110: MEP BALANCE | AA110: WIR
B111: 6 | C111: ZC1-M2-002-B5-C1-02A | D111: C1 | E111: Y445 | F111: 2990 | G111: 3640 | H111: 120 | I111: CFC | J111: 250*1000*1200 | L111: 0011 | M111: 45797 | N111: 0 | P111: 1.449 | Q111: 3.623 | T111: 45808 | U111: 45808 | V111: 21 | W111: 37A | AA111: WIR
B112: 7 | C112: C1-M2-001-A04-C1-01 | D112: C1 | E112: Y157 | F112: 400 | G112: 3500 | H112: 300 | I112: EFC | J112: 250*1500*2000 | K112: BC | L112: 19 | M112: 45804 | N112: 0 | P112: 1.113 | Q112: 2.783 | R112: 2060 | S112: 2860 | T112: 45810 | U112: 45810 | V112: 21 | W112: 19A | AA112: WIR
B113: 8 | C113: C1-M2-001-A05-C2-02 | D113: C1 | E113: Y157 | F113: 400 | G113: 3970 | H113: 300 | I113: EFC | J113: 250*1500*1900 | K113: BC | L113: 19 | M113: 45804 | N113: 0 | P113: 1.13 | Q113: 2.825 | R113: 2530 | S113: 2530 | T113: 45810 | U113: 45810 | V113: 21 | W113: 09A | AA113: WIR
...

Sheet Element wise-detail Summary
E1: =SUBTOTAL(9,E3:E1048576) -> 16.2 | F1: =SUBTOTAL(9,F3:F1048576) -> 9 | G1: =SUBTOTAL(9,G3:G1048576) -> 9 | H1: =SUBTOTAL(9,H3:H1048576) -> 0 | I1: =SUBTOTAL(9,I3:I1048576) -> 6 | J1: =SUBTOTAL(9,J3:J1048576) -> 3 | K1: =SUBTOTAL(9,K3:K1048576) -> 3 | L1: =SUBTOTAL(9,L3:L1048576) -> 4 | ... N1: =SUBTOTAL(9,N3:N1048576) -> 11.611
A2: Element ID | B2: Villa No. | C2: Zone | D2: Product | E2: m3/pc | F2: Issued Qty | G2: Cast Qty | H2: Remain to Cast | I2: Deliver Qty | J2: Remain to Deliver | K2: Factory stock | L2: Install | M2: Remain to Install | Q2: Mock up
A3: AMR-V17-T1C10-001 | B3: =VLOOKUP(A3,'AFC Data details'!$B:$E,4,0) -> V17 | C3: =_xlfn.XLOOKUP(A3,'AFC Data details'!$B:$B,'AFC Data details'!$D:$D) -> MOCKUP | D3: BW | E3: =VLOOKUP(A3,'AFC Data details'!$B:$P,15,0) -> 1.787 | F3: =SUMIFS('AFC Data details'!C:C,'AFC Data details'!$B:$B,'Element wise-detail Summary'!$A3) -> 1 | G3: =SUMIFS(Cast!$C:$C,Cast!$B:$B,'Element wise-detail Summary'!$A3) -> 1 | H3: =F3-G3 -> 0 | I3: =SUMIFS(Del!$C:$C,Del!$B:$B,'Element wise-detail Summary'!$A3) -> 1 | J3: =F3-I3 -> 0 | K3: =G3-I3 -> 0 | L3: =SUMIF(Ere!$B:$B,'Element wise-detail Summary'!$A3,Ere!$C:$C) -> 1 | M3: =F3-L3 -> 0 | N3: =I3*E3 -> 1.787 | Q3: Zone-1
A4: AMR-V17-T1C10-002 | B4: =VLOOKUP(A4,'AFC Data details'!$B:$E,4,0) -> V17 | C4: =_xlfn.XLOOKUP(A4,'AFC Data details'!$B:$B,'AFC Data details'!$D:$D) -> MOCKUP | D4: BW | E4: =VLOOKUP(A4,'AFC Data details'!$B:$P,15,0) -> 1.779 | F4: =SUMIFS('AFC Data details'!C:C,'AFC Data details'!$B:$B,'Element wise-detail Summary'!$A4) -> 1 | G4: =SUMIFS(Cast!$C:$C,Cast!$B:$B,'Element wise-detail Summary'!$A4) -> 1 | H4: =F4-G4 -> 0 | I4: =SUMIFS(Del!$C:$C,Del!$B:$B,'Element wise-detail Summary'!$A4) -> 1 | J4: =F4-I4 -> 0 | K4: =G4-I4 -> 0 | L4: =SUMIF(Ere!$B:$B,'Element wise-detail Summary'!$A4,Ere!$C:$C) -> 1 | M4: =F4-L4 -> 0 | N4: =I4*E4 -> 1.779 | Q4: Zone-2
A5: AMR-V17-T1C10-003 | B5: =VLOOKUP(A5,'AFC Data details'!$B:$E,4,0) -> V17 | C5: =_xlfn.XLOOKUP(A5,'AFC Data details'!$B:$B,'AFC Data details'!$D:$D) -> MOCKUP | D5: BW | E5: =VLOOKUP(A5,'AFC Data details'!$B:$P,15,0) -> 1.779 | F5: =SUMIFS('AFC Data details'!C:C,'AFC Data details'!$B:$B,'Element wise-detail Summary'!$A5) -> 1 | G5: =SUMIFS(Cast!$C:$C,Cast!$B:$B,'Element wise-detail Summary'!$A5) -> 1 | H5: =F5-G5 -> 0 | I5: =SUMIFS(Del!$C:$C,Del!$B:$B,'Element wise-detail Summary'!$A5) -> 1 | J5: =F5-I5 -> 0 | K5: =G5-I5 -> 0 | L5: =SUMIF(Ere!$B:$B,'Element wise-detail Summary'!$A5,Ere!$C:$C) -> 1 | M5: =F5-L5 -> 0 | N5: =I5*E5 -> 1.779 | Q5: Zone-3
A6: AMR-V17-T1C11-002 | B6: =VLOOKUP(A6,'AFC Data details'!$B:$E,4,0) -> V17 | C6: =_xlfn.XLOOKUP(A6,'AFC Data details'!$B:$B,'AFC Data details'!$D:$D) -> MOCKUP | D6: BW | E6: =VLOOKUP(A6,'AFC Data details'!$B:$P,15,0) -> 1.894 | F6: =SUMIFS('AFC Data details'!C:C,'AFC Data details'!$B:$B,'Element wise-detail Summary'!$A6) -> 1 | G6: =SUMIFS(Cast!$C:$C,Cast!$B:$B,'Element wise-detail Summary'!$A6) -> 1 | H6: =F6-G6 -> 0 | I6: =SUMIFS(Del!$C:$C,Del!$B:$B,'Element wise-detail Summary'!$A6) -> 1 | J6: =F6-I6 -> 0 | K6: =G6-I6 -> 0 | L6: =SUMIF(Ere!$B:$B,'Element wise-detail Summary'!$A6,Ere!$C:$C) -> 1 | M6: =F6-L6 -> 0 | N6: =I6*E6 -> 1.894 | Q6: Zone-5
A7: AMR-V17-T1C11-001 | B7: =VLOOKUP(A7,'AFC Data details'!$B:$E,4,0) -> V17 | C7: =_xlfn.XLOOKUP(A7,'AFC Data details'!$B:$B,'AFC Data details'!$D:$D) -> MOCKUP | D7: BW | E7: =VLOOKUP(A7,'AFC Data details'!$B:$P,15,0) -> 1.894 | F7: =SUMIFS('AFC Data details'!C:C,'AFC Data details'!$B:$B,'Element wise-detail Summary'!$A7) -> 1 | G7: =SUMIFS(Cast!$C:$C,Cast!$B:$B,'Element wise-detail Summary'!$A7) -> 1 | H7: =F7-G7 -> 0 | I7: =SUMIFS(Del!$C:$C,Del!$B:$B,'Element wise-detail Summary'!$A7) -> 1 | J7: =F7-I7 -> 0 | K7: =G7-I7 -> 0 | L7: =SUMIF(Ere!$B:$B,'Element wise-detail Summary'!$A7,Ere!$C:$C) -> 1 | M7: =F7-L7 -> 0 | N7: =I7*E7 -> 1.894
A8: AMR-V17-T1C11-003 | B8: =VLOOKUP(A8,'AFC Data details'!$B:$E,4,0) -> V17 | C8: =_xlfn.XLOOKUP(A8,'AFC Data details'!$B:$B,'AFC Data details'!$D:$D) -> MOCKUP | D8: BW | E8: =VLOOKUP(A8,'AFC Data details'!$B:$P,15,0) -> 1.977 | F8: =SUMIFS('AFC Data details'!C:C,'AFC Data details'!$B:$B,'Element wise-detail Summary'!$A8) -> 1 | G8: =SUMIFS(Cast!$C:$C,Cast!$B:$B,'Element wise-detail Summary'!$A8) -> 1 | H8: =F8-G8 -> 0 | I8: =SUMIFS(Del!$C:$C,Del!$B:$B,'Element wise-detail Summary'!$A8) -> 1 | J8: =F8-I8 -> 0 | K8: =G8-I8 -> 0 | L8: =SUMIF(Ere!$B:$B,'Element wise-detail Summary'!$A8,Ere!$C:$C) -> 1 | M8: =F8-L8 -> 0 | N8: =I8*E8 -> 1.977
A9: AMR-V17-T1C12-001 | B9: =VLOOKUP(A9,'AFC Data details'!$B:$E,4,0) -> V17 | C9: =_xlfn.XLOOKUP(A9,'AFC Data details'!$B:$B,'AFC Data details'!$D:$D) -> MOCKUP | D9: BW | E9: =VLOOKUP(A9,'AFC Data details'!$B:$P,15,0) -> 2.138 | F9: =SUMIFS('AFC Data details'!C:C,'AFC Data details'!$B:$B,'Element wise-detail Summary'!$A9) -> 1 | G9: =SUMIFS(Cast!$C:$C,Cast!$B:$B,'Element wise-detail Summary'!$A9) -> 1 | H9: =F9-G9 -> 0 | I9: =SUMIFS(Del!$C:$C,Del!$B:$B,'Element wise-detail Summary'!$A9) -> 1 | J9: =F9-I9 -> 0 | K9: =G9-I9 -> 0 | L9: =SUMIF(Ere!$B:$B,'Element wise-detail Summary'!$A9,Ere!$C:$C) -> 1 | M9: =F9-L9 -> 0 | N9: =I9*E9 -> 2.138
A10: AMR-V17-T1C13-001 | B10: =VLOOKUP(A10,'AFC Data details'!$B:$E,4,0) -> V17 | C10: =_xlfn.XLOOKUP(A10,'AFC Data details'!$B:$B,'AFC Data details'!$D:$D) -> MOCKUP | D10: BW | E10: =VLOOKUP(A10,'AFC Data details'!$B:$P,15,0) -> 1.991 | F10: =SUMIFS('AFC Data details'!C:C,'AFC Data details'!$B:$B,'Element wise-detail Summary'!$A10) -> 1 | G10: =SUMIFS(Cast!$C:$C,Cast!$B:$B,'Element wise-detail Summary'!$A10) -> 1 | H10: =F10-G10 -> 0 | I10: =SUMIFS(Del!$C:$C,Del!$B:$B,'Element wise-detail Summary'!$A10) -> 1 | J10: =F10-I10 -> 0 | K10: =G10-I10 -> 0 | L10: =SUMIF(Ere!$B:$B,'Element wise-detail Summary'!$A10,Ere!$C:$C) -> 1 | M10: =F10-L10 -> 0 | N10: =I10*E10 -> 1.991
A11: AMR-V17-T1C16-001 | B11: =VLOOKUP(A11,'AFC Data details'!$B:$E,4,0) -> V17 | C11: =_xlfn.XLOOKUP(A11,'AFC Data details'!$B:$B,'AFC Data details'!$D:$D) -> MOCKUP | D11: BW | E11: =VLOOKUP(A11,'AFC Data details'!$B:$P,15,0) -> 2.216 | F11: =SUMIFS('AFC Data details'!C:C,'AFC Data details'!$B:$B,'Element wise-detail Summary'!$A11) -> 1 | G11: =SUMIFS(Cast!$C:$C,Cast!$B:$B,'Element wise-detail Summary'!$A11) -> 1 | H11: =F11-G11 -> 0 | I11: =SUMIFS(Del!$C:$C,Del!$B:$B,'Element wise-detail Summary'!$A11) -> 1 | J11: =F11-I11 -> 0 | K11: =G11-I11 -> 0 | L11: =SUMIF(Ere!$B:$B,'Element wise-detail Summary'!$A11,Ere!$C:$C) -> 1 | M11: =F11-L11 -> 0 | N11: =I11*E11 -> 2.216
A12: AMR-V17-T2C1-001 | B12: =VLOOKUP(A12,'AFC Data details'!$B:$E,4,0) -> V17 | C12: =_xlfn.XLOOKUP(A12,'AFC Data details'!$B:$B,'AFC Data details'!$D:$D) -> MOCKUP | D12: BW | E12: =VLOOKUP(A12,'AFC Data details'!$B:$P,15,0) -> 1.413 | F12: =SUMIFS('AFC Data details'!C:C,'AFC Data details'!$B:$B,'Element wise-detail Summary'!$A12) -> 1 | G12: =SUMIFS(Cast!$C:$C,Cast!$B:$B,'Element wise-detail Summary'!$A12) -> 1 | H12: =F12-G12 -> 0 | I12: =SUMIFS(Del!$C:$C,Del!$B:$B,'Element wise-detail Summary'!$A12) -> 1 | J12: =F12-I12 -> 0 | K12: =G12-I12 -> 0 | L12: =SUMIF(Ere!$B:$B,'Element wise-detail Summary'!$A12,Ere!$C:$C) -> 1 | M12: =F12-L12 -> 0 | N12: =I12*E12 -> 1.413
A13: AMR-V17-T3C6-001 | B13: =VLOOKUP(A13,'AFC Data details'!$B:$E,4,0) -> V17 | C13: =_xlfn.XLOOKUP(A13,'AFC Data details'!$B:$B,'AFC Data details'!$D:$D) -> MOCKUP | D13: BW | E13: =VLOOKUP(A13,'AFC Data details'!$B:$P,15,0) -> 1.69 | F13: =SUMIFS('AFC Data details'!C:C,'AFC Data details'!$B:$B,'Element wise-detail Summary'!$A13) -> 1 | G13: =SUMIFS(Cast!$C:$C,Cast!$B:$B,'Element wise-detail Summary'!$A13) -> 1 | H13: =F13-G13 -> 0 | I13: =SUMIFS(Del!$C:$C,Del!$B:$B,'Element wise-detail Summary'!$A13) -> 1 | J13: =F13-I13 -> 0 | K13: =G13-I13 -> 0 | L13: =SUMIF(Ere!$B:$B,'Element wise-detail Summary'!$A13,Ere!$C:$C) -> 1 | M13: =F13-L13 -> 0 | N13: =I13*E13 -> 1.69
A14: AMR-V17-T3C6-002 | B14: =VLOOKUP(A14,'AFC Data details'!$B:$E,4,0) -> V17 | C14: =_xlfn.XLOOKUP(A14,'AFC Data details'!$B:$B,'AFC Data details'!$D:$D) -> MOCKUP | D14: BW | E14: =VLOOKUP(A14,'AFC Data details'!$B:$P,15,0) -> 1.69 | F14: =SUMIFS('AFC Data details'!C:C,'AFC Data details'!$B:$B,'Element wise-detail Summary'!$A14) -> 1 | G14: =SUMIFS(Cast!$C:$C,Cast!$B:$B,'Element wise-detail Summary'!$A14) -> 1 | H14: =F14-G14 -> 0 | I14: =SUMIFS(Del!$C:$C,Del!$B:$B,'Element wise-detail Summary'!$A14) -> 1 | J14: =F14-I14 -> 0 | K14: =G14-I14 -> 0 | L14: =SUMIF(Ere!$B:$B,'Element wise-detail Summary'!$A14,Ere!$C:$C) -> 1 | M14: =F14-L14 -> 0 | N14: =I14*E14 -> 1.69
A15: AMR-V17-T3C6-003 | B15: =VLOOKUP(A15,'AFC Data details'!$B:$E,4,0) -> V17 | C15: =_xlfn.XLOOKUP(A15,'AFC Data details'!$B:$B,'AFC Data details'!$D:$D) -> MOCKUP | D15: BW | E15: =VLOOKUP(A15,'AFC Data details'!$B:$P,15,0) -> 1.862 | F15: =SUMIFS('AFC Data details'!C:C,'AFC Data details'!$B:$B,'Element wise-detail Summary'!$A15) -> 1 | G15: =SUMIFS(Cast!$C:$C,Cast!$B:$B,'Element wise-detail Summary'!$A15) -> 1 | H15: =F15-G15 -> 0 | I15: =SUMIFS(Del!$C:$C,Del!$B:$B,'Element wise-detail Summary'!$A15) -> 1 | J15: =F15-I15 -> 0 | K15: =G15-I15 -> 0 | L15: =SUMIF(Ere!$B:$B,'Element wise-detail Summary'!$A15,Ere!$C:$C) -> 1 | M15: =F15-L15 -> 0 | N15: =I15*E15 -> 1.862
A16: AMR-V18-T1C3-001 | B16: =VLOOKUP(A16,'AFC Data details'!$B:$E,4,0) -> V18 | C16: =_xlfn.XLOOKUP(A16,'AFC Data details'!$B:$B,'AFC Data details'!$D:$D) -> MOCKUP | D16: BW | E16: =VLOOKUP(A16,'AFC Data details'!$B:$P,15,0) -> 1.251 | F16: =SUMIFS('AFC Data details'!C:C,'AFC Data details'!$B:$B,'Element wise-detail Summary'!$A16) -> 1 | G16: =SUMIFS(Cast!$C:$C,Cast!$B:$B,'Element wise-detail Summary'!$A16) -> 1 | H16: =F16-G16 -> 0 | I16: =SUMIFS(Del!$C:$C,Del!$B:$B,'Element wise-detail Summary'!$A16) -> 1 | J16: =F16-I16 -> 0 | K16: =G16-I16 -> 0 | L16: =SUMIF(Ere!$B:$B,'Element wise-detail Summary'!$A16,Ere!$C:$C) -> 1 | M16: =F16-L16 -> 0 | N16: =I16*E16 -> 1.251
A17: AMR-V18-T1C10-001 | B17: =VLOOKUP(A17,'AFC Data details'!$B:$E,4,0) -> V18 | C17: =_xlfn.XLOOKUP(A17,'AFC Data details'!$B:$B,'AFC Data details'!$D:$D) -> MOCKUP | D17: BW | E17: =VLOOKUP(A17,'AFC Data details'!$B:$P,15,0) -> 1.595 | F17: =SUMIFS('AFC Data details'!C:C,'AFC Data details'!$B:$B,'Element wise-detail Summary'!$A17) -> 1 | G17: =SUMIFS(Cast!$C:$C,Cast!$B:$B,'Element wise-detail Summary'!$A17) -> 1 | H17: =F17-G17 -> 0 | I17: =SUMIFS(Del!$C:$C,Del!$B:$B,'Element wise-detail Summary'!$A17) -> 1 | J17: =F17-I17 -> 0 | K17: =G17-I17 -> 0 | L17: =SUMIF(Ere!$B:$B,'Element wise-detail Summary'!$A17,Ere!$C:$C) -> 1 | M17: =F17-L17 -> 0 | N17: =I17*E17 -> 1.595
A18: AMR-V18-T1C10-002 | B18: =VLOOKUP(A18,'AFC Data details'!$B:$E,4,0) -> V18 | C18: =_xlfn.XLOOKUP(A18,'AFC Data details'!$B:$B,'AFC Data details'!$D:$D) -> MOCKUP | D18: BW | E18: =VLOOKUP(A18,'AFC Data details'!$B:$P,15,0) -> 1.617 | F18: =SUMIFS('AFC Data details'!C:C,'AFC Data details'!$B:$B,'Element wise-detail Summary'!$A18) -> 1 | G18: =SUMIFS(Cast!$C:$C,Cast!$B:$B,'Element wise-detail Summary'!$A18) -> 1 | H18: =F18-G18 -> 0 | I18: =SUMIFS(Del!$C:$C,Del!$B:$B,'Element wise-detail Summary'!$A18) -> 1 | J18: =F18-I18 -> 0 | K18: =G18-I18 -> 0 | L18: =SUMIF(Ere!$B:$B,'Element wise-detail Summary'!$A18,Ere!$C:$C) -> 1 | M18: =F18-L18 -> 0 | N18: =I18*E18 -> 1.617
... A30: AMR-V18-T3C6-001 | B30: =VLOOKUP(A30,'AFC Data details'!$B:$E,4,0) -> V18 | C30: =_xlfn.XLOOKUP(A30,'AFC Data details'!$B:$B,'AFC Data details'!$D:$D) -> MOCKUP | D30: BW | E30: =VLOOKUP(A30,'AFC Data details'!$B:$P,15,0) -> 1.858 | F30: =SUMIFS('AFC Data details'!C:C,'AFC Data details'!$B:$B,'Element wise-detail Summary'!$A30) -> 1 | G30: =SUMIFS(Cast!$C:$C,Cast!$B:$B,'Element wise-detail Summary'!$A30) -> 1 | H30: =F30-G30 -> 0 | I30: =SUMIFS(Del!$C:$C,Del!$B:$B,'Element wise-detail Summary'!$A30) -> 1 | J30: =F30-I30 -> 0 | K30: =G30-I30 -> 0 | L30: =SUMIF(Ere!$B:$B,'Element wise-detail Summary'!$A30,Ere!$C:$C) -> 1 | M30: =F30-L30 -> 0 | N30: =I30*E30 -> 1.858
A31: AZ1-V19-T1C10-001 | B31: =VLOOKUP(A31,'AFC Data details'!$B:$E,4,0) -> V19 | C31: Zone-1 | D31: BW | E31: =VLOOKUP(A31,'AFC Data details'!$B:$P,15,0) -> 1.33 | F31: =SUMIFS('AFC Data details'!C:C,'AFC Data details'!$B:$B,'Element wise-detail Summary'!$A31) -> 1 | G31: =SUMIFS(Cast!$C:$C,Cast!$B:$B,'Element wise-detail Summary'!$A31) -> 1 | H31: =F31-G31 -> 0 | I31: =SUMIFS(Del!$C:$C,Del!$B:$B,'Element wise-detail Summary'!$A31) -> 1 | J31: =F31-I31 -> 0 | K31: =G31-I31 -> 0 | L31: =SUMIF(Ere!$B:$B,'Element wise-detail Summary'!$A31,Ere!$C:$C) -> 1 | M31: =F31-L31 -> 0 | N31: =I31*E31 -> 1.33
A32: AZ1-V19-T1C10-002 | B32: =VLOOKUP(A32,'AFC Data details'!$B:$E,4,0) -> V19 | C32: Zone-1 | D32: BW | E32: =VLOOKUP(A32,'AFC Data details'!$B:$P,15,0) -> 1.33 | F32: =SUMIFS('AFC Data details'!C:C,'AFC Data details'!$B:$B,'Element wise-detail Summary'!$A32) -> 1 | G32: =SUMIFS(Cast!$C:$C,Cast!$B:$B,'Element wise-detail Summary'!$A32) -> 1 | H32: =F32-G32 -> 0 | I32: =SUMIFS(Del!$C:$C,Del!$B:$B,'Element wise-detail Summary'!$A32) -> 1 | J32: =F32-I32 -> 0 | K32: =G32-I32 -> 0 | L32: =SUMIF(Ere!$B:$B,'Element wise-detail Summary'!$A32,Ere!$C:$C) -> 1 | M32: =F32-L32 -> 0 | N32: =I32*E32 -> 1.33
A33: AZ1-V19-T1C10-003 | B33: =VLOOKUP(A33,'AFC Data details'!$B:$E,4,0) -> V19 | C33: Zone-1 | D33: BW | E33: =VLOOKUP(A33,'AFC Data details'!$B:$P,15,0) -> 1.73 | F33: =SUMIFS('AFC Data details'!C:C,'AFC Data details'!$B:$B,'Element wise-detail Summary'!$A33) -> 1 | G33: =SUMIFS(Cast!$C:$C,Cast!$B:$B,'Element wise-detail Summary'!$A33) -> 1 | H33: =F33-G33 -> 0 | I33: =SUMIFS(Del!$C:$C,Del!$B:$B,'Element wise-detail Summary'!$A33) -> 1 | J33: =F33-I33 -> 0 | K33: =G33-I33 -> 0 | L33: =SUMIF(Ere!$B:$B,'Element wise-detail Summary'!$A33,Ere!$C:$C) -> 1 | M33: =F33-L33 -> 0 | N33: =I33*E33 -> 1.73
A34: AZ1-V19-T1C11-001 | B34: =VLOOKUP(A34,'AFC Data details'!$B:$E,4,0) -> V19 | C34: Zone-1 | D34: BW | E34: =VLOOKUP(A34,'AFC Data details'!$B:$P,15,0) -> 1.949 | F34: =SUMIFS('AFC Data details'!C:C,'AFC Data details'!$B:$B,'Element wise-detail Summary'!$A34) -> 1 | G34: =SUMIFS(Cast!$C:$C,Cast!$B:$B,'Element wise-detail Summary'!$A34) -> 1 | H34: =F34-G34 -> 0 | I34: =SUMIFS(Del!$C:$C,Del!$B:$B,'Element wise-detail Summary'!$A34) -> 1 | J34: =F34-I34 -> 0 | K34: =G34-I34 -> 0 | L34: =SUMIF(Ere!$B:$B,'Element wise-detail Summary'!$A34,Ere!$C:$C) -> 1 | M34: =F34-L34 -> 0 | N34: =I34*E34 -> 1.949
A35: AZ1-V19-T1C12S-001 | B35: =VLOOKUP(A35,'AFC Data details'!$B:$E,4,0) -> V19 | C35: Zone-1 | D35: BW | E35: =VLOOKUP(A35,'AFC Data details'!$B:$P,15,0) -> 2.508 | F35: =SUMIFS('AFC Data details'!C:C,'AFC Data details'!$B:$B,'Element wise-detail Summary'!$A35) -> 1 | G35: =SUMIFS(Cast!$C:$C,Cast!$B:$B,'Element wise-detail Summary'!$A35) -> 1 | H35: =F35-G35 -> 0 | I35: =SUMIFS(Del!$C:$C,Del!$B:$B,'Element wise-detail Summary'!$A35) -> 1 | J35: =F35-I35 -> 0 | K35: =G35-I35 -> 0 | L35: =SUMIF(Ere!$B:$B,'Element wise-detail Summary'!$A35,Ere!$C:$C) -> 0 | M35: =F35-L35 -> 1 | N35: =I35*E35 -> 2.508
A36: AZ1-V19-T1C15S-001 | B36: =VLOOKUP(A36,'AFC Data details'!$B:$E,4,0) -> V19 | C36: Zone-1 | D36: BW | E36: =VLOOKUP(A36,'AFC Data details'!$B:$P,15,0) -> 2.848 | F36: =SUMIFS('AFC Data details'!C:C,'AFC Data details'!$B:$B,'Element wise-detail Summary'!$A36) -> 1 | G36: =SUMIFS(Cast!$C:$C,Cast!$B:$B,'Element wise-detail Summary'!$A36) -> 1 | H36: =F36-G36 -> 0 | I36: =SUMIFS(Del!$C:$C,Del!$B:$B,'Element wise-detail Summary'!$A36) -> 1 | J36: =F36-I36 -> 0 | K36: =G36-I36 -> 0 | L36: =SUMIF(Ere!$B:$B,'Element wise-detail Summary'!$A36,Ere!$C:$C) -> 1 | M36: =F36-L36 -> 0 | N36: =I36*E36 -> 2.848
A37: AZ1-V19-T1C15S-002 | B37: =VLOOKUP(A37,'AFC Data details'!$B:$E,4,0) -> V19 | C37: Zone-1 | D37: BW | E37: =VLOOKUP(A37,'AFC Data details'!$B:$P,15,0) -> 2.923 | F37: =SUMIFS('AFC Data details'!C:C,'AFC Data details'!$B:$B,'Element wise-detail Summary'!$A37) -> 1 | G37: =SUMIFS(Cast!$C:$C,Cast!$B:$B,'Element wise-detail Summary'!$A37) -> 1 | H37: =F37-G37 -> 0 | I37: =SUMIFS(Del!$C:$C,Del!$B:$B,'Element wise-detail Summary'!$A37) -> 1 | J37: =F37-I37 -> 0 | K37: =G37-I37 -> 0 | L37: =SUMIF(Ere!$B:$B,'Element wise-detail Summary'!$A37,Ere!$C:$C) -> 1 | M37: =F37-L37 -> 0 | N37: =I37*E37 -> 2.923
A38: AZ1-V19-T1C15S-003 | B38: =VLOOKUP(A38,'AFC Data details'!$B:$E,4,0) -> V19 | C38: Zone-1 | D38: BW | E38: =VLOOKUP(A38,'AFC Data details'!$B:$P,15,0) -> 2.923 | F38: =SUMIFS('AFC Data details'!C:C,'AFC Data details'!$B:$B,'Element wise-detail Summary'!$A38) -> 1 | G38: =SUMIFS(Cast!$C:$C,Cast!$B:$B,'Element wise-detail Summary'!$A38) -> 1 | H38: =F38-G38 -> 0 | I38: =SUMIFS(Del!$C:$C,Del!$B:$B,'Element wise-detail Summary'!$A38) -> 1 | J38: =F38-I38 -> 0 | K38: =G38-I38 -> 0 | L38: =SUMIF(Ere!$B:$B,'Element wise-detail Summary'!$A38,Ere!$C:$C) -> 1 | M38: =F38-L38 -> 0 | N38: =I38*E38 -> 2.923
A39: AZ1-V19-T1C17-001 | B39: =VLOOKUP(A39,'AFC Data details'!$B:$E,4,0) -> V19 | C39: Zone-1 | D39: BW | E39: =VLOOKUP(A39,'AFC Data details'!$B:$P,15,0) -> 2.635 | F39: =SUMIFS('AFC Data details'!C:C,'AFC Data details'!$B:$B,'Element wise-detail Summary'!$A39) -> 1 | G39: =SUMIFS(Cast!$C:$C,Cast!$B:$B,'Element wise-detail Summary'!$A39) -> 1 | H39: =F39-G39 -> 0 | I39: =SUMIFS(Del!$C:$C,Del!$B:$B,'Element wise-detail Summary'!$A39) -> 1 | J39: =F39-I39 -> 0 | K39: =G39-I39 -> 0 | L39: =SUMIF(Ere!$B:$B,'Element wise-detail Summary'!$A39,Ere!$C:$C) -> 1 | M39: =F39-L39 -> 0 | N39: =I39*E39 -> 2.635
A40: AZ1-V19-T1C18-001 | B40: =VLOOKUP(A40,'AFC Data details'!$B:$E,4,0) -> V19 | C40: Zone-1 | D40: BW | E40: =VLOOKUP(A40,'AFC Data details'!$B:$P,15,0) -> 2.96 | F40: =SUMIFS('AFC Data details'!C:C,'AFC Data details'!$B:$B,'Element wise-detail Summary'!$A40) -> 1 | G40: =SUMIFS(Cast!$C:$C,Cast!$B:$B,'Element wise-detail Summary'!$A40) -> 1 | H40: =F40-G40 -> 0 | I40: =SUMIFS(Del!$C:$C,Del!$B:$B,'Element wise-detail Summary'!$A40) -> 1 | J40: =F40-I40 -> 0 | K40: =G40-I40 -> 0 | L40: =SUMIF(Ere!$B:$B,'Element wise-detail Summary'!$A40,Ere!$C:$C) -> 1 | M40: =F40-L40 -> 0 | N40: =I40*E40 -> 2.96
A41: AZ1-V19-T1C18-002 | B41: =VLOOKUP(A41,'AFC Data details'!$B:$E,4,0) -> V19 | C41: Zone-1 | D41: BW | E41: =VLOOKUP(A41,'AFC Data details'!$B:$P,15,0) -> 3.032 | F41: =SUMIFS('AFC Data details'!C:C,'AFC Data details'!$B:$B,'Element wise-detail Summary'!$A41) -> 1 | G41: =SUMIFS(Cast!$C:$C,Cast!$B:$B,'Element wise-detail Summary'!$A41) -> 1 | H41: =F41-G41 -> 0 | I41: =SUMIFS(Del!$C:$C,Del!$B:$B,'Element wise-detail Summary'!$A41) -> 1 | J41: =F41-I41 -> 0 | K41: =G41-I41 -> 0 | L41: =SUMIF(Ere!$B:$B,'Element wise-detail Summary'!$A41,Ere!$C:$C) -> 1 | M41: =F41-L41 -> 0 | N41: =I41*E41 -> 3.032
A42: AZ1-V19-T1C18-003 | B42: =VLOOKUP(A42,'AFC Data details'!$B:$E,4,0) -> V19 | C42: Zone-1 | D42: BW | E42: =VLOOKUP(A42,'AFC Data details'!$B:$P,15,0) -> 3.103 | F42: =SUMIFS('AFC Data details'!C:C,'AFC Data details'!$B:$B,'Element wise-detail Summary'!$A42) -> 1 | G42: =SUMIFS(Cast!$C:$C,Cast!$B:$B,'Element wise-detail Summary'!$A42) -> 1 | H42: =F42-G42 -> 0 | I42: =SUMIFS(Del!$C:$C,Del!$B:$B,'Element wise-detail Summary'!$A42) -> 1 | J42: =F42-I42 -> 0 | K42: =G42-I42 -> 0 | L42: =SUMIF(Ere!$B:$B,'Element wise-detail Summary'!$A42,Ere!$C:$C) -> 1 | M42: =F42-L42 -> 0 | N42: =I42*E42 -> 3.103
... A1050: AZ8-PV44-T3C4-001 | B1050: =VLOOKUP(A1050,'AFC Data details'!$B:$E,4,0) -> PV44 | C1050: Zone-8 | D1050: BW | E1050: =VLOOKUP(A1050,'AFC Data details'!$B:$P,15,0) -> 1.421 | F1050: =SUMIFS('AFC Data details'!C:C,'AFC Data details'!$B:$B,'Element wise-detail Summary'!$A1050) -> 1 | G1050: =SUMIFS(Cast!$C:$C,Cast!$B:$B,'Element wise-detail Summary'!$A1050) -> 1 | H1050: =F1050-G1050 -> 0 | I1050: =SUMIFS(Del!$C:$C,Del!$B:$B,'Element wise-detail Summary'!$A1050) -> 0 | J1050: =F1050-I1050 -> 1 | K1050: =G1050-I1050 -> 1 | L1050: =SUMIF(Ere!$B:$B,'Element wise-detail Summary'!$A1050,Ere!$C:$C) -> 0 | M1050: =F1050-L1050 -> 1 | N1050: =I1050*E1050 -> 0
A1051: AZ4-V01-T1C19-001 | B1051: =VLOOKUP(A1051,'AFC Data details'!$B:$E,4,0) -> V01 | C1051: Zone-4 | D1051: BW | E1051: =VLOOKUP(A1051,'AFC Data details'!$B:$P,15,0) -> 4.232 | F1051: =SUMIFS('AFC Data details'!C:C,'AFC Data details'!$B:$B,'Element wise-detail Summary'!$A1051) -> 1 | G1051: =SUMIFS(Cast!$C:$C,Cast!$B:$B,'Element wise-detail Summary'!$A1051) -> 1 | H1051: =F1051-G1051 -> 0 | I1051: =SUMIFS(Del!$C:$C,Del!$B:$B,'Element wise-detail Summary'!$A1051) -> 1 | J1051: =F1051-I1051 -> 0 | K1051: =G1051-I1051 -> 0 | L1051: =SUMIF(Ere!$B:$B,'Element wise-detail Summary'!$A1051,Ere!$C:$C) -> 1 | M1051: =F1051-L1051 -> 0
A1052: AZ4-V01-T1C19-002 | B1052: =VLOOKUP(A1052,'AFC Data details'!$B:$E,4,0) -> V01 | C1052: Zone-4 | D1052: BW | E1052: =VLOOKUP(A1052,'AFC Data details'!$B:$P,15,0) -> 4.286 | F1052: =SUMIFS('AFC Data details'!C:C,'AFC Data details'!$B:$B,'Element wise-detail Summary'!$A1052) -> 1 | G1052: =SUMIFS(Cast!$C:$C,Cast!$B:$B,'Element wise-detail Summary'!$A1052) -> 1 | H1052: =F1052-G1052 -> 0 | I1052: =SUMIFS(Del!$C:$C,Del!$B:$B,'Element wise-detail Summary'!$A1052) -> 1 | J1052: =F1052-I1052 -> 0 | K1052: =G1052-I1052 -> 0 | L1052: =SUMIF(Ere!$B:$B,'Element wise-detail Summary'!$A1052,Ere!$C:$C) -> 1 | M1052: =F1052-L1052 -> 0
A1053: AZ4-V01-T1C19-003 | B1053: =VLOOKUP(A1053,'AFC Data details'!$B:$E,4,0) -> V01 | C1053: Zone-4 | D1053: BW | E1053: =VLOOKUP(A1053,'AFC Data details'!$B:$P,15,0) -> 4.286 | F1053: =SUMIFS('AFC Data details'!C:C,'AFC Data details'!$B:$B,'Element wise-detail Summary'!$A1053) -> 1 | G1053: =SUMIFS(Cast!$C:$C,Cast!$B:$B,'Element wise-detail Summary'!$A1053) -> 1 | H1053: =F1053-G1053 -> 0 | I1053: =SUMIFS(Del!$C:$C,Del!$B:$B,'Element wise-detail Summary'!$A1053) -> 1 | J1053: =F1053-I1053 -> 0 | K1053: =G1053-I1053 -> 0 | L1053: =SUMIF(Ere!$B:$B,'Element wise-detail Summary'!$A1053,Ere!$C:$C) -> 1 | M1053: =F1053-L1053 -> 0
A1054: AZ4-V01-T1C19-004 | B1054: =VLOOKUP(A1054,'AFC Data details'!$B:$E,4,0) -> V01 | C1054: Zone-4 | D1054: BW | E1054: =VLOOKUP(A1054,'AFC Data details'!$B:$P,15,0) -> 4.286 | F1054: =SUMIFS('AFC Data details'!C:C,'AFC Data details'!$B:$B,'Element wise-detail Summary'!$A1054) -> 1 | G1054: =SUMIFS(Cast!$C:$C,Cast!$B:$B,'Element wise-detail Summary'!$A1054) -> 1 | H1054: =F1054-G1054 -> 0 | I1054: =SUMIFS(Del!$C:$C,Del!$B:$B,'Element wise-detail Summary'!$A1054) -> 1 | J1054: =F1054-I1054 -> 0 | K1054: =G1054-I1054 -> 0 | L1054: =SUMIF(Ere!$B:$B,'Element wise-detail Summary'!$A1054,Ere!$C:$C) -> 1 | M1054: =F1054-L1054 -> 0
A1055: AZ4-V01-T1C19-005 | B1055: =VLOOKUP(A1055,'AFC Data details'!$B:$E,4,0) -> V01 | C1055: Zone-4 | D1055: BW | E1055: =VLOOKUP(A1055,'AFC Data details'!$B:$P,15,0) -> 4.286 | F1055: =SUMIFS('AFC Data details'!C:C,'AFC Data details'!$B:$B,'Element wise-detail Summary'!$A1055) -> 1 | G1055: =SUMIFS(Cast!$C:$C,Cast!$B:$B,'Element wise-detail Summary'!$A1055) -> 1 | H1055: =F1055-G1055 -> 0 | I1055: =SUMIFS(Del!$C:$C,Del!$B:$B,'Element wise-detail Summary'!$A1055) -> 1 | J1055: =F1055-I1055 -> 0 | K1055: =G1055-I1055 -> 0 | L1055: =SUMIF(Ere!$B:$B,'Element wise-detail Summary'!$A1055,Ere!$C:$C) -> 1 | M1055: =F1055-L1055 -> 0
A1056: AZ4-V01-T1C19-006 | B1056: =VLOOKUP(A1056,'AFC Data details'!$B:$E,4,0) -> V01 | C1056: Zone-4 | D1056: BW | E1056: =VLOOKUP(A1056,'AFC Data details'!$B:$P,15,0) -> 3.822 | F1056: =SUMIFS('AFC Data details'!C:C,'AFC Data details'!$B:$B,'Element wise-detail Summary'!$A1056) -> 1 | G1056: =SUMIFS(Cast!$C:$C,Cast!$B:$B,'Element wise-detail Summary'!$A1056) -> 1 | H1056: =F1056-G1056 -> 0 | I1056: =SUMIFS(Del!$C:$C,Del!$B:$B,'Element wise-detail Summary'!$A1056) -> 1 | J1056: =F1056-I1056 -> 0 | K1056: =G1056-I1056 -> 0 | L1056: =SUMIF(Ere!$B:$B,'Element wise-detail Summary'!$A1056,Ere!$C:$C) -> 1 | M1056: =F1056-L1056 -> 0
A1057: AZ4-V01-T1C19-007 | B1057: =VLOOKUP(A1057,'AFC Data details'!$B:$E,4,0) -> V01 | C1057: Zone-4 | D1057: BW | E1057: =VLOOKUP(A1057,'AFC Data details'!$B:$P,15,0) -> 2.672 | F1057: =SUMIFS('AFC Data details'!C:C,'AFC Data details'!$B:$B,'Element wise-detail Summary'!$A1057) -> 1 | G1057: =SUMIFS(Cast!$C:$C,Cast!$B:$B,'Element wise-detail Summary'!$A1057) -> 1 | H1057: =F1057-G1057 -> 0 | I1057: =SUMIFS(Del!$C:$C,Del!$B:$B,'Element wise-detail Summary'!$A1057) -> 1 | J1057: =F1057-I1057 -> 0 | K1057: =G1057-I1057 -> 0 | L1057: =SUMIF(Ere!$B:$B,'Element wise-detail Summary'!$A1057,Ere!$C:$C) -> 1 | M1057: =F1057-L1057 -> 0
A1058: AZ4-V02-T1C19-001 | B1058: V02 | C1058: Zone-4 | D1058: BW | E1058: =VLOOKUP(A1058,'AFC Data details'!$B:$P,15,0) -> 1.95 | F1058: =SUMIFS('AFC Data details'!C:C,'AFC Data details'!$B:$B,'Element wise-detail Summary'!$A1058) -> 1 | G1058: =SUMIFS(Cast!$C:$C,Cast!$B:$B,'Element wise-detail Summary'!$A1058) -> 1 | H1058: =F1058-G1058 -> 0 | I1058: =SUMIFS(Del!$C:$C,Del!$B:$B,'Element wise-detail Summary'!$A1058) -> 1 | J1058: =F1058-I1058 -> 0 | K1058: =G1058-I1058 -> 0 | L1058: =SUMIF(Ere!$B:$B,'Element wise-detail Summary'!$A1058,Ere!$C:$C) -> 1 | M1058: =F1058-L1058 -> 0
A1059: AZ8-PV45-T2C3-001 | B1059: =VLOOKUP(A1059,'AFC Data details'!$B:$E,4,0) -> PV45 | C1059: Zone-8 | D1059: BW | E1059: =VLOOKUP(A1059,'AFC Data details'!$B:$P,15,0) -> 1.652 | F1059: =SUMIFS('AFC Data details'!C:C,'AFC Data details'!$B:$B,'Element wise-detail Summary'!$A1059) -> 1 | G1059: =SUMIFS(Cast!$C:$C,Cast!$B:$B,'Element wise-detail Summary'!$A1059) -> 1 | H1059: =F1059-G1059 -> 0 | I1059: =SUMIFS(Del!$C:$C,Del!$B:$B,'Element wise-detail Summary'!$A1059) -> 0 | J1059: =F1059-I1059 -> 1 | K1059: =G1059-I1059 -> 1 | L1059: =SUMIF(Ere!$B:$B,'Element wise-detail Summary'!$A1059,Ere!$C:$C) -> 0 | M1059: =F1059-L1059 -> 1
A1060: AZ8-PV45-T1C19-001 | B1060: =VLOOKUP(A1060,'AFC Data details'!$B:$E,4,0) -> PV45 | C1060: Zone-8 | D1060: BW | E1060: =VLOOKUP(A1060,'AFC Data details'!$B:$P,15,0) -> 2.833 | F1060: =SUMIFS('AFC Data details'!C:C,'AFC Data details'!$B:$B,'Element wise-detail Summary'!$A1060) -> 1 | G1060: =SUMIFS(Cast!$C:$C,Cast!$B:$B,'Element wise-detail Summary'!$A1060) -> 1 | H1060: =F1060-G1060 -> 0 | I1060: =SUMIFS(Del!$C:$C,Del!$B:$B,'Element wise-detail Summary'!$A1060) -> 0 | J1060: =F1060-I1060 -> 1 | K1060: =G1060-I1060 -> 1 | L1060: =SUMIF(Ere!$B:$B,'Element wise-detail Summary'!$A1060,Ere!$C:$C) -> 0 | M1060: =F1060-L1060 -> 1
A1061: AZ8-PV45-T1C2-001 | B1061: =VLOOKUP(A1061,'AFC Data details'!$B:$E,4,0) -> PV45 | C1061: Zone-8 | D1061: BW | E1061: =VLOOKUP(A1061,'AFC Data details'!$B:$P,15,0) -> 1.214 | F1061: =SUMIFS('AFC Data details'!C:C,'AFC Data details'!$B:$B,'Element wise-detail Summary'!$A1061) -> 1 | G1061: =SUMIFS(Cast!$C:$C,Cast!$B:$B,'Element wise-detail Summary'!$A1061) -> 1 | H1061: =F1061-G1061 -> 0 | I1061: =SUMIFS(Del!$C:$C,Del!$B:$B,'Element wise-detail Summary'!$A1061) -> 0 | J1061: =F1061-I1061 -> 1 | K1061: =G1061-I1061 -> 1 | L1061: =SUMIF(Ere!$B:$B,'Element wise-detail Summary'!$A1061,Ere!$C:$C) -> 0 | M1061: =F1061-L1061 -> 1
A1062: AZ8-PV45-T1C2-002 | B1062: =VLOOKUP(A1062,'AFC Data details'!$B:$E,4,0) -> PV45 | C1062: Zone-8 | D1062: BW | E1062: =VLOOKUP(A1062,'AFC Data details'!$B:$P,15,0) -> 1.189 | F1062: =SUMIFS('AFC Data details'!C:C,'AFC Data details'!$B:$B,'Element wise-detail Summary'!$A1062) -> 1 | G1062: =SUMIFS(Cast!$C:$C,Cast!$B:$B,'Element wise-detail Summary'!$A1062) -> 1 | H1062: =F1062-G1062 -> 0 | I1062: =SUMIFS(Del!$C:$C,Del!$B:$B,'Element wise-detail Summary'!$A1062) -> 0 | J1062: =F1062-I1062 -> 1 | K1062: =G1062-I1062 -> 1 | L1062: =SUMIF(Ere!$B:$B,'Element wise-detail Summary'!$A1062,Ere!$C:$C) -> 0 | M1062: =F1062-L1062 -> 1
A1063: AZ8-PV45-T1C19-002 | B1063: =VLOOKUP(A1063,'AFC Data details'!$B:$E,4,0) -> PV45 | C1063: Zone-8 | D1063: BW | E1063: =VLOOKUP(A1063,'AFC Data details'!$B:$P,15,0) -> 2.833 | F1063: =SUMIFS('AFC Data details'!C:C,'AFC Data details'!$B:$B,'Element wise-detail Summary'!$A1063) -> 1 | G1063: =SUMIFS(Cast!$C:$C,Cast!$B:$B,'Element wise-detail Summary'!$A1063) -> 1 | H1063: =F1063-G1063 -> 0 | I1063: =SUMIFS(Del!$C:$C,Del!$B:$B,'Element wise-detail Summary'!$A1063) -> 0 | J1063: =F1063-I1063 -> 1 | K1063: =G1063-I1063 -> 1 | L1063: =SUMIF(Ere!$B:$B,'Element wise-detail Summary'!$A1063,Ere!$C:$C) -> 0 | M1063: =F1063-L1063 -> 1
A1064: AZ8-PV45-T1C19-003 | B1064: =VLOOKUP(A1064,'AFC Data details'!$B:$E,4,0) -> PV45 | C1064: Zone-8 | D1064: BW | E1064: =VLOOKUP(A1064,'AFC Data details'!$B:$P,15,0) -> 2.833 | F1064: =SUMIFS('AFC Data details'!C:C,'AFC Data details'!$B:$B,'Element wise-detail Summary'!$A1064) -> 1 | G1064: =SUMIFS(Cast!$C:$C,Cast!$B:$B,'Element wise-detail Summary'!$A1064) -> 1 | H1064: =F1064-G1064 -> 0 | I1064: =SUMIFS(Del!$C:$C,Del!$B:$B,'Element wise-detail Summary'!$A1064) -> 0 | J1064: =F1064-I1064 -> 1 | K1064: =G1064-I1064 -> 1 | L1064: =SUMIF(Ere!$B:$B,'Element wise-detail Summary'!$A1064,Ere!$C:$C) -> 0 | M1064: =F1064-L1064 -> 1
A1065: AZ8-PV45-T1C2-003 | B1065: =VLOOKUP(A1065,'AFC Data details'!$B:$E,4,0) -> PV45 | C1065: Zone-8 | D1065: BW | E1065: =VLOOKUP(A1065,'AFC Data details'!$B:$P,15,0) -> 1.189 | F1065: =SUMIFS('AFC Data details'!C:C,'AFC Data details'!$B:$B,'Element wise-detail Summary'!$A1065) -> 1 | G1065: =SUMIFS(Cast!$C:$C,Cast!$B:$B,'Element wise-detail Summary'!$A1065) -> 1 | H1065: =F1065-G1065 -> 0 | I1065: =SUMIFS(Del!$C:$C,Del!$B:$B,'Element wise-detail Summary'!$A1065) -> 0 | J1065: =F1065-I1065 -> 1 | K1065: =G1065-I1065 -> 1 | L1065: =SUMIF(Ere!$B:$B,'Element wise-detail Summary'!$A1065,Ere!$C:$C) -> 0 | M1065: =F1065-L1065 -> 1
A1066: AZ8-PV45-T1C19-004 | B1066: =VLOOKUP(A1066,'AFC Data details'!$B:$E,4,0) -> PV45 | C1066: Zone-8 | D1066: BW | E1066: =VLOOKUP(A1066,'AFC Data details'!$B:$P,15,0) -> 2.833 | F1066: =SUMIFS('AFC Data details'!C:C,'AFC Data details'!$B:$B,'Element wise-detail Summary'!$A1066) -> 1 | G1066: =SUMIFS(Cast!$C:$C,Cast!$B:$B,'Element wise-detail Summary'!$A1066) -> 1 | H1066: =F1066-G1066 -> 0 | I1066: =SUMIFS(Del!$C:$C,Del!$B:$B,'Element wise-detail Summary'!$A1066) -> 0 | J1066: =F1066-I1066 -> 1 | K1066: =G1066-I1066 -> 1 | L1066: =SUMIF(Ere!$B:$B,'Element wise-detail Summary'!$A1066,Ere!$C:$C) -> 0 | M1066: =F1066-L1066 -> 1
A1067: AZ8-PV46-T1C2-001 | B1067: =VLOOKUP(A1067,'AFC Data details'!$B:$E,4,0) -> PV46 | C1067: Zone-8 | D1067: BW | E1067: =VLOOKUP(A1067,'AFC Data details'!$B:$P,15,0) -> 1.101 | F1067: =SUMIFS('AFC Data details'!C:C,'AFC Data details'!$B:$B,'Element wise-detail Summary'!$A1067) -> 1 | G1067: =SUMIFS(Cast!$C:$C,Cast!$B:$B,'Element wise-detail Summary'!$A1067) -> 1 | H1067: =F1067-G1067 -> 0 | I1067: =SUMIFS(Del!$C:$C,Del!$B:$B,'Element wise-detail Summary'!$A1067) -> 0 | J1067: =F1067-I1067 -> 1 | K1067: =G1067-I1067 -> 1 | L1067: =SUMIF(Ere!$B:$B,'Element wise-detail Summary'!$A1067,Ere!$C:$C) -> 0 | M1067: =F1067-L1067 -> 1
A1068: AZ8-PV44-T1C7-001 | B1068: =VLOOKUP(A1068,'AFC Data details'!$B:$E,4,0) -> PV44 | C1068: Zone-8 | D1068: BW | E1068: =VLOOKUP(A1068,'AFC Data details'!$B:$P,15,0) -> 2.565 | F1068: =SUMIFS('AFC Data details'!C:C,'AFC Data details'!$B:$B,'Element wise-detail Summary'!$A1068) -> 1 | G1068: =SUMIFS(Cast!$C:$C,Cast!$B:$B,'Element wise-detail Summary'!$A1068) -> 1 | H1068: =F1068-G1068 -> 0 | I1068: =SUMIFS(Del!$C:$C,Del!$B:$B,'Element wise-detail Summary'!$A1068) -> 0 | J1068: =F1068-I1068 -> 1 | K1068: =G1068-I1068 -> 1 | L1068: =SUMIF(Ere!$B:$B,'Element wise-detail Summary'!$A1068,Ere!$C:$C) -> 0 | M1068: =F1068-L1068 -> 1
A1069: AZ8-PV44-T1C7-002 | B1069: =VLOOKUP(A1069,'AFC Data details'!$B:$E,4,0) -> PV44 | C1069: Zone-8 | D1069: BW | E1069: =VLOOKUP(A1069,'AFC Data details'!$B:$P,15,0) -> 2.565 | F1069: =SUMIFS('AFC Data details'!C:C,'AFC Data details'!$B:$B,'Element wise-detail Summary'!$A1069) -> 1 | G1069: =SUMIFS(Cast!$C:$C,Cast!$B:$B,'Element wise-detail Summary'!$A1069) -> 1 | H1069: =F1069-G1069 -> 0 | I1069: =SUMIFS(Del!$C:$C,Del!$B:$B,'Element wise-detail Summary'!$A1069) -> 0 | J1069: =F1069-I1069 -> 1 | K1069: =G1069-I1069 -> 1 | L1069: =SUMIF(Ere!$B:$B,'Element wise-detail Summary'!$A1069,Ere!$C:$C) -> 0 | M1069: =F1069-L1069 -> 1
A1070: AZ8-PV44-T1C7-003 | B1070: =VLOOKUP(A1070,'AFC Data details'!$B:$E,4,0) -> PV44 | C1070: Zone-8 | D1070: BW | E1070: =VLOOKUP(A1070,'AFC Data details'!$B:$P,15,0) -> 2.565 | F1070: =SUMIFS('AFC Data details'!C:C,'AFC Data details'!$B:$B,'Element wise-detail Summary'!$A1070) -> 1 | G1070: =SUMIFS(Cast!$C:$C,Cast!$B:$B,'Element wise-detail Summary'!$A1070) -> 1 | H1070: =F1070-G1070 -> 0 | I1070: =SUMIFS(Del!$C:$C,Del!$B:$B,'Element wise-detail Summary'!$A1070) -> 0 | J1070: =F1070-I1070 -> 1 | K1070: =G1070-I1070 -> 1 | L1070: =SUMIF(Ere!$B:$B,'Element wise-detail Summary'!$A1070,Ere!$C:$C) -> 0 | M1070: =F1070-L1070 -> 1
... A1113: AZ4-V03-T3C4-001 | B1113: =VLOOKUP(A1113,'AFC Data details'!$B:$E,4,0) -> V03 | C1113: Zone-4 | D1113: BW | E1113: =VLOOKUP(A1113,'AFC Data details'!$B:$P,15,0) -> 1.469 | F1113: =SUMIFS('AFC Data details'!C:C,'AFC Data details'!$B:$B,'Element wise-detail Summary'!$A1113) -> 1 | G1113: =SUMIFS(Cast!$C:$C,Cast!$B:$B,'Element wise-detail Summary'!$A1113) -> 1 | H1113: =F1113-G1113 -> 0 | I1113: =SUMIFS(Del!$C:$C,Del!$B:$B,'Element wise-detail Summary'!$A1113) -> 1 | J1113: =F1113-I1113 -> 0 | K1113: =G1113-I1113 -> 0 | L1113: =SUMIF(Ere!$B:$B,'Element wise-detail Summary'!$A1113,Ere!$C:$C) -> 1 | M1113: =F1113-L1113 -> 0

Sheet Cast
A1: Date | B1: Element ID | C1: Qty | D1: Villa No. | E1: Zone | F1: Element Check | G1: Remarks | H1: VOL | I1: =SUBTOTAL(9,C:C) -> 1110 | L1: =MAXA(A:A) -> 46148
A2: 45897 | B2: AMR-V18-T1C16-001 | C2: 1 | D2: =VLOOKUP(B2,'Element wise-detail Summary'!$A:$D,2,0) -> V18 | E2: =IFERROR(VLOOKUP(B2,'Element wise-detail Summary'!$A:$D,3,0),0) -> MOCKUP | F2: =VLOOKUP(B2,'AFC Data details'!$B:$B,1,0) -> AMR-V18-T1C16-001 | H2: =_xlfn.XLOOKUP(B2,'AFC Data details'!B:B,'AFC Data details'!P:P) -> 2.138
A3: 45897 | B3: AMR-V17-T1C10-001 | C3: 1 | D3: =VLOOKUP(B3,'Element wise-detail Summary'!$A:$D,2,0) -> V17 | E3: =IFERROR(VLOOKUP(B3,'Element wise-detail Summary'!$A:$D,3,0),0) -> MOCKUP | F3: =VLOOKUP(B3,'AFC Data details'!$B:$B,1,0) -> AMR-V17-T1C10-001 | H3: =_xlfn.XLOOKUP(B3,'AFC Data details'!B:B,'AFC Data details'!P:P) -> 1.787
A4: 45897 | B4: AMR-V18-T1C10-002 | C4: 1 | D4: =VLOOKUP(B4,'Element wise-detail Summary'!$A:$D,2,0) -> V18 | E4: =IFERROR(VLOOKUP(B4,'Element wise-detail Summary'!$A:$D,3,0),0) -> MOCKUP | F4: =VLOOKUP(B4,'AFC Data details'!$B:$B,1,0) -> AMR-V18-T1C10-002 | H4: =_xlfn.XLOOKUP(B4,'AFC Data details'!B:B,'AFC Data details'!P:P) -> 1.617
A5: 45897 | B5: AMR-V17-T1C11-003 | C5: 1 | D5: =VLOOKUP(B5,'Element wise-detail Summary'!$A:$D,2,0) -> V17 | E5: =IFERROR(VLOOKUP(B5,'Element wise-detail Summary'!$A:$D,3,0),0) -> MOCKUP | F5: =VLOOKUP(B5,'AFC Data details'!$B:$B,1,0) -> AMR-V17-T1C11-003 | H5: =_xlfn.XLOOKUP(B5,'AFC Data details'!B:B,'AFC Data details'!P:P) -> 1.977
A6: 45899 | B6: AMR-V18-T3C3-001 | C6: 1 | D6: =VLOOKUP(B6,'Element wise-detail Summary'!$A:$D,2,0) -> V18 | E6: =IFERROR(VLOOKUP(B6,'Element wise-detail Summary'!$A:$D,3,0),0) -> MOCKUP | F6: =VLOOKUP(B6,'AFC Data details'!$B:$B,1,0) -> AMR-V18-T3C3-001 | H6: =_xlfn.XLOOKUP(B6,'AFC Data details'!B:B,'AFC Data details'!P:P) -> 1.462
A7: 45899 | B7: AMR-V18-T3C3-002 | C7: 1 | D7: =VLOOKUP(B7,'Element wise-detail Summary'!$A:$D,2,0) -> V18 | E7: =IFERROR(VLOOKUP(B7,'Element wise-detail Summary'!$A:$D,3,0),0) -> MOCKUP | F7: =VLOOKUP(B7,'AFC Data details'!$B:$B,1,0) -> AMR-V18-T3C3-002 | H7: =_xlfn.XLOOKUP(B7,'AFC Data details'!B:B,'AFC Data details'!P:P) -> 1.462
A8: 45899 | B8: AMR-V18-T3C3-003 | C8: 1 | D8: =VLOOKUP(B8,'Element wise-detail Summary'!$A:$D,2,0) -> V18 | E8: =IFERROR(VLOOKUP(B8,'Element wise-detail Summary'!$A:$D,3,0),0) -> MOCKUP | F8: =VLOOKUP(B8,'AFC Data details'!$B:$B,1,0) -> AMR-V18-T3C3-003 | H8: =_xlfn.XLOOKUP(B8,'AFC Data details'!B:B,'AFC Data details'!P:P) -> 1.462
A9: 45904 | B9: AMR-V18-T1C3-001 | C9: 1 | D9: =VLOOKUP(B9,'Element wise-detail Summary'!$A:$D,2,0) -> V18 | E9: =IFERROR(VLOOKUP(B9,'Element wise-detail Summary'!$A:$D,3,0),0) -> MOCKUP | F9: =VLOOKUP(B9,'AFC Data details'!$B:$B,1,0) -> AMR-V18-T1C3-001 | H9: =_xlfn.XLOOKUP(B9,'AFC Data details'!B:B,'AFC Data details'!P:P) -> 1.251
A10: 45904 | B10: AMR-V17-T2C1-001 | C10: 1 | D10: =VLOOKUP(B10,'Element wise-detail Summary'!$A:$D,2,0) -> V17 | E10: =IFERROR(VLOOKUP(B10,'Element wise-detail Summary'!$A:$D,3,0),0) -> MOCKUP | F10: =VLOOKUP(B10,'AFC Data details'!$B:$B,1,0) -> AMR-V17-T2C1-001 | H10: =_xlfn.XLOOKUP(B10,'AFC Data details'!B:B,'AFC Data details'!P:P) -> 1.413
A11: 45910 | B11: AMR-V17-T3C6-002 | C11: 1 | D11: =VLOOKUP(B11,'Element wise-detail Summary'!$A:$D,2,0) -> V17 | E11: =IFERROR(VLOOKUP(B11,'Element wise-detail Summary'!$A:$D,3,0),0) -> MOCKUP | F11: =VLOOKUP(B11,'AFC Data details'!$B:$B,1,0) -> AMR-V17-T3C6-002 | H11: =_xlfn.XLOOKUP(B11,'AFC Data details'!B:B,'AFC Data details'!P:P) -> 1.69
A12: 45911 | B12: AMR-V17-T1C10-002 | C12: 1 | D12: =VLOOKUP(B12,'Element wise-detail Summary'!$A:$D,2,0) -> V17 | E12: =IFERROR(VLOOKUP(B12,'Element wise-detail Summary'!$A:$D,3,0),0) -> MOCKUP | F12: =VLOOKUP(B12,'AFC Data details'!$B:$B,1,0) -> AMR-V17-T1C10-002 | H12: =_xlfn.XLOOKUP(B12,'AFC Data details'!B:B,'AFC Data details'!P:P) -> 1.779
A13: 45911 | B13: AMR-V17-T3C6-001 | C13: 1 | D13: =VLOOKUP(B13,'Element wise-detail Summary'!$A:$D,2,0) -> V17 | E13: =IFERROR(VLOOKUP(B13,'Element wise-detail Summary'!$A:$D,3,0),0) -> MOCKUP | F13: =VLOOKUP(B13,'AFC Data details'!$B:$B,1,0) -> AMR-V17-T3C6-001 | H13: =_xlfn.XLOOKUP(B13,'AFC Data details'!B:B,'AFC Data details'!P:P) -> 1.69
... A1065: 46105 | B1065: AZ7-PV02-T3C6-002 | C1065: 1 | D1065: =VLOOKUP(B1065,'Element wise-detail Summary'!$A:$D,2,0) -> PV02 | E1065: =IFERROR(VLOOKUP(B1065,'Element wise-detail Summary'!$A:$D,3,0),0) -> Zone-7 | F1065: =VLOOKUP(B1065,'AFC Data details'!$B:$B,1,0) -> AZ7-PV02-T3C6-002 | H1065: =_xlfn.XLOOKUP(B1065,'AFC Data details'!B:B,'AFC Data details'!P:P) -> 1.242
A1066: 46105 | B1066: AZ1-V20-T1C6-001 | C1066: 0 | D1066: =VLOOKUP(B1066,'Element wise-detail Summary'!$A:$D,2,0) -> V20 | E1066: =IFERROR(VLOOKUP(B1066,'Element wise-detail Summary'!$A:$D,3,0),0) -> Zone-1 | F1066: =VLOOKUP(B1066,'AFC Data details'!$B:$B,1,0) -> AZ1-V20-T1C6-001 | H1066: =_xlfn.XLOOKUP(B1066,'AFC Data details'!B:B,'AFC Data details'!P:P) -> 2.097 | I1066: RECAST
A1067: 46106 | B1067: AZ6-PV34-T3C4-001 | C1067: 1 | D1067: =VLOOKUP(B1067,'Element wise-detail Summary'!$A:$D,2,0) -> PV34 | E1067: =IFERROR(VLOOKUP(B1067,'Element wise-detail Summary'!$A:$D,3,0),0) -> Zone-6 | F1067: =VLOOKUP(B1067,'AFC Data details'!$B:$B,1,0) -> AZ6-PV34-T3C4-001 | H1067: =_xlfn.XLOOKUP(B1067,'AFC Data details'!B:B,'AFC Data details'!P:P) -> 1.291
A1068: 46106 | B1068: AZ7-PV14-T3C4-002 | C1068: 1 | D1068: =VLOOKUP(B1068,'Element wise-detail Summary'!$A:$D,2,0) -> PV14 | E1068: =IFERROR(VLOOKUP(B1068,'Element wise-detail Summary'!$A:$D,3,0),0) -> Zone-7 | F1068: =VLOOKUP(B1068,'AFC Data details'!$B:$B,1,0) -> AZ7-PV14-T3C4-002 | H1068: =_xlfn.XLOOKUP(B1068,'AFC Data details'!B:B,'AFC Data details'!P:P) -> 1.411
A1069: 46107 | B1069: AZ6-PV35-T3C4-001 | C1069: 1 | D1069: =VLOOKUP(B1069,'Element wise-detail Summary'!$A:$D,2,0) -> PV35 | E1069: =IFERROR(VLOOKUP(B1069,'Element wise-detail Summary'!$A:$D,3,0),0) -> Zone-6 | F1069: =VLOOKUP(B1069,'AFC Data details'!$B:$B,1,0) -> AZ6-PV35-T3C4-001 | H1069: =_xlfn.XLOOKUP(B1069,'AFC Data details'!B:B,'AFC Data details'!P:P) -> 1.395
A1070: 46107 | B1070: AZ7-PV12-T3C4-002 | C1070: 1 | D1070: =VLOOKUP(B1070,'Element wise-detail Summary'!$A:$D,2,0) -> PV12 | E1070: =IFERROR(VLOOKUP(B1070,'Element wise-detail Summary'!$A:$D,3,0),0) -> Zone-7 | F1070: =VLOOKUP(B1070,'AFC Data details'!$B:$B,1,0) -> AZ7-PV12-T3C4-002 | H1070: =_xlfn.XLOOKUP(B1070,'AFC Data details'!B:B,'AFC Data details'!P:P) -> 1.371
A1071: 46109 | B1071: AZ6-PV35-T3C4-002 | C1071: 1 | D1071: =VLOOKUP(B1071,'Element wise-detail Summary'!$A:$D,2,0) -> PV35 | E1071: =IFERROR(VLOOKUP(B1071,'Element wise-detail Summary'!$A:$D,3,0),0) -> Zone-6 | F1071: =VLOOKUP(B1071,'AFC Data details'!$B:$B,1,0) -> AZ6-PV35-T3C4-002 | H1071: =_xlfn.XLOOKUP(B1071,'AFC Data details'!B:B,'AFC Data details'!P:P) -> 1.285
A1072: 46109 | B1072: AZ6-PV33-T3C4-001 | C1072: 0 | D1072: =VLOOKUP(B1072,'Element wise-detail Summary'!$A:$D,2,0) -> PV33 | E1072: =IFERROR(VLOOKUP(B1072,'Element wise-detail Summary'!$A:$D,3,0),0) -> Zone-6 | F1072: =VLOOKUP(B1072,'AFC Data details'!$B:$B,1,0) -> AZ6-PV33-T3C4-001 | H1072: =_xlfn.XLOOKUP(B1072,'AFC Data details'!B:B,'AFC Data details'!P:P) -> 1.378
A1073: 46110 | B1073: AZ7-PV13-T3C4-001 | C1073: 1 | D1073: =VLOOKUP(B1073,'Element wise-detail Summary'!$A:$D,2,0) -> PV13 | E1073: =IFERROR(VLOOKUP(B1073,'Element wise-detail Summary'!$A:$D,3,0),0) -> Zone-7 | F1073: =VLOOKUP(B1073,'AFC Data details'!$B:$B,1,0) -> AZ7-PV13-T3C4-001 | H1073: =_xlfn.XLOOKUP(B1073,'AFC Data details'!B:B,'AFC Data details'!P:P) -> 1.399
A1074: 46111 | B1074: AZ6-PV27-T3C4-001 | C1074: 1 | D1074: =VLOOKUP(B1074,'Element wise-detail Summary'!$A:$D,2,0) -> PV27 | E1074: =IFERROR(VLOOKUP(B1074,'Element wise-detail Summary'!$A:$D,3,0),0) -> Zone-6 | F1074: =VLOOKUP(B1074,'AFC Data details'!$B:$B,1,0) -> AZ6-PV27-T3C4-001 | H1074: =_xlfn.XLOOKUP(B1074,'AFC Data details'!B:B,'AFC Data details'!P:P) -> 1.296
A1075: 46111 | B1075: AZ7-PV15-T3C4-001 | C1075: 1 | D1075: =VLOOKUP(B1075,'Element wise-detail Summary'!$A:$D,2,0) -> PV15 | E1075: =IFERROR(VLOOKUP(B1075,'Element wise-detail Summary'!$A:$D,3,0),0) -> Zone-7 | F1075: =VLOOKUP(B1075,'AFC Data details'!$B:$B,1,0) -> AZ7-PV15-T3C4-001 | H1075: =_xlfn.XLOOKUP(B1075,'AFC Data details'!B:B,'AFC Data details'!P:P) -> 1.382
A1076: 46112 | B1076: AZ6-PV33-T3C4-002 | C1076: 1 | D1076: =VLOOKUP(B1076,'Element wise-detail Summary'!$A:$D,2,0) -> PV33 | E1076: =IFERROR(VLOOKUP(B1076,'Element wise-detail Summary'!$A:$D,3,0),0) -> Zone-6 | F1076: =VLOOKUP(B1076,'AFC Data details'!$B:$B,1,0) -> AZ6-PV33-T3C4-002 | H1076: =_xlfn.XLOOKUP(B1076,'AFC Data details'!B:B,'AFC Data details'!P:P) -> 1.265
A1077: 46113 | B1077: AZ6-PV18-T3C4-001 | C1077: 1 | D1077: =VLOOKUP(B1077,'Element wise-detail Summary'!$A:$D,2,0) -> PV18 | E1077: =IFERROR(VLOOKUP(B1077,'Element wise-detail Summary'!$A:$D,3,0),0) -> Zone-6 | F1077: =VLOOKUP(B1077,'AFC Data details'!$B:$B,1,0) -> AZ6-PV18-T3C4-001 | H1077: =_xlfn.XLOOKUP(B1077,'AFC Data details'!B:B,'AFC Data details'!P:P) -> 1.214
A1078: 46113 | B1078: AZ7-PV16-T3C4-002 | C1078: 1 | D1078: =VLOOKUP(B1078,'Element wise-detail Summary'!$A:$D,2,0) -> PV16 | E1078: =IFERROR(VLOOKUP(B1078,'Element wise-detail Summary'!$A:$D,3,0),0) -> Zone-7 | F1078: =VLOOKUP(B1078,'AFC Data details'!$B:$B,1,0) -> AZ7-PV16-T3C4-002 | H1078: =_xlfn.XLOOKUP(B1078,'AFC Data details'!B:B,'AFC Data details'!P:P) -> 1.332
... A1113: 46132 | B1113: AZ8-PV45-T1C3-001 | C1113: 1 | D1113: =VLOOKUP(B1113,'Element wise-detail Summary'!$A:$D,2,0) -> PV45 | E1113: =IFERROR(VLOOKUP(B1113,'Element wise-detail Summary'!$A:$D,3,0),0) -> Zone-8 | F1113: =VLOOKUP(B1113,'AFC Data details'!$B:$B,1,0) -> AZ8-PV45-T1C3-001 | H1113: =_xlfn.XLOOKUP(B1113,'AFC Data details'!B:B,'AFC Data details'!P:P) -> 1.318
A1114: 46146 | B1114: AZ6-PV33-T1C6-003 | C1114: 1 | D1114: =VLOOKUP(B1114,'Element wise-detail Summary'!$A:$D,2,0) -> PV33 | E1114: =IFERROR(VLOOKUP(B1114,'Element wise-detail Summary'!$A:$D,3,0),0) -> Zone-6 | F1114: =VLOOKUP(B1114,'AFC Data details'!$B:$B,1,0) -> AZ6-PV33-T1C6-003 | H1114: =_xlfn.XLOOKUP(B1114,'AFC Data details'!B:B,'AFC Data details'!P:P) -> 2.084 | I1114: RECAST NCR#168
A1115: 46148 | B1115: AZ6-PV33-T3C4-001 | C1115: 1 | D1115: =VLOOKUP(B1115,'Element wise-detail Summary'!$A:$D,2,0) -> PV33 | E1115: =IFERROR(VLOOKUP(B1115,'Element wise-detail Summary'!$A:$D,3,0),0) -> Zone-6 | F1115: =VLOOKUP(B1115,'AFC Data details'!$B:$B,1,0) -> AZ6-PV33-T3C4-001 | H1115: =_xlfn.XLOOKUP(B1115,'AFC Data details'!B:B,'AFC Data details'!P:P) -> 1.378 | I1115: RECAST NCR#170

Sheet Del
A1: Date | B1: Element ID | C1: Del.Qty | D1: Del. Note No. | E1: Zone | F1: Element Check | G1: =SUBTOTAL(9,C:C) -> 635 | I1: =MAXA(A:A) -> 46241
A2: 45923 | B2: AMR-V17-T3C6-002 | C2: 1 | D2: SPBM-02070 | E2: =VLOOKUP(B2,'Element wise-detail Summary'!$A:$C,3,0) -> MOCKUP | F2: =VLOOKUP(B2,'AFC Data details'!$B:$B,1,0) -> AMR-V17-T3C6-002
A3: 45923 | B3: AMR-V17-T1C11-001 | C3: 1 | D3: SPBM-02070 | E3: =VLOOKUP(B3,'Element wise-detail Summary'!$A:$C,3,0) -> MOCKUP | F3: =VLOOKUP(B3,'AFC Data details'!$B:$B,1,0) -> AMR-V17-T1C11-001
A4: 45923 | B4: AZ1-V19-T1C15S-002 | C4: 1 | D4: SPBM-02070 | E4: =VLOOKUP(B4,'Element wise-detail Summary'!$A:$C,3,0) -> Zone-1 | F4: =VLOOKUP(B4,'AFC Data details'!$B:$B,1,0) -> AZ1-V19-T1C15S-002
A5: 45923 | B5: AMR-V17-T3C6-003 | C5: 1 | D5: SPBM-02070 | E5: =VLOOKUP(B5,'Element wise-detail Summary'!$A:$C,3,0) -> MOCKUP | F5: =VLOOKUP(B5,'AFC Data details'!$B:$B,1,0) -> AMR-V17-T3C6-003
A6: 45923 | B6: AZ1-V19-T2C1-001 | C6: 1 | D6: SPBM-02071 | E6: =VLOOKUP(B6,'Element wise-detail Summary'!$A:$C,3,0) -> Zone-1 | F6: =VLOOKUP(B6,'AFC Data details'!$B:$B,1,0) -> AZ1-V19-T2C1-001
A7: 45923 | B7: AMR-V17-T1C10-003 | C7: 1 | D7: SPBM-02071 | E7: =VLOOKUP(B7,'Element wise-detail Summary'!$A:$C,3,0) -> MOCKUP | F7: =VLOOKUP(B7,'AFC Data details'!$B:$B,1,0) -> AMR-V17-T1C10-003
A8: 45923 | B8: AMR-V18-T1C10-007 | C8: 1 | D8: SPBM-02071 | E8: =VLOOKUP(B8,'Element wise-detail Summary'!$A:$C,3,0) -> MOCKUP | F8: =VLOOKUP(B8,'AFC Data details'!$B:$B,1,0) -> AMR-V18-T1C10-007
A9: 45923 | B9: AMR-V18-T1C10-003 | C9: 1 | D9: SPBM-02071 | E9: =VLOOKUP(B9,'Element wise-detail Summary'!$A:$C,3,0) -> MOCKUP | F9: =VLOOKUP(B9,'AFC Data details'!$B:$B,1,0) -> AMR-V18-T1C10-003
A10: 45929 | B10: AMR-V17-T1C10-002 | C10: 1 | D10: SPBM-02172 | E10: =VLOOKUP(B10,'Element wise-detail Summary'!$A:$C,3,0) -> MOCKUP | F10: =VLOOKUP(B10,'AFC Data details'!$B:$B,1,0) -> AMR-V17-T1C10-002
A11: 45929 | B11: AMR-V18-T1C3-001 | C11: 1 | D11: SPBM-02172 | E11: =VLOOKUP(B11,'Element wise-detail Summary'!$A:$C,3,0) -> MOCKUP | F11: =VLOOKUP(B11,'AFC Data details'!$B:$B,1,0) -> AMR-V18-T1C3-001
A12: 45929 | B12: AMR-V18-T3C3-003 | C12: 1 | D12: SPBM-02172 | E12: =VLOOKUP(B12,'Element wise-detail Summary'!$A:$C,3,0) -> MOCKUP | F12: =VLOOKUP(B12,'AFC Data details'!$B:$B,1,0) -> AMR-V18-T3C3-003
A13: 45929 | B13: AMR-V18-T3C3-001 | C13: 1 | D13: SPBM-02172 | E13: =VLOOKUP(B13,'Element wise-detail Summary'!$A:$C,3,0) -> MOCKUP | F13: =VLOOKUP(B13,'AFC Data details'!$B:$B,1,0) -> AMR-V18-T3C3-001
... A28: 45936 | B28: AMR-V18-T1C10-002 | C28: 1 | D28: SPBM-02340 | E28: =VLOOKUP(B28,'Element wise-detail Summary'!$A:$C,3,0) -> MOCKUP | F28: =VLOOKUP(B28,'AFC Data details'!$B:$B,1,0) -> AMR-V18-T1C10-002
A29: 45936 | B29: AMR-V17-T1C12-001 | C29: 1 | E29: =VLOOKUP(B29,'Element wise-detail Summary'!$A:$C,3,0) -> MOCKUP | F29: =VLOOKUP(B29,'AFC Data details'!$B:$B,1,0) -> AMR-V17-T1C12-001
A30: 45936 | B30: AMR-V18-T1C16-001 | C30: 1 | E30: =VLOOKUP(B30,'Element wise-detail Summary'!$A:$C,3,0) -> MOCKUP | F30: =VLOOKUP(B30,'AFC Data details'!$B:$B,1,0) -> AMR-V18-T1C16-001
A31: 45936 | B31: AMR-V18-T3C6-001 | C31: 1 | E31: =VLOOKUP(B31,'Element wise-detail Summary'!$A:$C,3,0) -> MOCKUP | F31: =VLOOKUP(B31,'AFC Data details'!$B:$B,1,0) -> AMR-V18-T3C6-001
A32: 45946 | B32: AZ1-V21-T3C4-001 | C32: 1 | D32: SPBM-02564 | E32: =VLOOKUP(B32,'Element wise-detail Summary'!$A:$C,3,0) -> Zone-1 | F32: =VLOOKUP(B32,'AFC Data details'!$B:$B,1,0) -> AZ1-V21-T3C4-001
A33: 45946 | B33: AZ1-V21-T3C4-002 | C33: 1 | D33: SPBM-02564 | E33: =VLOOKUP(B33,'Element wise-detail Summary'!$A:$C,3,0) -> Zone-1 | F33: =VLOOKUP(B33,'AFC Data details'!$B:$B,1,0) -> AZ1-V21-T3C4-002
A34: 45946 | B34: AZ1-V21-T1C6-005 | C34: 1 | D34: SPBM-02564 | E34: =VLOOKUP(B34,'Element wise-detail Summary'!$A:$C,3,0) -> Zone-1 | F34: =VLOOKUP(B34,'AFC Data details'!$B:$B,1,0) -> AZ1-V21-T1C6-005
A35: 45946 | B35: AZ1-V21-T1C6-006 | C35: 1 | D35: SPBM-02564 | E35: =VLOOKUP(B35,'Element wise-detail Summary'!$A:$C,3,0) -> Zone-1 | F35: =VLOOKUP(B35,'AFC Data details'!$B:$B,1,0) -> AZ1-V21-T1C6-006
A36: 45955 | B36: AZ1-V22-T3C4-001 | C36: 1 | D36: SPBM-02777 | E36: =VLOOKUP(B36,'Element wise-detail Summary'!$A:$C,3,0) -> Zone-1 | F36: =VLOOKUP(B36,'AFC Data details'!$B:$B,1,0) -> AZ1-V22-T3C4-001
A37: 45955 | B37: AZ1-V22-T1C6-005 | C37: 1 | D37: SPBM-02777 | E37: =VLOOKUP(B37,'Element wise-detail Summary'!$A:$C,3,0) -> Zone-1 | F37: =VLOOKUP(B37,'AFC Data details'!$B:$B,1,0) -> AZ1-V22-T1C6-005
A38: 45955 | B38: AZ1-V23-T1C6-005 | C38: 1 | D38: SPBM-02777 | E38: =VLOOKUP(B38,'Element wise-detail Summary'!$A:$C,3,0) -> Zone-1 | F38: =VLOOKUP(B38,'AFC Data details'!$B:$B,1,0) -> AZ1-V23-T1C6-005
A39: 45955 | B39: AZ1-V23-T1C6-006 | C39: 1 | D39: SPBM-02777 | E39: =VLOOKUP(B39,'Element wise-detail Summary'!$A:$C,3,0) -> Zone-1 | F39: =VLOOKUP(B39,'AFC Data details'!$B:$B,1,0) -> AZ1-V23-T1C6-006
A40: 45955 | B40: AZ1-V23-T3C4-002 | C40: 1 | D40: SPBM-02779 | E40: =VLOOKUP(B40,'Element wise-detail Summary'!$A:$C,3,0) -> Zone-1 | F40: =VLOOKUP(B40,'AFC Data details'!$B:$B,1,0) -> AZ1-V23-T3C4-002
A41: 45955 | B41: AZ1-V23-T3C4-001 | C41: 1 | D41: SPBM-02779 | E41: =VLOOKUP(B41,'Element wise-detail Summary'!$A:$C,3,0) -> Zone-1 | F41: =VLOOKUP(B41,'AFC Data details'!$B:$B,1,0) -> AZ1-V23-T3C4-001
A42: 45955 | B42: AZ1-V24-T1C1-001 | C42: 1 | D42: SPBM-02779 | E42: =VLOOKUP(B42,'Element wise-detail Summary'!$A:$C,3,0) -> Zone-1 | F42: =VLOOKUP(B42,'AFC Data details'!$B:$B,1,0) -> AZ1-V24-T1C1-001
A43: 45955 | B43: AZ1-V24-T3C4-002 | C43: 1 | D43: SPBM-02779 | E43: =VLOOKUP(B43,'Element wise-detail Summary'!$A:$C,3,0) -> Zone-1 | F43: =VLOOKUP(B43,'AFC Data details'!$B:$B,1,0) -> AZ1-V24-T3C4-002
... A49: 45957 | B49: AZ1-V26-T1C6-006 | C49: 1 | D49: SPBM-02825 | E49: =VLOOKUP(B49,'Element wise-detail Summary'!$A:$C,3,0) -> Zone-1 | F49: =VLOOKUP(B49,'AFC Data details'!$B:$B,1,0) -> AZ1-V26-T1C6-006
B50: AZ1-V34-T1C2-001 | C50: 1 | E50: =VLOOKUP(B50,'Element wise-detail Summary'!$A:$C,3,0) -> Zone-1 | F50: =VLOOKUP(B50,'AFC Data details'!$B:$B,1,0) -> AZ1-V34-T1C2-001
B51: AZ1-V25-T2C1-001 | C51: 1 | E51: =VLOOKUP(B51,'Element wise-detail Summary'!$A:$C,3,0) -> Zone-1 | F51: =VLOOKUP(B51,'AFC Data details'!$B:$B,1,0) -> AZ1-V25-T2C1-001
B52: AZ1-V21-T1C1-001 | C52: 1 | E52: =VLOOKUP(B52,'Element wise-detail Summary'!$A:$C,3,0) -> Zone-1 | F52: =VLOOKUP(B52,'AFC Data details'!$B:$B,1,0) -> AZ1-V21-T1C1-001
B53: AZ1-V21-T2C1-001 | C53: 1 | E53: =VLOOKUP(B53,'Element wise-detail Summary'!$A:$C,3,0) -> Zone-1 | F53: =VLOOKUP(B53,'AFC Data details'!$B:$B,1,0) -> AZ1-V21-T2C1-001
B54: AZ1-V22-T1C6-006 | C54: 1 | E54: =VLOOKUP(B54,'Element wise-detail Summary'!$A:$C,3,0) -> Zone-1 | F54: =VLOOKUP(B54,'AFC Data details'!$B:$B,1,0) -> AZ1-V22-T1C6-006
B55: AZ1-V22-T3C4-002 | C55: 1 | E55: =VLOOKUP(B55,'Element wise-detail Summary'!$A:$C,3,0) -> Zone-1 | F55: =VLOOKUP(B55,'AFC Data details'!$B:$B,1,0) -> AZ1-V22-T3C4-002
B56: AZ1-V23-T2C1-001 | C56: 1 | E56: =VLOOKUP(B56,'Element wise-detail Summary'!$A:$C,3,0) -> Zone-1 | F56: =VLOOKUP(B56,'AFC Data details'!$B:$B,1,0) -> AZ1-V23-T2C1-001
B57: AZ1-V27-T2C1-001 | C57: 1 | E57: =VLOOKUP(B57,'Element wise-detail Summary'!$A:$C,3,0) -> Zone-1 | F57: =VLOOKUP(B57,'AFC Data details'!$B:$B,1,0) -> AZ1-V27-T2C1-001
B58: AZ1-V33-T2C1-001 | C58: 1 | E58: =VLOOKUP(B58,'Element wise-detail Summary'!$A:$C,3,0) -> Zone-1 | F58: =VLOOKUP(B58,'AFC Data details'!$B:$B,1,0) -> AZ1-V33-T2C1-001
B59: AZ1-V24-T1C6-005 | C59: 1 | E59: =VLOOKUP(B59,'Element wise-detail Summary'!$A:$C,3,0) -> Zone-1 | F59: =VLOOKUP(B59,'AFC Data details'!$B:$B,1,0) -> AZ1-V24-T1C6-005
B60: AZ1-V24-T1C6-006 | C60: 1 | E60: =VLOOKUP(B60,'Element wise-detail Summary'!$A:$C,3,0) -> Zone-1 | F60: =VLOOKUP(B60,'AFC Data details'!$B:$B,1,0) -> AZ1-V24-T1C6-006
B61: AZ1-V26-T3C4-001 | C61: 1 | E61: =VLOOKUP(B61,'Element wise-detail Summary'!$A:$C,3,0) -> Zone-1 | F61: =VLOOKUP(B61,'AFC Data details'!$B:$B,1,0) -> AZ1-V26-T3C4-001
... B99: AZ2-V35-T1C14-003 | C99: 1 | E99: =VLOOKUP(B99,'Element wise-detail Summary'!$A:$C,3,0) -> Zone-2 | F99: =VLOOKUP(B99,'AFC Data details'!$B:$B,1,0) -> AZ2-V35-T1C14-003
A100: 45971 | B100: AZ1-V34-T1C13-002 | C100: 1 | E100: =VLOOKUP(B100,'Element wise-detail Summary'!$A:$C,3,0) -> Zone-1 | F100: =VLOOKUP(B100,'AFC Data details'!$B:$B,1,0) -> AZ1-V34-T1C13-002
A101: 45982 | B101: AZ1-V34-T1C13-001 | C101: 1 | E101: =VLOOKUP(B101,'Element wise-detail Summary'!$A:$C,3,0) -> Zone-1 | F101: =VLOOKUP(B101,'AFC Data details'!$B:$B,1,0) -> AZ1-V34-T1C13-001
A102: 45982 | B102: AZ2-V35-T1C14-002 | C102: 1 | E102: =VLOOKUP(B102,'Element wise-detail Summary'!$A:$C,3,0) -> Zone-2 | F102: =VLOOKUP(B102,'AFC Data details'!$B:$B,1,0) -> AZ2-V35-T1C14-002
A103: 45982 | B103: AZ2-V36-T3C5-002 | C103: 1 | E103: =VLOOKUP(B103,'Element wise-detail Summary'!$A:$C,3,0) -> Zone-2 | F103: =VLOOKUP(B103,'AFC Data details'!$B:$B,1,0) -> AZ2-V36-T3C5-002
A104: 45982 | B104: AZ2-V36-T1C6-006 | C104: 1 | E104: =VLOOKUP(B104,'Element wise-detail Summary'!$A:$C,3,0) -> Zone-2 | F104: =VLOOKUP(B104,'AFC Data details'!$B:$B,1,0) -> AZ2-V36-T1C6-006
A105: 45991 | B105: AZ2-V42-T3C1-003 | C105: 1 | E105: =VLOOKUP(B105,'Element wise-detail Summary'!$A:$C,3,0) -> Zone-2 | F105: =VLOOKUP(B105,'AFC Data details'!$B:$B,1,0) -> AZ2-V42-T3C1-003
A106: 45991 | B106: AZ2-V42-T3C1-002 | C106: 1 | E106: =VLOOKUP(B106,'Element wise-detail Summary'!$A:$C,3,0) -> Zone-2 | F106: =VLOOKUP(B106,'AFC Data details'!$B:$B,1,0) -> AZ2-V42-T3C1-002
A107: 45991 | B107: AZ2-V42-T1C1-001 | C107: 1 | E107: =VLOOKUP(B107,'Element wise-detail Summary'!$A:$C,3,0) -> Zone-2 | F107: =VLOOKUP(B107,'AFC Data details'!$B:$B,1,0) -> AZ2-V42-T1C1-001
A108: 45991 | B108: AZ2-V41-T2C1-001 | C108: 1 | E108: =VLOOKUP(B108,'Element wise-detail Summary'!$A:$C,3,0) -> Zone-2 | F108: =VLOOKUP(B108,'AFC Data details'!$B:$B,1,0) -> AZ2-V41-T2C1-001
A109: 45995 | B109: AZ1-V21-T1C6-003 | C109: 1 | E109: =VLOOKUP(B109,'Element wise-detail Summary'!$A:$C,3,0) -> Zone-1 | F109: =VLOOKUP(B109,'AFC Data details'!$B:$B,1,0) -> AZ1-V21-T1C6-003
A110: 45995 | B110: AZ1-V21-T1C6-002 | C110: 1 | E110: =VLOOKUP(B110,'Element wise-detail Summary'!$A:$C,3,0) -> Zone-1 | F110: =VLOOKUP(B110,'AFC Data details'!$B:$B,1,0) -> AZ1-V21-T1C6-002
A111: 45995 | B111: AZ1-V22-T1C6-004 | C111: 1 | E111: =VLOOKUP(B111,'Element wise-detail Summary'!$A:$C,3,0) -> Zone-1 | F111: =VLOOKUP(B111,'AFC Data details'!$B:$B,1,0) -> AZ1-V22-T1C6-004
... A164: 46006 | B164: AZ1-V22-T1C6-001 | C164: 1 | E164: =VLOOKUP(B164,'Element wise-detail Summary'!$A:$C,3,0) -> Zone-1 | F164: =VLOOKUP(B164,'AFC Data details'!$B:$B,1,0) -> AZ1-V22-T1C6-001
A165: 46007 | B165: AZ1-V32-T1C2-001 | C165: 1 | D165: SPBM-04183 | E165: =VLOOKUP(B165,'Element wise-detail Summary'!$A:$C,3,0) -> Zone-1 | F165: =VLOOKUP(B165,'AFC Data details'!$B:$B,1,0) -> AZ1-V32-T1C2-001
A166: 46007 | B166: AZ1-V31-T2C1-001 | C166: 1 | D166: SPBM-04183 | E166: =VLOOKUP(B166,'Element wise-detail Summary'!$A:$C,3,0) -> Zone-1 | F166: =VLOOKUP(B166,'AFC Data details'!$B:$B,1,0) -> AZ1-V31-T2C1-001
A167: 46007 | B167: AZ1-V32-T1C6-004 | C167: 1 | D167: SPBM-04183 | E167: =VLOOKUP(B167,'Element wise-detail Summary'!$A:$C,3,0) -> Zone-1 | F167: =VLOOKUP(B167,'AFC Data details'!$B:$B,1,0) -> AZ1-V32-T1C6-004
A168: 46007 | B168: AZ1-V32-T1C6-002 | C168: 1 | D168: SPBM-04183 | E168: =VLOOKUP(B168,'Element wise-detail Summary'!$A:$C,3,0) -> Zone-1 | F168: =VLOOKUP(B168,'AFC Data details'!$B:$B,1,0) -> AZ1-V32-T1C6-002
A169: 46007 | B169: AZ1-V30-T1C6-003 | C169: 1 | D169: SPBM-04172 | E169: =VLOOKUP(B169,'Element wise-detail Summary'!$A:$C,3,0) -> Zone-1 | F169: =VLOOKUP(B169,'AFC Data details'!$B:$B,1,0) -> AZ1-V30-T1C6-003
A170: 46007 | B170: AZ1-V31-T1C6-003 | C170: 1 | D170: SPBM-04172 | E170: =VLOOKUP(B170,'Element wise-detail Summary'!$A:$C,3,0) -> Zone-1 | F170: =VLOOKUP(B170,'AFC Data details'!$B:$B,1,0) -> AZ1-V31-T1C6-003
A171: 46007 | B171: AZ1-V31-T1C6-002 | C171: 1 | D171: SPBM-04172 | E171: =VLOOKUP(B171,'Element wise-detail Summary'!$A:$C,3,0) -> Zone-1 | F171: =VLOOKUP(B171,'AFC Data details'!$B:$B,1,0) -> AZ1-V31-T1C6-002
A172: 46007 | B172: AZ1-V31-T1C6-004 | C172: 1 | D172: SPBM-04172 | E172: =VLOOKUP(B172,'Element wise-detail Summary'!$A:$C,3,0) -> Zone-1 | F172: =VLOOKUP(B172,'AFC Data details'!$B:$B,1,0) -> AZ1-V31-T1C6-004
A173: 46008 | B173: AZ1-V33-T1C6-001 | C173: 1 | D173: SPBM-04188 | E173: =VLOOKUP(B173,'Element wise-detail Summary'!$A:$C,3,0) -> Zone-1 | F173: =VLOOKUP(B173,'AFC Data details'!$B:$B,1,0) -> AZ1-V33-T1C6-001
A174: 46008 | B174: AZ1-V31-T1C6-001 | C174: 1 | D174: SPBM-04188 | E174: =VLOOKUP(B174,'Element wise-detail Summary'!$A:$C,3,0) -> Zone-1 | F174: =VLOOKUP(B174,'AFC Data details'!$B:$B,1,0) -> AZ1-V31-T1C6-001
A175: 46008 | B175: AZ1-V29-T1C6-004 | C175: 1 | D175: SPBM-04188 | E175: =VLOOKUP(B175,'Element wise-detail Summary'!$A:$C,3,0) -> Zone-1 | F175: =VLOOKUP(B175,'AFC Data details'!$B:$B,1,0) -> AZ1-V29-T1C6-004
A176: 46008 | B176: AZ1-V32-T1C6-001 | C176: 1 | D176: SPBM-04188 | E176: =VLOOKUP(B176,'Element wise-detail Summary'!$A:$C,3,0) -> Zone-1 | F176: =VLOOKUP(B176,'AFC Data details'!$B:$B,1,0) -> AZ1-V32-T1C6-001
... A267: 46042 | B267: AZ4-V14-T1C6-005 | C267: 1 | D267: SPBM-05193 | E267: =VLOOKUP(B267,'Element wise-detail Summary'!$A:$C,3,0) -> Zone-4 | F267: =VLOOKUP(B267,'AFC Data details'!$B:$B,1,0) -> AZ4-V14-T1C6-005
A268: 46042 | B268: AZ4-V12-T1C6-002 | C268: 0 | D268: SPBM-05193 | E268: =VLOOKUP(B268,'Element wise-detail Summary'!$A:$C,3,0) -> Zone-4 | F268: =VLOOKUP(B268,'AFC Data details'!$B:$B,1,0) -> AZ4-V12-T1C6-002 | G268: Delivery note to be checked
A269: 46042 | B269: AZ4-V12-T3C4-001 | C269: 1 | D269: SPBM-05196 | E269: =VLOOKUP(B269,'Element wise-detail Summary'!$A:$C,3,0) -> Zone-4 | F269: =VLOOKUP(B269,'AFC Data details'!$B:$B,1,0) -> AZ4-V12-T3C4-001
A270: 46042 | B270: AZ4-V07-T1C6-001 | C270: 1 | D270: SPBM-05196 | E270: =VLOOKUP(B270,'Element wise-detail Summary'!$A:$C,3,0) -> Zone-4 | F270: =VLOOKUP(B270,'AFC Data details'!$B:$B,1,0) -> AZ4-V07-T1C6-001
A271: 46042 | B271: AZ4-V13-T3C6-001 | C271: 1 | D271: SPBM-05196 | E271: =VLOOKUP(B271,'Element wise-detail Summary'!$A:$C,3,0) -> Zone-4 | F271: =VLOOKUP(B271,'AFC Data details'!$B:$B,1,0) -> AZ4-V13-T3C6-001
A272: 46042 | B272: AZ4-V08-T1C6-002 | C272: 1 | D272: SPBM-05196 | E272: =VLOOKUP(B272,'Element wise-detail Summary'!$A:$C,3,0) -> Zone-4 | F272: =VLOOKUP(B272,'AFC Data details'!$B:$B,1,0) -> AZ4-V08-T1C6-002
A273: 46043 | B273: AZ4-V04-T1C2-001 | C273: 1 | D273: SPBM-05248 | E273: =VLOOKUP(B273,'Element wise-detail Summary'!$A:$C,3,0) -> Zone-4 | F273: =VLOOKUP(B273,'AFC Data details'!$B:$B,1,0) -> AZ4-V04-T1C2-001
A274: 46043 | B274: AZ4-V04-T1C6-001 | C274: 1 | D274: SPBM-05248 | E274: =VLOOKUP(B274,'Element wise-detail Summary'!$A:$C,3,0) -> Zone-4 | F274: =VLOOKUP(B274,'AFC Data details'!$B:$B,1,0) -> AZ4-V04-T1C6-001
A275: 46043 | B275: AZ4-V08-T1C6-001 | C275: 1 | D275: SPBM-05248 | E275: =VLOOKUP(B275,'Element wise-detail Summary'!$A:$C,3,0) -> Zone-4 | F275: =VLOOKUP(B275,'AFC Data details'!$B:$B,1,0) -> AZ4-V08-T1C6-001
A276: 46043 | B276: AZ4-V08-T3C3-003 | C276: 1 | D276: SPBM-05248 | E276: =VLOOKUP(B276,'Element wise-detail Summary'!$A:$C,3,0) -> Zone-4 | F276: =VLOOKUP(B276,'AFC Data details'!$B:$B,1,0) -> AZ4-V08-T3C3-003
A277: 46044 | B277: AZ4-V10-T2C1-001 | C277: 1 | D277: SPBM-05284 | E277: =VLOOKUP(B277,'Element wise-detail Summary'!$A:$C,3,0) -> Zone-4 | F277: =VLOOKUP(B277,'AFC Data details'!$B:$B,1,0) -> AZ4-V10-T2C1-001
A278: 46044 | B278: AZ4-V07-T3C3S-004 | C278: 1 | D278: SPBM-05284 | E278: =VLOOKUP(B278,'Element wise-detail Summary'!$A:$C,3,0) -> Zone-4 | F278: =VLOOKUP(B278,'AFC Data details'!$B:$B,1,0) -> AZ4-V07-T3C3S-004
A279: 46044 | B279: AZ4-V08-T3C3-005 | C279: 1 | D279: SPBM-05284 | E279: =VLOOKUP(B279,'Element wise-detail Summary'!$A:$C,3,0) -> Zone-4 | F279: =VLOOKUP(B279,'AFC Data details'!$B:$B,1,0) -> AZ4-V08-T3C3-005
A280: 46044 | B280: AZ4-V08-T3C3-002 | C280: 1 | D280: SPBM-05284 | E280: =VLOOKUP(B280,'Element wise-detail Summary'!$A:$C,3,0) -> Zone-4 | F280: =VLOOKUP(B280,'AFC Data details'!$B:$B,1,0) -> AZ4-V08-T3C3-002
... A642: 46150 | B642: AZ6-PV26-T2C1-001 | C642: 1 | D642: SPBM-08520 | E642: =VLOOKUP(B642,'Element wise-detail Summary'!$A:$C,3,0) -> Zone-6 | F642: =VLOOKUP(B642,'AFC Data details'!$B:$B,1,0) -> AZ6-PV26-T2C1-001

Sheet Ere
A1: Date | B1: Element ID | C1: Ins.Qty | D1: Villa No | E1: Zone | F1: Element Check | G1: =SUBTOTAL(9,C:C) -> 581
A2: 45927 | B2: AMR-V17-T1C10-003 | C2: 1 | D2: =VLOOKUP(B2,'Element wise-detail Summary'!$A:$D,2,0) -> V17 | E2: =VLOOKUP(B2,'Element wise-detail Summary'!$A:$D,3,0) -> MOCKUP | F2: =VLOOKUP(B2,'AFC Data details'!$B:$B,1,0) -> AMR-V17-T1C10-003
A3: 45927 | B3: AMR-V17-T1C11-001 | C3: 1 | D3: =VLOOKUP(B3,'Element wise-detail Summary'!$A:$D,2,0) -> V17 | E3: =VLOOKUP(B3,'Element wise-detail Summary'!$A:$D,3,0) -> MOCKUP | F3: =VLOOKUP(B3,'AFC Data details'!$B:$B,1,0) -> AMR-V17-T1C11-001
A4: 45931 | B4: AMR-V17-T1C11-002 | C4: 1 | D4: =VLOOKUP(B4,'Element wise-detail Summary'!$A:$D,2,0) -> V17 | E4: =VLOOKUP(B4,'Element wise-detail Summary'!$A:$D,3,0) -> MOCKUP | F4: =VLOOKUP(B4,'AFC Data details'!$B:$B,1,0) -> AMR-V17-T1C11-002
A5: 45931 | B5: AMR-V17-T1C11-003 | C5: 1 | D5: =VLOOKUP(B5,'Element wise-detail Summary'!$A:$D,2,0) -> V17 | E5: =VLOOKUP(B5,'Element wise-detail Summary'!$A:$D,3,0) -> MOCKUP | F5: =VLOOKUP(B5,'AFC Data details'!$B:$B,1,0) -> AMR-V17-T1C11-003
A6: 45931 | B6: AMR-V17-T2C1-001 | C6: 1 | D6: =VLOOKUP(B6,'Element wise-detail Summary'!$A:$D,2,0) -> V17 | E6: =VLOOKUP(B6,'Element wise-detail Summary'!$A:$D,3,0) -> MOCKUP | F6: =VLOOKUP(B6,'AFC Data details'!$B:$B,1,0) -> AMR-V17-T2C1-001
A7: 45931 | B7: AMR-V17-T3C6-001 | C7: 1 | D7: =VLOOKUP(B7,'Element wise-detail Summary'!$A:$D,2,0) -> V17 | E7: =VLOOKUP(B7,'Element wise-detail Summary'!$A:$D,3,0) -> MOCKUP | F7: =VLOOKUP(B7,'AFC Data details'!$B:$B,1,0) -> AMR-V17-T3C6-001
A8: 45927 | B8: AMR-V17-T3C6-002 | C8: 1 | D8: =VLOOKUP(B8,'Element wise-detail Summary'!$A:$D,2,0) -> V17 | E8: =VLOOKUP(B8,'Element wise-detail Summary'!$A:$D,3,0) -> MOCKUP | F8: =VLOOKUP(B8,'AFC Data details'!$B:$B,1,0) -> AMR-V17-T3C6-002
A9: 45927 | B9: AMR-V17-T3C6-003 | C9: 1 | D9: =VLOOKUP(B9,'Element wise-detail Summary'!$A:$D,2,0) -> V17 | E9: =VLOOKUP(B9,'Element wise-detail Summary'!$A:$D,3,0) -> MOCKUP | F9: =VLOOKUP(B9,'AFC Data details'!$B:$B,1,0) -> AMR-V17-T3C6-003
A10: 45927 | B10: AMR-V18-T1C10-003 | C10: 1 | D10: =VLOOKUP(B10,'Element wise-detail Summary'!$A:$D,2,0) -> V18 | E10: =VLOOKUP(B10,'Element wise-detail Summary'!$A:$D,3,0) -> MOCKUP | F10: =VLOOKUP(B10,'AFC Data details'!$B:$B,1,0) -> AMR-V18-T1C10-003
A11: 45927 | B11: AMR-V18-T1C10-007 | C11: 1 | D11: =VLOOKUP(B11,'Element wise-detail Summary'!$A:$D,2,0) -> V18 | E11: =VLOOKUP(B11,'Element wise-detail Summary'!$A:$D,3,0) -> MOCKUP | F11: =VLOOKUP(B11,'AFC Data details'!$B:$B,1,0) -> AMR-V18-T1C10-007
A12: 45931 | B12: AMR-V18-T3C3-002 | C12: 1 | D12: =VLOOKUP(B12,'Element wise-detail Summary'!$A:$D,2,0) -> V18 | E12: =VLOOKUP(B12,'Element wise-detail Summary'!$A:$D,3,0) -> MOCKUP | F12: =VLOOKUP(B12,'AFC Data details'!$B:$B,1,0) -> AMR-V18-T3C3-002
A13: 45931 | B13: AMR-V18-T3C3-003 | C13: 1 | D13: =VLOOKUP(B13,'Element wise-detail Summary'!$A:$D,2,0) -> V18 | E13: =VLOOKUP(B13,'Element wise-detail Summary'!$A:$D,3,0) -> MOCKUP | F13: =VLOOKUP(B13,'AFC Data details'!$B:$B,1,0) -> AMR-V18-T3C3-003
... A109: 46000 | B109: AZ1-V27-T1C6-004 | C109: 1 | D109: =VLOOKUP(B109,'Element wise-detail Summary'!$A:$D,2,0) -> V27 | E109: =VLOOKUP(B109,'Element wise-detail Summary'!$A:$D,3,0) -> Zone-1 | F109: =VLOOKUP(B109,'AFC Data details'!$B:$B,1,0) -> AZ1-V27-T1C6-004
B110: AZ1-V19-T1C15S-002 | C110: 1 | D110: =VLOOKUP(B110,'Element wise-detail Summary'!$A:$D,2,0) -> V19 | E110: =VLOOKUP(B110,'Element wise-detail Summary'!$A:$D,3,0) -> Zone-1 | F110: =VLOOKUP(B110,'AFC Data details'!$B:$B,1,0) -> AZ1-V19-T1C15S-002
B111: AZ1-V19-T2C1-001 | C111: 1 | D111: =VLOOKUP(B111,'Element wise-detail Summary'!$A:$D,2,0) -> V19 | E111: =VLOOKUP(B111,'Element wise-detail Summary'!$A:$D,3,0) -> Zone-1 | F111: =VLOOKUP(B111,'AFC Data details'!$B:$B,1,0) -> AZ1-V19-T2C1-001
B112: AZ1-V31-T2C1-001 | C112: 1 | D112: =VLOOKUP(B112,'Element wise-detail Summary'!$A:$D,2,0) -> V31 | E112: =VLOOKUP(B112,'Element wise-detail Summary'!$A:$D,3,0) -> Zone-1 | F112: =VLOOKUP(B112,'AFC Data details'!$B:$B,1,0) -> AZ1-V31-T2C1-001
B113: AZ1-V20-T1C6-001 | C113: 1 | D113: =VLOOKUP(B113,'Element wise-detail Summary'!$A:$D,2,0) -> V20 | E113: =VLOOKUP(B113,'Element wise-detail Summary'!$A:$D,3,0) -> Zone-1 | F113: =VLOOKUP(B113,'AFC Data details'!$B:$B,1,0) -> AZ1-V20-T1C6-001
B114: AZ1-V20-T1C6-003 | C114: 1 | D114: =VLOOKUP(B114,'Element wise-detail Summary'!$A:$D,2,0) -> V20 | E114: =VLOOKUP(B114,'Element wise-detail Summary'!$A:$D,3,0) -> Zone-1 | F114: =VLOOKUP(B114,'AFC Data details'!$B:$B,1,0) -> AZ1-V20-T1C6-003
B115: AZ1-V20-T1C6-002 | C115: 1 | D115: =VLOOKUP(B115,'Element wise-detail Summary'!$A:$D,2,0) -> V20 | E115: =VLOOKUP(B115,'Element wise-detail Summary'!$A:$D,3,0) -> Zone-1 | F115: =VLOOKUP(B115,'AFC Data details'!$B:$B,1,0) -> AZ1-V20-T1C6-002
B116: AZ1-V21-T1C6-001 | C116: 1 | D116: =VLOOKUP(B116,'Element wise-detail Summary'!$A:$D,2,0) -> V21 | E116: =VLOOKUP(B116,'Element wise-detail Summary'!$A:$D,3,0) -> Zone-1 | F116: =VLOOKUP(B116,'AFC Data details'!$B:$B,1,0) -> AZ1-V21-T1C6-001
B117: AZ1-V22-T1C6-001 | C117: 1 | D117: =VLOOKUP(B117,'Element wise-detail Summary'!$A:$D,2,0) -> V22 | E117: =VLOOKUP(B117,'Element wise-detail Summary'!$A:$D,3,0) -> Zone-1 | F117: =VLOOKUP(B117,'AFC Data details'!$B:$B,1,0) -> AZ1-V22-T1C6-001
B118: AZ1-V22-T1C6-003 | C118: 1 | D118: =VLOOKUP(B118,'Element wise-detail Summary'!$A:$D,2,0) -> V22 | E118: =VLOOKUP(B118,'Element wise-detail Summary'!$A:$D,3,0) -> Zone-1 | F118: =VLOOKUP(B118,'AFC Data details'!$B:$B,1,0) -> AZ1-V22-T1C6-003
B119: AZ1-V23-T1C6-003 | C119: 1 | D119: =VLOOKUP(B119,'Element wise-detail Summary'!$A:$D,2,0) -> V23 | E119: =VLOOKUP(B119,'Element wise-detail Summary'!$A:$D,3,0) -> Zone-1 | F119: =VLOOKUP(B119,'AFC Data details'!$B:$B,1,0) -> AZ1-V23-T1C6-003
B120: AZ1-V22-T1C6-002 | C120: 1 | D120: =VLOOKUP(B120,'Element wise-detail Summary'!$A:$D,2,0) -> V22 | E120: =VLOOKUP(B120,'Element wise-detail Summary'!$A:$D,3,0) -> Zone-1 | F120: =VLOOKUP(B120,'AFC Data details'!$B:$B,1,0) -> AZ1-V22-T1C6-002
B121: AZ1-V20-T1C6-005 | C121: 1 | D121: =VLOOKUP(B121,'Element wise-detail Summary'!$A:$D,2,0) -> V20 | E121: =VLOOKUP(B121,'Element wise-detail Summary'!$A:$D,3,0) -> Zone-1 | F121: =VLOOKUP(B121,'AFC Data details'!$B:$B,1,0) -> AZ1-V20-T1C6-005
... B232: AZ2-V41-T1C6-001 | C232: 1 | D232: =VLOOKUP(B232,'Element wise-detail Summary'!$A:$D,2,0) -> V41 | E232: =VLOOKUP(B232,'Element wise-detail Summary'!$A:$D,3,0) -> Zone-2 | F232: =VLOOKUP(B232,'AFC Data details'!$B:$B,1,0) -> AZ2-V41-T1C6-001
B233: AZ2-V42-T3C1-001 | D233: =VLOOKUP(B233,'Element wise-detail Summary'!$A:$D,2,0) -> V42 | E233: =VLOOKUP(B233,'Element wise-detail Summary'!$A:$D,3,0) -> Zone-2 | F233: =VLOOKUP(B233,'AFC Data details'!$B:$B,1,0) -> AZ2-V42-T3C1-001
B234: AZ1-V19-T1C10-001 | C234: 1 | D234: =VLOOKUP(B234,'Element wise-detail Summary'!$A:$D,2,0) -> V19 | E234: =VLOOKUP(B234,'Element wise-detail Summary'!$A:$D,3,0) -> Zone-1 | F234: =VLOOKUP(B234,'AFC Data details'!$B:$B,1,0) -> AZ1-V19-T1C10-001
B235: AZ1-V19-T1C10-002 | C235: 1 | D235: =VLOOKUP(B235,'Element wise-detail Summary'!$A:$D,2,0) -> V19 | E235: =VLOOKUP(B235,'Element wise-detail Summary'!$A:$D,3,0) -> Zone-1 | F235: =VLOOKUP(B235,'AFC Data details'!$B:$B,1,0) -> AZ1-V19-T1C10-002
B236: AZ1-V19-T1C10-003 | C236: 1 | D236: =VLOOKUP(B236,'Element wise-detail Summary'!$A:$D,2,0) -> V19 | E236: =VLOOKUP(B236,'Element wise-detail Summary'!$A:$D,3,0) -> Zone-1 | F236: =VLOOKUP(B236,'AFC Data details'!$B:$B,1,0) -> AZ1-V19-T1C10-003
B237: AZ1-V19-T1C11-001 | C237: 1 | D237: =VLOOKUP(B237,'Element wise-detail Summary'!$A:$D,2,0) -> V19 | E237: =VLOOKUP(B237,'Element wise-detail Summary'!$A:$D,3,0) -> Zone-1 | F237: =VLOOKUP(B237,'AFC Data details'!$B:$B,1,0) -> AZ1-V19-T1C11-001
B238: AZ1-V19-T1C15S-001 | C238: 1 | D238: =VLOOKUP(B238,'Element wise-detail Summary'!$A:$D,2,0) -> V19 | E238: =VLOOKUP(B238,'Element wise-detail Summary'!$A:$D,3,0) -> Zone-1 | F238: =VLOOKUP(B238,'AFC Data details'!$B:$B,1,0) -> AZ1-V19-T1C15S-001
B239: AZ1-V19-T1C15S-003 | C239: 1 | D239: =VLOOKUP(B239,'Element wise-detail Summary'!$A:$D,2,0) -> V19 | E239: =VLOOKUP(B239,'Element wise-detail Summary'!$A:$D,3,0) -> Zone-1 | F239: =VLOOKUP(B239,'AFC Data details'!$B:$B,1,0) -> AZ1-V19-T1C15S-003
B240: AZ1-V19-T1C17-001 | C240: 1 | D240: =VLOOKUP(B240,'Element wise-detail Summary'!$A:$D,2,0) -> V19 | E240: =VLOOKUP(B240,'Element wise-detail Summary'!$A:$D,3,0) -> Zone-1 | F240: =VLOOKUP(B240,'AFC Data details'!$B:$B,1,0) -> AZ1-V19-T1C17-001
B241: AZ1-V19-T1C18-001 | C241: 1 | D241: =VLOOKUP(B241,'Element wise-detail Summary'!$A:$D,2,0) -> V19 | E241: =VLOOKUP(B241,'Element wise-detail Summary'!$A:$D,3,0) -> Zone-1 | F241: =VLOOKUP(B241,'AFC Data details'!$B:$B,1,0) -> AZ1-V19-T1C18-001
B242: AZ1-V19-T1C18-002 | C242: 1 | D242: =VLOOKUP(B242,'Element wise-detail Summary'!$A:$D,2,0) -> V19 | E242: =VLOOKUP(B242,'Element wise-detail Summary'!$A:$D,3,0) -> Zone-1 | F242: =VLOOKUP(B242,'AFC Data details'!$B:$B,1,0) -> AZ1-V19-T1C18-002
B243: AZ1-V19-T1C18-003 | C243: 1 | D243: =VLOOKUP(B243,'Element wise-detail Summary'!$A:$D,2,0) -> V19 | E243: =VLOOKUP(B243,'Element wise-detail Summary'!$A:$D,3,0) -> Zone-1 | F243: =VLOOKUP(B243,'AFC Data details'!$B:$B,1,0) -> AZ1-V19-T1C18-003
B244: AZ1-V19-T1C2-001 | C244: 1 | D244: =VLOOKUP(B244,'Element wise-detail Summary'!$A:$D,2,0) -> V19 | E244: =VLOOKUP(B244,'Element wise-detail Summary'!$A:$D,3,0) -> Zone-1 | F244: =VLOOKUP(B244,'AFC Data details'!$B:$B,1,0) -> AZ1-V19-T1C2-001
B245: AZ1-V19-T3C5-001 | C245: 1 | D245: =VLOOKUP(B245,'Element wise-detail Summary'!$A:$D,2,0) -> V19 | E245: =VLOOKUP(B245,'Element wise-detail Summary'!$A:$D,3,0) -> Zone-1 | F245: =VLOOKUP(B245,'AFC Data details'!$B:$B,1,0) -> AZ1-V19-T3C5-001
... B289: AZ4-V06-T3C3S-002 | C289: 1 | D289: =VLOOKUP(B289,'Element wise-detail Summary'!$A:$D,2,0) -> V06 | E289: =VLOOKUP(B289,'Element wise-detail Summary'!$A:$D,3,0) -> Zone-4 | F289: =VLOOKUP(B289,'AFC Data details'!$B:$B,1,0) -> AZ4-V06-T3C3S-002
B290: AZ4-V06-T3C3S-003 | D290: =VLOOKUP(B290,'Element wise-detail Summary'!$A:$D,2,0) -> V06 | E290: =VLOOKUP(B290,'Element wise-detail Summary'!$A:$D,3,0) -> Zone-4 | F290: =VLOOKUP(B290,'AFC Data details'!$B:$B,1,0) -> AZ4-V06-T3C3S-003
B291: AZ4-V07-T3C3S-001 | C291: 1 | D291: =VLOOKUP(B291,'Element wise-detail Summary'!$A:$D,2,0) -> V07 | E291: =VLOOKUP(B291,'Element wise-detail Summary'!$A:$D,3,0) -> Zone-4 | F291: =VLOOKUP(B291,'AFC Data details'!$B:$B,1,0) -> AZ4-V07-T3C3S-001
B292: AZ4-V07-T3C3S-002 | C292: 1 | D292: =VLOOKUP(B292,'Element wise-detail Summary'!$A:$D,2,0) -> V07 | E292: =VLOOKUP(B292,'Element wise-detail Summary'!$A:$D,3,0) -> Zone-4 | F292: =VLOOKUP(B292,'AFC Data details'!$B:$B,1,0) -> AZ4-V07-T3C3S-002
B293: AZ4-V07-T3C3S-004 | C293: 1 | D293: =VLOOKUP(B293,'Element wise-detail Summary'!$A:$D,2,0) -> V07 | E293: =VLOOKUP(B293,'Element wise-detail Summary'!$A:$D,3,0) -> Zone-4 | F293: =VLOOKUP(B293,'AFC Data details'!$B:$B,1,0) -> AZ4-V07-T3C3S-004
B294: AZ4-V07-T3C3S-003 | C294: 1 | D294: =VLOOKUP(B294,'Element wise-detail Summary'!$A:$D,2,0) -> V07 | E294: =VLOOKUP(B294,'Element wise-detail Summary'!$A:$D,3,0) -> Zone-4 | F294: =VLOOKUP(B294,'AFC Data details'!$B:$B,1,0) -> AZ4-V07-T3C3S-003
B295: AZ4-V07-T3C3S-005 | C295: 1 | D295: =VLOOKUP(B295,'Element wise-detail Summary'!$A:$D,2,0) -> V07 | E295: =VLOOKUP(B295,'Element wise-detail Summary'!$A:$D,3,0) -> Zone-4 | F295: =VLOOKUP(B295,'AFC Data details'!$B:$B,1,0) -> AZ4-V07-T3C3S-005
B296: AZ4-V08-T1C3S-001 | D296: =VLOOKUP(B296,'Element wise-detail Summary'!$A:$D,2,0) -> V08 | E296: =VLOOKUP(B296,'Element wise-detail Summary'!$A:$D,3,0) -> Zone-4 | F296: =VLOOKUP(B296,'AFC Data details'!$B:$B,1,0) -> AZ4-V08-T1C3S-001
B297: AZ4-V08-T3C3-001 | C297: 1 | D297: =VLOOKUP(B297,'Element wise-detail Summary'!$A:$D,2,0) -> V08 | E297: =VLOOKUP(B297,'Element wise-detail Summary'!$A:$D,3,0) -> Zone-4 | F297: =VLOOKUP(B297,'AFC Data details'!$B:$B,1,0) -> AZ4-V08-T3C3-001
B298: AZ4-V08-T3C3-002 | C298: 1 | D298: =VLOOKUP(B298,'Element wise-detail Summary'!$A:$D,2,0) -> V08 | E298: =VLOOKUP(B298,'Element wise-detail Summary'!$A:$D,3,0) -> Zone-4 | F298: =VLOOKUP(B298,'AFC Data details'!$B:$B,1,0) -> AZ4-V08-T3C3-002
B299: AZ4-V08-T3C3-003 | C299: 1 | D299: =VLOOKUP(B299,'Element wise-detail Summary'!$A:$D,2,0) -> V08 | E299: =VLOOKUP(B299,'Element wise-detail Summary'!$A:$D,3,0) -> Zone-4 | F299: =VLOOKUP(B299,'AFC Data details'!$B:$B,1,0) -> AZ4-V08-T3C3-003
B300: AZ4-V08-T3C3-004 | C300: 1 | D300: =VLOOKUP(B300,'Element wise-detail Summary'!$A:$D,2,0) -> V08 | E300: =VLOOKUP(B300,'Element wise-detail Summary'!$A:$D,3,0) -> Zone-4 | F300: =VLOOKUP(B300,'AFC Data details'!$B:$B,1,0) -> AZ4-V08-T3C3-004
B301: AZ4-V08-T3C3-005 | C301: 1 | D301: =VLOOKUP(B301,'Element wise-detail Summary'!$A:$D,2,0) -> V08 | E301: =VLOOKUP(B301,'Element wise-detail Summary'!$A:$D,3,0) -> Zone-4 | F301: =VLOOKUP(B301,'AFC Data details'!$B:$B,1,0) -> AZ4-V08-T3C3-005
B302: AZ4-V09-T1C2-001 | C302: 1 | D302: =VLOOKUP(B302,'Element wise-detail Summary'!$A:$D,2,0) -> V09 | E302: =VLOOKUP(B302,'Element wise-detail Summary'!$A:$D,3,0) -> Zone-4 | F302: =VLOOKUP(B302,'AFC Data details'!$B:$B,1,0) -> AZ4-V09-T1C2-001
B303: AZ4-V09-T3C6-001 | C303: 1 | D303: =VLOOKUP(B303,'Element wise-detail Summary'!$A:$D,2,0) -> V09 | E303: =VLOOKUP(B303,'Element wise-detail Summary'!$A:$D,3,0) -> Zone-4 | F303: =VLOOKUP(B303,'AFC Data details'!$B:$B,1,0) -> AZ4-V09-T3C6-001
B304: AZ4-V09-T3C6-002 | C304: 1 | D304: =VLOOKUP(B304,'Element wise-detail Summary'!$A:$D,2,0) -> V09 | E304: =VLOOKUP(B304,'Element wise-detail Summary'!$A:$D,3,0) -> Zone-4 | F304: =VLOOKUP(B304,'AFC Data details'!$B:$B,1,0) -> AZ4-V09-T3C6-002
B305: AZ4-V10-T3C4-001 | C305: 1 | D305: =VLOOKUP(B305,'Element wise-detail Summary'!$A:$D,2,0) -> V10 | E305: =VLOOKUP(B305,'Element wise-detail Summary'!$A:$D,3,0) -> Zone-4 | F305: =VLOOKUP(B305,'AFC Data details'!$B:$B,1,0) -> AZ4-V10-T3C4-001
B306: AZ4-V10-T3C5-001 | C306: 1 | D306: =VLOOKUP(B306,'Element wise-detail Summary'!$A:$D,2,0) -> V10 | E306: =VLOOKUP(B306,'Element wise-detail Summary'!$A:$D,3,0) -> Zone-4 | F306: =VLOOKUP(B306,'AFC Data details'!$B:$B,1,0) -> AZ4-V10-T3C5-001
B307: AZ4-V11-T3C6-001 | C307: 1 | D307: =VLOOKUP(B307,'Element wise-detail Summary'!$A:$D,2,0) -> V11 | E307: =VLOOKUP(B307,'Element wise-detail Summary'!$A:$D,3,0) -> Zone-4 | F307: =VLOOKUP(B307,'AFC Data details'!$B:$B,1,0) -> AZ4-V11-T3C6-001
B308: AZ4-V11-T3C6-002 | C308: 1 | D308: =VLOOKUP(B308,'Element wise-detail Summary'!$A:$D,2,0) -> V11 | E308: =VLOOKUP(B308,'Element wise-detail Summary'!$A:$D,3,0) -> Zone-4 | F308: =VLOOKUP(B308,'AFC Data details'!$B:$B,1,0) -> AZ4-V11-T3C6-002
... B314: AZ4-V14-T1C2-001 | C314: 1 | D314: =VLOOKUP(B314,'Element wise-detail Summary'!$A:$D,2,0) -> V14 | E314: =VLOOKUP(B314,'Element wise-detail Summary'!$A:$D,3,0) -> Zone-4 | F314: =VLOOKUP(B314,'AFC Data details'!$B:$B,1,0) -> AZ4-V14-T1C2-001
B315: AZ4-V14-T3C4-001 | D315: =VLOOKUP(B315,'Element wise-detail Summary'!$A:$D,2,0) -> V14 | E315: =VLOOKUP(B315,'Element wise-detail Summary'!$A:$D,3,0) -> Zone-4 | F315: =VLOOKUP(B315,'AFC Data details'!$B:$B,1,0) -> AZ4-V14-T3C4-001
B316: AZ4-V14-T3C5-001 | D316: =VLOOKUP(B316,'Element wise-detail Summary'!$A:$D,2,0) -> V14 | E316: =VLOOKUP(B316,'Element wise-detail Summary'!$A:$D,3,0) -> Zone-4 | F316: =VLOOKUP(B316,'AFC Data details'!$B:$B,1,0) -> AZ4-V14-T3C5-001
B317: AZ4-V15-T3C5-001 | C317: 1 | D317: =VLOOKUP(B317,'Element wise-detail Summary'!$A:$D,2,0) -> V15 | E317: =VLOOKUP(B317,'Element wise-detail Summary'!$A:$D,3,0) -> Zone-4 | F317: =VLOOKUP(B317,'AFC Data details'!$B:$B,1,0) -> AZ4-V15-T3C5-001
B318: AZ4-V15-T3C5-002 | D318: =VLOOKUP(B318,'Element wise-detail Summary'!$A:$D,2,0) -> V15 | E318: =VLOOKUP(B318,'Element wise-detail Summary'!$A:$D,3,0) -> Zone-4 | F318: =VLOOKUP(B318,'AFC Data details'!$B:$B,1,0) -> AZ4-V15-T3C5-002
B319: AZ4-V16-T1C2-001 | C319: 1 | D319: =VLOOKUP(B319,'Element wise-detail Summary'!$A:$D,2,0) -> V16 | E319: =VLOOKUP(B319,'Element wise-detail Summary'!$A:$D,3,0) -> Zone-4 | F319: =VLOOKUP(B319,'AFC Data details'!$B:$B,1,0) -> AZ4-V16-T1C2-001
B320: AZ4-V16-T1C13-001 | D320: =VLOOKUP(B320,'Element wise-detail Summary'!$A:$D,2,0) -> V16 | E320: =VLOOKUP(B320,'Element wise-detail Summary'!$A:$D,3,0) -> Zone-4 | F320: =VLOOKUP(B320,'AFC Data details'!$B:$B,1,0) -> AZ4-V16-T1C13-001
B321: AZ4-V16-T1C14-001 | D321: =VLOOKUP(B321,'Element wise-detail Summary'!$A:$D,2,0) -> V16 | E321: =VLOOKUP(B321,'Element wise-detail Summary'!$A:$D,3,0) -> Zone-4 | F321: =VLOOKUP(B321,'AFC Data details'!$B:$B,1,0) -> AZ4-V16-T1C14-001
B322: AZ4-V16-T3C4-001 | C322: 1 | D322: =VLOOKUP(B322,'Element wise-detail Summary'!$A:$D,2,0) -> V16 | E322: =VLOOKUP(B322,'Element wise-detail Summary'!$A:$D,3,0) -> Zone-4 | F322: =VLOOKUP(B322,'AFC Data details'!$B:$B,1,0) -> AZ4-V16-T3C4-001
B323: AZ4-V16-T3C4-002 | C323: 1 | D323: =VLOOKUP(B323,'Element wise-detail Summary'!$A:$D,2,0) -> V16 | E323: =VLOOKUP(B323,'Element wise-detail Summary'!$A:$D,3,0) -> Zone-4 | F323: =VLOOKUP(B323,'AFC Data details'!$B:$B,1,0) -> AZ4-V16-T3C4-002
B324: AZ4-V04-T1C6-001 | C324: 1 | D324: =VLOOKUP(B324,'Element wise-detail Summary'!$A:$D,2,0) -> V04 | E324: =VLOOKUP(B324,'Element wise-detail Summary'!$A:$D,3,0) -> Zone-4 | F324: =VLOOKUP(B324,'AFC Data details'!$B:$B,1,0) -> AZ4-V04-T1C6-001
B325: AZ4-V04-T1C6-002 | C325: 1 | D325: =VLOOKUP(B325,'Element wise-detail Summary'!$A:$D,2,0) -> V04 | E325: =VLOOKUP(B325,'Element wise-detail Summary'!$A:$D,3,0) -> Zone-4 | F325: =VLOOKUP(B325,'AFC Data details'!$B:$B,1,0) -> AZ4-V04-T1C6-002
B326: AZ4-V04-T1C6-003 | C326: 1 | D326: =VLOOKUP(B326,'Element wise-detail Summary'!$A:$D,2,0) -> V04 | E326: =VLOOKUP(B326,'Element wise-detail Summary'!$A:$D,3,0) -> Zone-4 | F326: =VLOOKUP(B326,'AFC Data details'!$B:$B,1,0) -> AZ4-V04-T1C6-003
B327: AZ4-V05-T1C6-002 | C327: 1 | D327: =VLOOKUP(B327,'Element wise-detail Summary'!$A:$D,2,0) -> V05 | E327: =VLOOKUP(B327,'Element wise-detail Summary'!$A:$D,3,0) -> Zone-4 | F327: =VLOOKUP(B327,'AFC Data details'!$B:$B,1,0) -> AZ4-V05-T1C6-002
B328: AZ4-V05-T1C6-003 | C328: 1 | D328: =VLOOKUP(B328,'Element wise-detail Summary'!$A:$D,2,0) -> V05 | E328: =VLOOKUP(B328,'Element wise-detail Summary'!$A:$D,3,0) -> Zone-4 | F328: =VLOOKUP(B328,'AFC Data details'!$B:$B,1,0) -> AZ4-V05-T1C6-003
B329: AZ4-V04-T1C6-004 | D329: =VLOOKUP(B329,'Element wise-detail Summary'!$A:$D,2,0) -> V04 | E329: =VLOOKUP(B329,'Element wise-detail Summary'!$A:$D,3,0) -> Zone-4 | F329: =VLOOKUP(B329,'AFC Data details'!$B:$B,1,0) -> AZ4-V04-T1C6-004
B330: AZ4-V04-T1C6-005 | C330: 1 | D330: =VLOOKUP(B330,'Element wise-detail Summary'!$A:$D,2,0) -> V04 | E330: =VLOOKUP(B330,'Element wise-detail Summary'!$A:$D,3,0) -> Zone-4 | F330: =VLOOKUP(B330,'AFC Data details'!$B:$B,1,0) -> AZ4-V04-T1C6-005
B331: AZ4-V05-T1C6-004 | C331: 1 | D331: =VLOOKUP(B331,'Element wise-detail Summary'!$A:$D,2,0) -> V05 | E331: =VLOOKUP(B331,'Element wise-detail Summary'!$A:$D,3,0) -> Zone-4 | F331: =VLOOKUP(B331,'AFC Data details'!$B:$B,1,0) -> AZ4-V05-T1C6-004
B332: AZ4-V05-T1C6-005 | C332: 1 | D332: =VLOOKUP(B332,'Element wise-detail Summary'!$A:$D,2,0) -> V05 | E332: =VLOOKUP(B332,'Element wise-detail Summary'!$A:$D,3,0) -> Zone-4 | F332: =VLOOKUP(B332,'AFC Data details'!$B:$B,1,0) -> AZ4-V05-T1C6-005
B333: AZ4-V04-T1C6-006 | C333: 1 | D333: =VLOOKUP(B333,'Element wise-detail Summary'!$A:$D,2,0) -> V04 | E333: =VLOOKUP(B333,'Element wise-detail Summary'!$A:$D,3,0) -> Zone-4 | F333: =VLOOKUP(B333,'AFC Data details'!$B:$B,1,0) -> AZ4-V04-T1C6-006
B334: AZ4-V04-T2C1-001 | C334: 1 | D334: =VLOOKUP(B334,'Element wise-detail Summary'!$A:$D,2,0) -> V04 | E334: =VLOOKUP(B334,'Element wise-detail Summary'!$A:$D,3,0) -> Zone-4 | F334: =VLOOKUP(B334,'AFC Data details'!$B:$B,1,0) -> AZ4-V04-T2C1-001
B335: AZ4-V05-T1C6-001 | C335: 1 | D335: =VLOOKUP(B335,'Element wise-detail Summary'!$A:$D,2,0) -> V05 | E335: =VLOOKUP(B335,'Element wise-detail Summary'!$A:$D,3,0) -> Zone-4 | F335: =VLOOKUP(B335,'AFC Data details'!$B:$B,1,0) -> AZ4-V05-T1C6-001
B336: AZ4-V05-T1C6-006 | C336: 1 | D336: =VLOOKUP(B336,'Element wise-detail Summary'!$A:$D,2,0) -> V05 | E336: =VLOOKUP(B336,'Element wise-detail Summary'!$A:$D,3,0) -> Zone-4 | F336: =VLOOKUP(B336,'AFC Data details'!$B:$B,1,0) -> AZ4-V05-T1C6-006
B337: AZ4-V06-T1C6-001 | C337: 1 | D337: =VLOOKUP(B337,'Element wise-detail Summary'!$A:$D,2,0) -> V06 | E337: =VLOOKUP(B337,'Element wise-detail Summary'!$A:$D,3,0) -> Zone-4 | F337: =VLOOKUP(B337,'AFC Data details'!$B:$B,1,0) -> AZ4-V06-T1C6-001
B338: AZ4-V06-T1C6-006 | D338: =VLOOKUP(B338,'Element wise-detail Summary'!$A:$D,2,0) -> V06 | E338: =VLOOKUP(B338,'Element wise-detail Summary'!$A:$D,3,0) -> Zone-4 | F338: =VLOOKUP(B338,'AFC Data details'!$B:$B,1,0) -> AZ4-V06-T1C6-006
B339: AZ4-V06-T2C1-001 | C339: 1 | D339: =VLOOKUP(B339,'Element wise-detail Summary'!$A:$D,2,0) -> V06 | E339: =VLOOKUP(B339,'Element wise-detail Summary'!$A:$D,3,0) -> Zone-4 | F339: =VLOOKUP(B339,'AFC Data details'!$B:$B,1,0) -> AZ4-V06-T2C1-001
B340: AZ4-V07-T1C6-001 | C340: 1 | D340: =VLOOKUP(B340,'Element wise-detail Summary'!$A:$D,2,0) -> V07 | E340: =VLOOKUP(B340,'Element wise-detail Summary'!$A:$D,3,0) -> Zone-4 | F340: =VLOOKUP(B340,'AFC Data details'!$B:$B,1,0) -> AZ4-V07-T1C6-001
B341: AZ4-V07-T1C6-006 | C341: 1 | D341: =VLOOKUP(B341,'Element wise-detail Summary'!$A:$D,2,0) -> V07 | E341: =VLOOKUP(B341,'Element wise-detail Summary'!$A:$D,3,0) -> Zone-4 | F341: =VLOOKUP(B341,'AFC Data details'!$B:$B,1,0) -> AZ4-V07-T1C6-006
B342: AZ4-V08-T1C6-001 | C342: 1 | D342: =VLOOKUP(B342,'Element wise-detail Summary'!$A:$D,2,0) -> V08 | E342: =VLOOKUP(B342,'Element wise-detail Summary'!$A:$D,3,0) -> Zone-4 | F342: =VLOOKUP(B342,'AFC Data details'!$B:$B,1,0) -> AZ4-V08-T1C6-001
B343: AZ4-V08-T1C6-002 | C343: 1 | D343: =VLOOKUP(B343,'Element wise-detail Summary'!$A:$D,2,0) -> V08 | E343: =VLOOKUP(B343,'Element wise-detail Summary'!$A:$D,3,0) -> Zone-4 | F343: =VLOOKUP(B343,'AFC Data details'!$B:$B,1,0) -> AZ4-V08-T1C6-002
B344: AZ4-V08-T1C6-003 | C344: 1 | D344: =VLOOKUP(B344,'Element wise-detail Summary'!$A:$D,2,0) -> V08 | E344: =VLOOKUP(B344,'Element wise-detail Summary'!$A:$D,3,0) -> Zone-4 | F344: =VLOOKUP(B344,'AFC Data details'!$B:$B,1,0) -> AZ4-V08-T1C6-003
B345: AZ4-V08-T1C6-004 | C345: 1 | D345: =VLOOKUP(B345,'Element wise-detail Summary'!$A:$D,2,0) -> V08 | E345: =VLOOKUP(B345,'Element wise-detail Summary'!$A:$D,3,0) -> Zone-4 | F345: =VLOOKUP(B345,'AFC Data details'!$B:$B,1,0) -> AZ4-V08-T1C6-004
B346: AZ4-V09-T1C6-002 | C346: 1 | D346: =VLOOKUP(B346,'Element wise-detail Summary'!$A:$D,2,0) -> V09 | E346: =VLOOKUP(B346,'Element wise-detail Summary'!$A:$D,3,0) -> Zone-4 | F346: =VLOOKUP(B346,'AFC Data details'!$B:$B,1,0) -> AZ4-V09-T1C6-002
B347: AZ4-V09-T1C6-003 | C347: 1 | D347: =VLOOKUP(B347,'Element wise-detail Summary'!$A:$D,2,0) -> V09 | E347: =VLOOKUP(B347,'Element wise-detail Summary'!$A:$D,3,0) -> Zone-4 | F347: =VLOOKUP(B347,'AFC Data details'!$B:$B,1,0) -> AZ4-V09-T1C6-003
B348: AZ4-V06-T1C6-002 | C348: 1 | D348: =VLOOKUP(B348,'Element wise-detail Summary'!$A:$D,2,0) -> V06 | E348: =VLOOKUP(B348,'Element wise-detail Summary'!$A:$D,3,0) -> Zone-4 | F348: =VLOOKUP(B348,'AFC Data details'!$B:$B,1,0) -> AZ4-V06-T1C6-002
B349: AZ4-V06-T1C6-003 | C349: 1 | D349: =VLOOKUP(B349,'Element wise-detail Summary'!$A:$D,2,0) -> V06 | E349: =VLOOKUP(B349,'Element wise-detail Summary'!$A:$D,3,0) -> Zone-4 | F349: =VLOOKUP(B349,'AFC Data details'!$B:$B,1,0) -> AZ4-V06-T1C6-003
B350: AZ4-V06-T1C6-004 | C350: 1 | D350: =VLOOKUP(B350,'Element wise-detail Summary'!$A:$D,2,0) -> V06 | E350: =VLOOKUP(B350,'Element wise-detail Summary'!$A:$D,3,0) -> Zone-4 | F350: =VLOOKUP(B350,'AFC Data details'!$B:$B,1,0) -> AZ4-V06-T1C6-004
... B367: AZ4-V12-T1C6-001 | C367: 1 | D367: =VLOOKUP(B367,'Element wise-detail Summary'!$A:$D,2,0) -> V12 | E367: =VLOOKUP(B367,'Element wise-detail Summary'!$A:$D,3,0) -> Zone-4 | F367: =VLOOKUP(B367,'AFC Data details'!$B:$B,1,0) -> AZ4-V12-T1C6-001
B368: AZ4-V12-T1C6-002 | D368: =VLOOKUP(B368,'Element wise-detail Summary'!$A:$D,2,0) -> V12 | E368: =VLOOKUP(B368,'Element wise-detail Summary'!$A:$D,3,0) -> Zone-4 | F368: =VLOOKUP(B368,'AFC Data details'!$B:$B,1,0) -> AZ4-V12-T1C6-002
B369: AZ4-V13-T1C6-001 | D369: =VLOOKUP(B369,'Element wise-detail Summary'!$A:$D,2,0) -> V13 | E369: =VLOOKUP(B369,'Element wise-detail Summary'!$A:$D,3,0) -> Zone-4 | F369: =VLOOKUP(B369,'AFC Data details'!$B:$B,1,0) -> AZ4-V13-T1C6-001
...

Sheet AFC Data details
A1: SR.NO | B1: ELEMENT ID | C1: QUANTITY | D1: Zone | E1: VILLA | F1: WIDTH | G1: HEIGHT | H1: THK | I1: TYPE | J1: FOOTING SIZE | K1: Remarks | L1: DIST.NO | M1: DWG ISSUE DATE | N1: REV | O1: REV DATE | P1: VOL | Q1: WT | R1: Planning check | S1: SB-RECESS | T1: BAY | U1: PALLET | V1: REMARK
A2: 1 | B2: AMR-V17-T1C10-001 | C2: 1 | D2: MOCKUP | E2: V17 | F2: 4480 | G2: 3140 | H2: 120 | I2: EF | J2: 250*1500*1150 | L2: 003 | M2: 45895 | N2: 1 | P2: 1.787 | Q2: 4.468 | R2: =IFERROR(VLOOKUP(B2,#REF!,1,0),0) -> 0
A3: 2 | B3: AMR-V17-T1C10-002 | C3: 1 | D3: MOCKUP | E3: V17 | F3: 4450 | G3: 3140 | H3: 120 | I3: EF | J3: 250*1500*1150 | L3: 003 | M3: 45895 | N3: 1 | P3: 1.779 | Q3: 4.448 | R3: =IFERROR(VLOOKUP(B3,#REF!,1,0),0) -> 0
A4: 3 | B4: AMR-V17-T1C10-003 | C4: 1 | D4: MOCKUP | E4: V17 | F4: 4450 | G4: 3140 | H4: 120 | I4: EF | J4: 250*1500*1150 | L4: 003 | M4: 45895 | N4: 1 | P4: 1.779 | Q4: 4.448 | R4: =IFERROR(VLOOKUP(B4,#REF!,1,0),0) -> 0
A5: 4 | B5: AMR-V17-T1C11-002 | C5: 1 | D5: MOCKUP | E5: V17 | F5: 4450 | G5: 3250 | H5: 120 | I5: EF | J5: 250*1500*1300 | L5: 003 | M5: 45895 | N5: 1 | P5: 1.894 | Q5: 4.735 | R5: =IFERROR(VLOOKUP(B5,#REF!,1,0),0) -> 0
A6: 5 | B6: AMR-V17-T1C11-001 | C6: 1 | D6: MOCKUP | E6: V17 | F6: 4450 | G6: 3250 | H6: 120 | I6: EF | J6: 250*1500*1300 | L6: 003 | M6: 45895 | N6: 1 | P6: 1.894 | Q6: 4.735 | R6: =IFERROR(VLOOKUP(B6,#REF!,1,0),0) -> 0
A7: 6 | B7: AMR-V17-T1C11-003 | C7: 1 | D7: MOCKUP | E7: V17 | F7: 4450 | G7: 3405 | H7: 120 | I7: EF | J7: 250*1500*1300 | L7: 003 | M7: 45895 | N7: 1 | P7: 1.977 | Q7: 4.943 | R7: =IFERROR(VLOOKUP(B7,#REF!,1,0),0) -> 0
A8: 7 | B8: AMR-V17-T1C12-001 | C8: 1 | D8: MOCKUP | E8: V17 | F8: 4450 | G8: 3530 | H8: 120 | I8: EF | J8: 250*1500*1550 | L8: 003 | M8: 45895 | N8: 1 | P8: 2.138 | Q8: 5.345 | R8: =IFERROR(VLOOKUP(B8,#REF!,1,0),0) -> 0
A9: 8 | B9: AMR-V17-T1C13-001 | C9: 1 | D9: MOCKUP | E9: V17 | F9: 5300 | G9: 2980 | H9: 120 | I9: EF | J9: 250*1600*1250 | L9: 003 | M9: 45895 | N9: 1 | P9: 1.991 | Q9: 4.978 | R9: =IFERROR(VLOOKUP(B9,#REF!,1,0),0) -> 0
A10: 9 | B10: AMR-V17-T1C16-001 | C10: 1 | D10: MOCKUP | E10: V17 | F10: 5770 | G10: 2980 | H10: 120 | I10: EF | J10: 250*2000*1150 | L10: 003 | M10: 45895 | N10: 1 | P10: 2.216 | Q10: 5.54 | R10: =IFERROR(VLOOKUP(B10,#REF!,1,0),0) -> 0
A11: 10 | B11: AMR-V17-T2C1-001 | C11: 1 | D11: MOCKUP | E11: V17 | F11: 4310 | G11: 2800 | H11: 120 | I11: CF | J11: 250*1200*1000 | L11: 007 | M11: 45895 | N11: 2 | O11: 45899 | P11: 1.413 | Q11: 3.533 | R11: =IFERROR(VLOOKUP(B11,#REF!,1,0),0) -> 0
A12: 11 | B12: AMR-V17-T3C6-001 | C12: 1 | D12: MOCKUP | E12: V17 | F12: 4925 | G12: 2380 | H12: 120 | I12: DEF | J12: 250*1000*1250 | L12: 003 | M12: 45895 | N12: 2 | P12: 1.69 | Q12: 4.225 | R12: =IFERROR(VLOOKUP(B12,#REF!,1,0),0) -> 0
A13: 12 | B13: AMR-V17-T3C6-002 | C13: 1 | D13: MOCKUP | E13: V17 | F13: 4925 | G13: 2380 | H13: 120 | I13: DEF | J13: 250*1000*1250 | L13: 003 | M13: 45895 | N13: 2 | P13: 1.69 | Q13: 4.225 | R13: =IFERROR(VLOOKUP(B13,#REF!,1,0),0) -> 0
A14: 13 | B14: AMR-V17-T3C6-003 | C14: 1 | D14: MOCKUP | E14: V17 | F14: 4920 | G14: 3580 | H14: 120 | I14: DEF | J14: 250*1000*1250 | L14: 003 | M14: 45895 | N14: 2 | P14: 1.862 | Q14: 4.655 | R14: =IFERROR(VLOOKUP(B14,#REF!,1,0),0) -> 0
A15: 14 | B15: AMR-V18-T1C3-001 | C15: 1 | D15: MOCKUP | E15: V18 | F15: 2400 | G15: 3580 | H15: 120 | I15: EFC | J15: 250*1000*1300 | L15: 003 | M15: 45895 | N15: 1 | P15: 1.251 | Q15: 3.128 | R15: =IFERROR(VLOOKUP(B15,#REF!,1,0),0) -> 0
A16: 15 | B16: AMR-V18-T1C10-001 | C16: 1 | D16: MOCKUP | E16: V18 | F16: 4315 | G16: 2860 | H16: 120 | I16: EF | J16: 250*1500*1150 | L16: 003 | M16: 45895 | N16: 1 | P16: 1.595 | Q16: 3.988 | R16: =IFERROR(VLOOKUP(B16,#REF!,1,0),0) -> 0
A17: 16 | B17: AMR-V18-T1C10-002 | C17: 1 | D17: MOCKUP | E17: V18 | F17: 4400 | G17: 2860 | H17: 120 | I17: EF | J17: 250*1500*1150 | L17: 003 | M17: 45895 | N17: 1 | P17: 1.617 | Q17: 4.043 | R17: =IFERROR(VLOOKUP(B17,#REF!,1,0),0) -> 0
A18: 17 | B18: AMR-V18-T1C10-003 | C18: 1 | D18: MOCKUP | E18: V18 | F18: 4400 | G18: 2860 | H18: 120 | I18: EF | J18: 250*1500*1150 | L18: 003 | M18: 45895 | N18: 1 | P18: 1.617 | Q18: 4.043 | R18: =IFERROR(VLOOKUP(B18,#REF!,1,0),0) -> 0
A19: 18 | B19: AMR-V18-T1C10-004 | C19: 1 | D19: MOCKUP | E19: V18 | F19: 4400 | G19: 2860 | H19: 120 | I19: EF | J19: 250*1500*1150 | L19: 003 | M19: 45895 | N19: 1 | P19: 1.617 | Q19: 4.043 | R19: =IFERROR(VLOOKUP(B19,#REF!,1,0),0) -> 0
A20: 19 | B20: AMR-V18-T1C10-005 | C20: 1 | D20: MOCKUP | E20: V18 | F20: 4400 | G20: 2860 | H20: 120 | I20: EF | J20: 250*1500*1150 | L20: 003 | M20: 45895 | N20: 1 | P20: 1.617 | Q20: 4.043 | R20: =IFERROR(VLOOKUP(B20,#REF!,1,0),0) -> 0
A21: 20 | B21: AMR-V18-T1C10-006 | C21: 1 | D21: MOCKUP | E21: V18 | F21: 4400 | G21: 2860 | H21: 120 | I21: EF | J21: 250*1500*1150 | L21: 003 | M21: 45895 | N21: 1 | P21: 1.617 | Q21: 4.043 | R21: =IFERROR(VLOOKUP(B21,#REF!,1,0),0) -> 0
A22: 21 | B22: AMR-V18-T1C10-007 | C22: 1 | D22: MOCKUP | E22: V18 | F22: 3525 | G22: 2860 | H22: 120 | I22: EF | J22: 250*1500*1150 | L22: 003 | M22: 45895 | N22: 1 | P22: 1.401 | Q22: 3.503 | R22: =IFERROR(VLOOKUP(B22,#REF!,1,0),0) -> 0
A23: 22 | B23: AMR-V18-T1C10-008 | C23: 1 | D23: MOCKUP | E23: V18 | F23: 3525 | G23: 2860 | H23: 120 | I23: EF | J23: 250*1500*1150 | L23: 003 | M23: 45895 | N23: 1 | P23: 1.401 | Q23: 3.503 | R23: =IFERROR(VLOOKUP(B23,#REF!,1,0),0) -> 0
... A43: 42 | B43: AZ1-V34-T1C2-001 | C43: 1 | D43: AZ1 | E43: V34 | F43: 2400 | G43: 3320 | H43: 120 | I43: EF | J43: 250*1000*1100 | L43: 001 | M43: 45898 | N43: 0 | P43: 1.066 | Q43: 2.665 | R43: =IFERROR(VLOOKUP(B43,#REF!,1,0),0) -> 0
A44: 43 | B44: AZ1-V19-T2C1-001 | C44: 1 | D44: AZ1 | E44: V19 | F44: 4310 | G44: 2810 | H44: 120 | I44: CFC | J44: 250*1200*1000 | L44: 001/'003 | M44: 45898 | N44: 1 | O44: 45899 | P44: 1.418 | Q44: 3.545 | R44: =IFERROR(VLOOKUP(B44,#REF!,1,0),0) -> 0
A45: 44 | B45: AZ1-V25-T2C1-001 | C45: 1 | D45: AZ1 | E45: V25 | F45: 4310 | G45: 2810 | H45: 120 | I45: CFC | J45: 250*1200*1000 | L45: 001/'003 | M45: 45898 | N45: 1 | O45: 45899 | P45: 1.418 | Q45: 3.545 | R45: =IFERROR(VLOOKUP(B45,#REF!,1,0),0) -> 0
A46: 45 | B46: AZ1-V31-T2C1-001 | C46: 1 | D46: AZ1 | E46: V31 | F46: 4310 | G46: 2810 | H46: 120 | I46: CFC | J46: 250*1200*1000 | L46: 001/'003 | M46: 45898 | N46: 1 | O46: 45899 | P46: 1.418 | Q46: 3.545 | R46: =IFERROR(VLOOKUP(B46,#REF!,1,0),0) -> 0
A47: 46 | B47: AZ1-V19-T3C5-001 | C47: 1 | D47: AZ1 | E47: V19 | F47: 5017 | G47: 3320 | H47: 120 | I47: DEF | J47: 250*1000*950 | L47: 001 | M47: 45898 | N47: 0 | P47: 1.574 | Q47: 3.935 | R47: =IFERROR(VLOOKUP(B47,#REF!,1,0),0) -> 0
A48: 47 | B48: AZ1-V20-T1C6-001 | C48: 1 | D48: AZ1 | E48: V20 | F48: 5220 | G48: 2940 | H48: 120 | I48: EF | J48: 250*2000*1250 | L48: 001 | M48: 45898 | N48: 0 | P48: 2.097 | Q48: 5.243 | R48: =IFERROR(VLOOKUP(B48,#REF!,1,0),0) -> 0
A49: 48 | B49: AZ1-V20-T1C6-003 | C49: 1 | D49: AZ1 | E49: V20 | F49: 5220 | G49: 2940 | H49: 120 | I49: EF | J49: 250*2000*1250 | L49: 001 | M49: 45898 | N49: 0 | P49: 2.097 | Q49: 5.243 | R49: =IFERROR(VLOOKUP(B49,#REF!,1,0),0) -> 0
A50: 49 | B50: AZ1-V21-T1C6-003 | C50: 1 | D50: AZ1 | E50: V21 | F50: 5220 | G50: 2940 | H50: 120 | I50: EF | J50: 250*2000*1250 | L50: 001 | M50: 45898 | N50: 0 | P50: 2.097 | Q50: 5.243 | R50: =IFERROR(VLOOKUP(B50,#REF!,1,0),0) -> 0
A51: 50 | B51: AZ1-V20-T1C6-002 | C51: 1 | D51: AZ1 | E51: V20 | F51: 5220 | G51: 2940 | H51: 120 | I51: EF | J51: 250*2000*1250 | L51: 001 | M51: 45898 | N51: 0 | P51: 2.097 | Q51: 5.243 | R51: =IFERROR(VLOOKUP(B51,#REF!,1,0),0) -> 0
A52: 51 | B52: AZ1-V21-T1C6-002 | C52: 1 | D52: AZ1 | E52: V21 | F52: 5220 | G52: 2940 | H52: 120 | I52: EF | J52: 250*2000*1250 | L52: 001 | M52: 45898 | N52: 0 | P52: 2.097 | Q52: 5.243 | R52: =IFERROR(VLOOKUP(B52,#REF!,1,0),0) -> 0
A53: 52 | B53: AZ1-V20-T3C5-001 | C53: 1 | D53: AZ1 | E53: V20 | F53: 4862 | G53: 3320 | H53: 120 | I53: DEF | J53: 250*1000*950 | L53: 001 | M53: 45898 | N53: 0 | P53: 1.55 | Q53: 3.875 | R53: =IFERROR(VLOOKUP(B53,#REF!,1,0),0) -> 0
A54: 53 | B54: AZ1-V20-T3C5-002 | C54: 1 | D54: AZ1 | E54: V20 | F54: 4863 | G54: 2120 | H54: 120 | I54: DEF | J54: 250*1000*950 | L54: 001 | M54: 45898 | N54: 0 | P54: 1.377 | Q54: 3.443 | R54: =IFERROR(VLOOKUP(B54,#REF!,1,0),0) -> 0
A55: 54 | B55: AZ1-V21-T1C1-001 | C55: 1 | D55: AZ1 | E55: V21 | F55: 2400 | G55: 3255 | H55: 120 | I55: EF | J55: 250*1000*1000 | L55: 001 | M55: 45898 | N55: 0 | P55: 1.023 | Q55: 2.558 | R55: =IFERROR(VLOOKUP(B55,#REF!,1,0),0) -> 0
A56: 55 | B56: AZ1-V21-T1C6-001 | C56: 1 | D56: AZ1 | E56: V21 | F56: 5220 | G56: 2940 | H56: 120 | I56: EF | J56: 250*2000*1250 | L56: 001 | M56: 45898 | N56: 0 | P56: 2.097 | Q56: 5.243 | R56: =IFERROR(VLOOKUP(B56,#REF!,1,0),0) -> 0
A57: 56 | B57: AZ1-V21-T2C1-001 | C57: 1 | D57: AZ1 | E57: V21 | F57: 4310 | G57: 2870 | H57: 120 | I57: CFC | J57: 250*1200*1000 | L57: 001/'003 | M57: 45898 | N57: 1 | O57: 45899 | P57: 1.449 | Q57: 3.623 | R57: =IFERROR(VLOOKUP(B57,#REF!,1,0),0) -> 0
A58: 57 | B58: AZ1-V21-T3C4-001 | C58: 1 | D58: AZ1 | E58: V21 | F58: 4862 | G58: 2055 | H58: 120 | I58: DEF | J58: 250*1000*900 | L58: 001 | M58: 45898 | N58: 0 | P58: 1.314 | Q58: 3.285 | R58: =IFERROR(VLOOKUP(B58,#REF!,1,0),0) -> 0
A59: 58 | B59: AZ1-V21-T3C4-002 | C59: 1 | D59: AZ1 | E59: V21 | F59: 4862 | G59: 3255 | H59: 120 | I59: DEF | J59: 250*1000*900 | L59: 001 | M59: 45898 | N59: 0 | P59: 1.487 | Q59: 3.718 | R59: =IFERROR(VLOOKUP(B59,#REF!,1,0),0) -> 0
A60: 59 | B60: AZ1-V22-T1C6-001 | C60: 1 | D60: AZ1 | E60: V22 | F60: 5220 | G60: 2930 | H60: 120 | I60: EF | J60: 250*2000*1250 | L60: 001 | M60: 45898 | N60: 0 | P60: 2.09 | Q60: 5.225 | R60: =IFERROR(VLOOKUP(B60,#REF!,1,0),0) -> 0
A61: 60 | B61: AZ1-V22-T1C6-003 | C61: 1 | D61: AZ1 | E61: V22 | F61: 5220 | G61: 2930 | H61: 120 | I61: EF | J61: 250*2000*1250 | L61: 001 | M61: 45898 | N61: 0 | P61: 2.09 | Q61: 5.225 | R61: =IFERROR(VLOOKUP(B61,#REF!,1,0),0) -> 0
A62: 61 | B62: AZ1-V23-T1C6-003 | C62: 1 | D62: AZ1 | E62: V23 | F62: 5220 | G62: 2930 | H62: 120 | I62: EF | J62: 250*2000*1250 | L62: 001 | M62: 45898 | N62: 0 | P62: 2.09 | Q62: 5.225 | R62: =IFERROR(VLOOKUP(B62,#REF!,1,0),0) -> 0
A63: 62 | B63: AZ1-V22-T1C6-002 | C63: 1 | D63: AZ1 | E63: V22 | F63: 5220 | G63: 2930 | H63: 120 | I63: EF | J63: 250*2000*1250 | L63: 001 | M63: 45898 | N63: 0 | P63: 2.09 | Q63: 5.225 | R63: =IFERROR(VLOOKUP(B63,#REF!,1,0),0) -> 0
A64: 63 | B64: AZ1-V23-T1C6-002 | C64: 1 | D64: AZ1 | E64: V23 | F64: 5220 | G64: 2930 | H64: 120 | I64: EF | J64: 250*2000*1250 | L64: 001 | M64: 45898 | N64: 0 | P64: 2.09 | Q64: 5.225 | R64: =IFERROR(VLOOKUP(B64,#REF!,1,0),0) -> 0
A65: 64 | B65: AZ1-V22-T1C6-005 | C65: 1 | D65: AZ1 | E65: V22 | F65: 5220 | G65: 2870 | H65: 120 | I65: EF | J65: 250*2000*1250 | L65: 001 | M65: 45898 | N65: 0 | P65: 2.053 | Q65: 5.133 | R65: =IFERROR(VLOOKUP(B65,#REF!,1,0),0) -> 0
A66: 65 | B66: AZ1-V23-T1C6-005 | C66: 1 | D66: AZ1 | E66: V23 | F66: 5220 | G66: 2870 | H66: 120 | I66: EF | J66: 250*2000*1250 | L66: 001 | M66: 45898 | N66: 0 | P66: 2.053 | Q66: 5.133 | R66: =IFERROR(VLOOKUP(B66,#REF!,1,0),0) -> 0
A67: 66 | B67: AZ1-V22-T1C6-004 | C67: 1 | D67: AZ1 | E67: V22 | F67: 5220 | G67: 2870 | H67: 120 | I67: EF | J67: 250*2000*1250 | L67: 001 | M67: 45898 | N67: 0 | P67: 2.053 | Q67: 5.133 | R67: =IFERROR(VLOOKUP(B67,#REF!,1,0),0) -> 0
A68: 67 | B68: AZ1-V23-T1C6-004 | C68: 1 | D68: AZ1 | E68: V23 | F68: 5220 | G68: 2870 | H68: 120 | I68: EF | J68: 250*2000*1250 | L68: 001 | M68: 45898 | N68: 0 | P68: 2.053 | Q68: 5.133 | R68: =IFERROR(VLOOKUP(B68,#REF!,1,0),0) -> 0
A69: 68 | B69: AZ1-V20-T1C6-005 | C69: 1 | D69: AZ1 | E69: V20 | F69: 5220 | G69: 2870 | H69: 120 | I69: EF | J69: 250*2000*1250 | L69: 001 | M69: 45898 | N69: 0 | P69: 2.053 | Q69: 5.133 | R69: =IFERROR(VLOOKUP(B69,#REF!,1,0),0) -> 0
... A79: 78 | B79: AZ1-V21-T1C6-006 | C79: 1 | D79: AZ1 | E79: V21 | F79: 5220 | G79: 2870 | H79: 120 | I79: EF | J79: 250*2000*1250 | L79: 001 | M79: 45898 | N79: 0 | P79: 2.053 | Q79: 5.133 | R79: =IFERROR(VLOOKUP(B79,#REF!,1,0),0) -> 0
A80: 79 | B80: AZ1-V23-T2C1-001 | C80: 1 | D80: AZ1 | E80: V23 | F80: 4310 | G80: 2800 | H80: 120 | I80: CF | J80: 250*1200*1000 | L80: 001/'003 | M80: 45898 | N80: 1 | O80: 45899 | P80: 1.413 | Q80: 3.533 | R80: =IFERROR(VLOOKUP(B80,#REF!,1,0),0) -> 0
A81: 80 | B81: AZ1-V27-T2C1-001 | C81: 1 | D81: AZ1 | E81: V27 | F81: 4310 | G81: 2800 | H81: 120 | I81: CF | J81: 250*1200*1000 | L81: 001/'003 | M81: 45898 | N81: 1 | O81: 45899 | P81: 1.413 | Q81: 3.533 | R81: =IFERROR(VLOOKUP(B81,#REF!,1,0),0) -> 0
A82: 81 | B82: AZ1-V33-T2C1-001 | C82: 1 | D82: AZ1 | E82: V33 | F82: 4310 | G82: 2800 | H82: 120 | I82: CF | J82: 250*1200*1000 | L82: 001/'003 | M82: 45898 | N82: 1 | O82: 45899 | P82: 1.413 | Q82: 3.533 | R82: =IFERROR(VLOOKUP(B82,#REF!,1,0),0) -> 0
A83: 82 | B83: AZ1-V23-T3C4-001 | C83: 1 | D83: AZ1 | E83: V23 | F83: 4862 | G83: 1965 | H83: 120 | I83: DEF | J83: 250*1000*900 | L83: 001 | M83: 45898 | N83: 0 | P83: 1.261 | Q83: 3.153 | R83: =IFERROR(VLOOKUP(B83,#REF!,1,0),0) -> 0
A84: 83 | B84: AZ1-V23-T3C4-002 | C84: 1 | D84: AZ1 | E84: V23 | F84: 4862 | G84: 3165 | H84: 120 | I84: DEF | J84: 250*1000*900 | L84: 001 | M84: 45898 | N84: 0 | P84: 1.434 | Q84: 3.585 | R84: =IFERROR(VLOOKUP(B84,#REF!,1,0),0) -> 0
A85: 84 | B85: AZ1-V24-T1C1-001 | C85: 1 | D85: AZ1 | E85: V24 | F85: 2400 | G85: 3165 | H85: 120 | I85: EF | J85: 250*1000*1000 | L85: 001 | M85: 45898 | N85: 0 | P85: 0.997 | Q85: 2.493 | R85: =IFERROR(VLOOKUP(B85,#REF!,1,0),0) -> 0
A86: 85 | B86: AZ1-V24-T1C6-001 | C86: 1 | D86: AZ1 | E86: V24 | F86: 5220 | G86: 2885 | H86: 120 | I86: EF | J86: 250*2000*1250 | L86: 001 | M86: 45898 | N86: 0 | P86: 2.062 | Q86: 5.155 | R86: =IFERROR(VLOOKUP(B86,#REF!,1,0),0) -> 0
A87: 86 | B87: AZ1-V24-T1C6-003 | C87: 1 | D87: AZ1 | E87: V24 | F87: 5220 | G87: 2885 | H87: 120 | I87: EF | J87: 250*2000*1250 | L87: 001 | M87: 45898 | N87: 0 | P87: 2.062 | Q87: 5.155 | R87: =IFERROR(VLOOKUP(B87,#REF!,1,0),0) -> 0
A88: 87 | B88: AZ1-V25-T1C6-003 | C88: 1 | D88: AZ1 | E88: V25 | F88: 5220 | G88: 2885 | H88: 120 | I88: EF | J88: 250*2000*1250 | L88: 001 | M88: 45898 | N88: 0 | P88: 2.062 | Q88: 5.155 | R88: =IFERROR(VLOOKUP(B88,#REF!,1,0),0) -> 0
A89: 88 | B89: AZ1-V24-T1C6-002 | C89: 1 | D89: AZ1 | E89: V24 | F89: 5220 | G89: 2885 | H89: 120 | I89: EF | J89: 250*2000*1250 | L89: 001 | M89: 45898 | N89: 0 | P89: 2.062 | Q89: 5.155 | R89: =IFERROR(VLOOKUP(B89,#REF!,1,0),0) -> 0
A90: 89 | B90: AZ1-V25-T1C6-002 | C90: 1 | D90: AZ1 | E90: V25 | F90: 5220 | G90: 2885 | H90: 120 | I90: EF | J90: 250*2000*1250 | L90: 001 | M90: 45898 | N90: 0 | P90: 2.062 | Q90: 5.155 | R90: =IFERROR(VLOOKUP(B90,#REF!,1,0),0) -> 0
A91: 90 | B91: AZ1-V24-T1C6-005 | C91: 1 | D91: AZ1 | E91: V24 | F91: 5220 | G91: 2810 | H91: 120 | I91: EF | J91: 250*2000*1250 | L91: 001 | M91: 45898 | N91: 0 | P91: 2.015 | Q91: 5.038 | R91: =IFERROR(VLOOKUP(B91,#REF!,1,0),0) -> 0
A92: 91 | B92: AZ1-V25-T1C6-005 | C92: 1 | D92: AZ1 | E92: V25 | F92: 5220 | G92: 2810 | H92: 120 | I92: EF | J92: 250*2000*1250 | L92: 001 | M92: 45898 | N92: 0 | P92: 2.015 | Q92: 5.038 | R92: =IFERROR(VLOOKUP(B92,#REF!,1,0),0) -> 0
A93: 92 | B93: AZ1-V24-T1C6-004 | C93: 1 | D93: AZ1 | E93: V24 | F93: 5220 | G93: 2810 | H93: 120 | I93: EF | J93: 250*2000*1250 | L93: 001 | M93: 45898 | N93: 0 | P93: 2.015 | Q93: 5.038 | R93: =IFERROR(VLOOKUP(B93,#REF!,1,0),0) -> 0
A94: 93 | B94: AZ1-V25-T1C6-004 | C94: 1 | D94: AZ1 | E94: V25 | F94: 5220 | G94: 2810 | H94: 120 | I94: EF | J94: 250*2000*1250 | L94: 001 | M94: 45898 | N94: 0 | P94: 2.015 | Q94: 5.038 | R94: =IFERROR(VLOOKUP(B94,#REF!,1,0),0) -> 0
... A122: 121 | B122: AZ1-V29-T1C6-001 | C122: 1 | D122: AZ1 | E122: V29 | F122: 5220 | G122: 2915 | H122: 120 | I122: EF | J122: 250*2000*1250 | L122: 001 | M122: 45898 | N122: 0 | P122: 2.081 | Q122: 5.203 | R122: =IFERROR(VLOOKUP(B122,#REF!,1,0),0) -> 0
A123: 122 | B123: AZ1-V29-T2C1-001 | C123: 1 | D123: AZ1 | E123: V29 | F123: 4310 | G123: 2860 | H123: 120 | I123: CF | J123: 250*1200*1000 | L123: 001/'003 | M123: 45898 | N123: 1 | O123: 45899 | P123: 1.444 | Q123: 3.61 | R123: =IFERROR(VLOOKUP(B123,#REF!,1,0),0) -> 0
A124: 123 | B124: AZ1-V29-T3C5-001 | C124: 1 | D124: AZ1 | E124: V29 | F124: 4862 | G124: 2155 | H124: 120 | I124: DEF | J124: 250*1000*950 | L124: 001 | M124: 45898 | N124: 0 | P124: 1.397 | Q124: 3.493 | R124: =IFERROR(VLOOKUP(B124,#REF!,1,0),0) -> 0
A125: 124 | B125: AZ1-V29-T3C5-002 | C125: 1 | D125: AZ1 | E125: V29 | F125: 4862 | G125: 3355 | H125: 120 | I125: DEF | J125: 250*1000*950 | L125: 001 | M125: 45898 | N125: 0 | P125: 1.57 | Q125: 3.925 | R125: =IFERROR(VLOOKUP(B125,#REF!,1,0),0) -> 0
A126: 125 | B126: AZ1-V30-T1C6-001 | C126: 1 | D126: AZ1 | E126: V30 | F126: 5220 | G126: 2935 | H126: 120 | I126: EF | J126: 250*2000*1250 | L126: 001 | M126: 45898 | N126: 0 | P126: 2.094 | Q126: 5.235 | R126: =IFERROR(VLOOKUP(B126,#REF!,1,0),0) -> 0
A127: 126 | B127: AZ1-V26-T1C6-001 | C127: 1 | D127: AZ1 | E127: V26 | F127: 5220 | G127: 2935 | H127: 120 | I127: EF | J127: 250*2000*1250 | L127: 001 | M127: 45898 | N127: 0 | P127: 2.094 | Q127: 5.235 | R127: =IFERROR(VLOOKUP(B127,#REF!,1,0),0) -> 0
A128: 127 | B128: AZ1-V30-T1C6-003 | C128: 1 | D128: AZ1 | E128: V30 | F128: 5220 | G128: 2935 | H128: 120 | I128: EF | J128: 250*2000*1250 | L128: 001 | M128: 45898 | N128: 0 | P128: 2.094 | Q128: 5.235 | R128: =IFERROR(VLOOKUP(B128,#REF!,1,0),0) -> 0
A129: 128 | B129: AZ1-V31-T1C6-003 | C129: 1 | D129: AZ1 | E129: V31 | F129: 5220 | G129: 2935 | H129: 120 | I129: EF | J129: 250*2000*1250 | L129: 001 | M129: 45898 | N129: 0 | P129: 2.094 | Q129: 5.235 | R129: =IFERROR(VLOOKUP(B129,#REF!,1,0),0) -> 0
A130: 129 | B130: AZ1-V30-T1C6-002 | C130: 1 | D130: AZ1 | E130: V30 | F130: 5220 | G130: 2935 | H130: 120 | I130: EF | J130: 250*2000*1250 | L130: 001 | M130: 45898 | N130: 0 | P130: 2.094 | Q130: 5.235 | R130: =IFERROR(VLOOKUP(B130,#REF!,1,0),0) -> 0
A131: 130 | B131: AZ1-V31-T1C6-002 | C131: 1 | D131: AZ1 | E131: V31 | F131: 5220 | G131: 2935 | H131: 120 | I131: EF | J131: 250*2000*1250 | L131: 001 | M131: 45898 | N131: 0 | P131: 2.094 | Q131: 5.235 | R131: =IFERROR(VLOOKUP(B131,#REF!,1,0),0) -> 0
A132: 131 | B132: AZ1-V26-T1C6-003 | C132: 1 | D132: AZ1 | E132: V26 | F132: 5220 | G132: 2935 | H132: 120 | I132: EF | J132: 250*2000*1250 | L132: 001 | M132: 45898 | N132: 0 | P132: 2.094 | Q132: 5.235 | R132: =IFERROR(VLOOKUP(B132,#REF!,1,0),0) -> 0
A133: 132 | B133: AZ1-V27-T1C6-003 | C133: 1 | D133: AZ1 | E133: V27 | F133: 5220 | G133: 2935 | H133: 120 | I133: EF | J133: 250*2000*1250 | L133: 001 | M133: 45898 | N133: 0 | P133: 2.094 | Q133: 5.235 | R133: =IFERROR(VLOOKUP(B133,#REF!,1,0),0) -> 0
A134: 133 | B134: AZ1-V26-T1C6-002 | C134: 1 | D134: AZ1 | E134: V26 | F134: 5220 | G134: 2935 | H134: 120 | I134: EF | J134: 250*2000*1250 | L134: 001 | M134: 45898 | N134: 0 | P134: 2.094 | Q134: 5.235 | R134: =IFERROR(VLOOKUP(B134,#REF!,1,0),0) -> 0
A135: 134 | B135: AZ1-V27-T1C6-002 | C135: 1 | D135: AZ1 | E135: V27 | F135: 5220 | G135: 2935 | H135: 120 | I135: EF | J135: 250*2000*1250 | L135: 001 | M135: 45898 | N135: 0 | P135: 2.094 | Q135: 5.235 | R135: =IFERROR(VLOOKUP(B135,#REF!,1,0),0) -> 0
... A367: 366 | B367: AZ3-V54-T3C5-003 | C367: 1 | D367: AZ3 | E367: V54 | F367: 4165 | G367: 3380 | H367: 120 | I367: DEF | J367: 250*1000*950 | L367: 002 | M367: 45913 | N367: 0 | P367: 1.469 | Q367: 3.673 | R367: =IFERROR(VLOOKUP(B367,#REF!,1,0),0) -> 0
A368: 367 | B368: AZ4-V03-T3C4-002 | C368: 1 | D368: AZ4 | E368: V03 | F368: 4690 | G368: 2190 | H368: 120 | I368: DEF | J368: 1000*900*250 | M368: 45940 | N368: 0 | P368: 1.364 | Q368: 3.41 | R368: =IFERROR(VLOOKUP(B368,#REF!,1,0),0) -> 0
A369: 368 | B369: AZ4-V03-T3C5-001 | C369: 1 | D369: AZ4 | E369: V03 | F369: 4687 | G369: 2190 | H369: 120 | I369: DEF | J369: 1000*950*250 | M369: 45940 | N369: 0 | P369: 1.388 | Q369: 3.47 | R369: =IFERROR(VLOOKUP(B369,#REF!,1,0),0) -> 0
A370: 369 | B370: AZ4-V04-T1C2-001 | C370: 1 | D370: AZ4 | E370: V04 | F370: 2400 | G370: 3520 | H370: 120 | I370: SEF | J370: 1000*1100*250 | M370: 45940 | N370: 0 | P370: 1.124 | Q370: 2.81 | R370: =IFERROR(VLOOKUP(B370,#REF!,1,0),0) -> 0
A371: 370 | B371: AZ4-V04-T3C6-001 | C371: 1 | D371: AZ4 | E371: V04 | F371: 4687 | G371: 2320 | H371: 120 | I371: DEF | J371: 1000*1250*250 | M371: 45940 | N371: 0 | P371: 1.611 | Q371: 4.028 | R371: =IFERROR(VLOOKUP(B371,#REF!,1,0),0) -> 0
A372: 371 | B372: AZ4-V04-T3C6-002 | C372: 1 | D372: AZ4 | E372: V04 | F372: 4690 | G372: 2580 | H372: 120 | I372: DEF | J372: 1000*1250*250 | M372: 45940 | N372: 0 | P372: 1.758 | Q372: 4.395 | R372: =IFERROR(VLOOKUP(B372,#REF!,1,0),0) -> 0
A373: 372 | B373: AZ4-V04-T3C6S-001 | C373: 1 | D373: AZ4 | E373: V04 | F373: 4690 | G373: 3780 | H373: 120 | I373: DEF | J373: 1200*1300*250 | K373: STEP | M373: 45940 | N373: 0 | P373: 2.256 | Q373: 5.64 | R373: =IFERROR(VLOOKUP(B373,#REF!,1,0),0) -> 0
A374: 373 | B374: AZ4-V05-T3C3-001 | C374: 1 | D374: AZ4 | E374: V05 | F374: 3765 | G374: 3915 | H374: 120 | I374: SEF | J374: 1500*1300*250 | K374: STEP | M374: 45940 | N374: 0 | P374: 1.594 | Q374: 3.985 | R374: =IFERROR(VLOOKUP(B374,#REF!,1,0),0) -> 0
A375: 374 | B375: AZ4-V05-T3C3-002 | C375: 1 | D375: AZ4 | E375: V05 | F375: 3780 | G375: 2325 | H375: 120 | I375: SEF | J375: 1500*1300*250 | K375: STEP | M375: 45940 | N375: 0 | P375: 1.368 | Q375: 3.42 | R375: =IFERROR(VLOOKUP(B375,#REF!,1,0),0) -> 0
A376: 375 | B376: AZ4-V05-T3C3-003 | C376: 1 | D376: AZ4 | E376: V05 | F376: 3780 | G376: 2465 | H376: 120 | I376: SEF | J376: 1500*1300*250 | K376: STEP | M376: 45940 | N376: 0 | P376: 1.431 | Q376: 3.578 | R376: =IFERROR(VLOOKUP(B376,#REF!,1,0),0) -> 0
A377: 376 | B377: AZ4-V05-T3C3-004 | C377: 1 | D377: AZ4 | E377: V05 | F377: 3780 | G377: 2465 | H377: 120 | I377: SEF | J377: 1500*1300*250 | K377: STEP | M377: 45940 | N377: 0 | P377: 1.431 | Q377: 3.578 | R377: =IFERROR(VLOOKUP(B377,#REF!,1,0),0) -> 0
A378: 377 | B378: AZ4-V06-T1C3-001 | C378: 1 | D378: AZ4 | E378: V06 | F378: 2400 | G378: 3815 | H378: 120 | I378: SEF | J378: 1000*1300*250 | K378: STEP | M378: 45940 | N378: 0 | P378: 1.423 | Q378: 3.558 | R378: =IFERROR(VLOOKUP(B378,#REF!,1,0),0) -> 0
A379: 378 | B379: AZ4-V06-T3C3-001 | C379: 1 | D379: AZ4 | E379: V06 | F379: 3760 | G379: 2615 | H379: 120 | I379: SEF | J379: 1500*1300*250 | K379: STEP | M379: 45940 | N379: 0 | P379: 1.495 | Q379: 3.738 | R379: =IFERROR(VLOOKUP(B379,#REF!,1,0),0) -> 0
A380: 379 | B380: AZ4-V06-T3C3S-001 | C380: 1 | D380: AZ4 | E380: V06 | F380: 3770 | G380: 2615 | H380: 120 | I380: SEF | J380: 1600*1500*250 | K380: STEP | M380: 45940 | N380: 0 | P380: 1.631 | Q380: 4.078 | R380: =IFERROR(VLOOKUP(B380,#REF!,1,0),0) -> 0
A381: 380 | B381: AZ4-V06-T3C3S-002 | C381: 1 | D381: AZ4 | E381: V06 | F381: 3770 | G381: 2750 | H381: 120 | I381: SEF | J381: 1600*1500*250 | K381: STEP | M381: 45940 | N381: 0 | P381: 1.693 | Q381: 4.233 | R381: =IFERROR(VLOOKUP(B381,#REF!,1,0),0) -> 0
A382: 381 | B382: AZ4-V06-T3C3S-003 | C382: 1 | D382: AZ4 | E382: V06 | F382: 3770 | G382: 2750 | H382: 120 | I382: SEF | J382: 1600*1500*250 | K382: STEP | M382: 45940 | N382: 0 | P382: 1.856 | Q382: 4.64 | R382: =IFERROR(VLOOKUP(B382,#REF!,1,0),0) -> 0
A383: 382 | B383: AZ4-V07-T3C3S-001 | C383: 1 | D383: AZ4 | E383: V07 | F383: 3810 | G383: 4050 | H383: 120 | I383: SEF | J383: 1600*1500*250 | K383: STEP | M383: 45940 | N383: 0 | P383: 1.855 | Q383: 4.638 | R383: =IFERROR(VLOOKUP(B383,#REF!,1,0),0) -> 0
A384: 383 | B384: AZ4-V07-T3C3S-002 | C384: 1 | D384: AZ4 | E384: V07 | F384: 3813 | G384: 2670 | H384: 120 | I384: SEF | J384: 1600*1500*250 | K384: STEP | M384: 45940 | N384: 0 | P384: 1.657 | Q384: 4.143 | R384: =IFERROR(VLOOKUP(B384,#REF!,1,0),0) -> 0
... A393: 392 | B393: AZ4-V08-T3C3-005 | C393: 1 | D393: AZ4 | E393: V08 | F393: 3627 | G393: 2395 | H393: 120 | I393: SEF | J393: 1500*1300*250 | K393: STEP | M393: 45940 | N393: 0 | P393: 1.569 | Q393: 3.923 | R393: =IFERROR(VLOOKUP(B393,#REF!,1,0),0) -> 0
A394: 393 | B394: AZ4-V09-T1C2-001 | C394: 1 | D394: AZ4 | E394: V09 | F394: 2400 | G394: 3580 | H394: 120 | I394: SEF | J394: 1000*1100*250 | M394: 45940 | N394: 0 | P394: 1.141 | Q394: 2.853 | R394: =IFERROR(VLOOKUP(B394,#REF!,1,0),0) -> 0
...
